symbol,ticker,company_name,industry_constituent,market_cap,sector,industry,meta_updated_at,date,open,high,low,close,prev_close,pct_change,volume,avg_volume_20,unusual_volume_ratio,volatility_20d_pct,move_vs_vol
360ONE,360ONE.NS,360 ONE WAM Ltd.,Financial Services,417075101696.0,Financial Services,Asset Management,2026-03-14,2026-03-16,1025.0,1038.9000244140625,1010.2999877929688,1022.9000244140625,1027.4000244140625,-0.43799882159496484,331156.0,739369.9,0.44788947994772305,1.4804805680598494,0.29584908511764973
3MINDIA,3MINDIA.NS,3M India Ltd.,Diversified,371578339328.0,Industrials,Conglomerates,2026-03-14,2026-03-16,32985.0,33100.0,32005.0,32970.0,32985.0,-0.045475216007273556,7965.0,4225.05,1.8851847907125359,2.2351140429457983,0.020345814635632144
ABB,ABB.NS,ABB India Ltd.,Capital Goods,1354702913536.0,Industrials,Specialty Industrial Machinery,2026-03-14,2026-03-16,6400.0,6417.0,6162.5,6218.0,6392.5,-2.729761439186551,371083.0,603801.75,0.6145775496675854,2.176179434640954,1.254382518157071
ACC,ACC.NS,ACC Ltd.,Construction Materials,258470395904.0,Basic Materials,Building Materials,2026-03-14,2026-03-16,1377.0,1386.0999755859375,1361.800048828125,1373.199951171875,1376.4000244140625,-0.23249587223378443,278228.0,180240.9,1.5436451992860667,1.3406581220079392,0.17341920987698878
ACMESOLAR,ACMESOLAR.NS,ACME Solar Holdings Ltd.,Power,154892451840.0,Utilities,Utilities - Renewable,2026-03-14,2026-03-16,255.4499969482422,260.0,242.0,244.88999938964844,255.61000061035156,-4.193889595518819,2067931.0,1269210.9,1.6293044757179442,2.775479514591143,1.5110504593785923
AIAENG,AIAENG.NS,AIA Engineering Ltd.,Capital Goods,342047162368.0,Industrials,Specialty Industrial Machinery,2026-03-14,2026-03-16,3650.0,3711.60009765625,3593.199951171875,3665.60009765625,3665.300048828125,0.008186200969295676,35375.0,40608.6,0.871120895573844,2.041330827162033,0.0040102274753164675
APLAPOLLO,APLAPOLLO.NS,APL Apollo Tubes Ltd.,Capital Goods,536852168704.0,Basic Materials,Steel,2026-03-14,2026-03-16,1921.5999755859375,1937.699951171875,1872.0999755859375,1893.699951171875,1933.199951171875,-2.0432444132877037,667915.0,693201.05,0.9635227759680975,1.8069227102626415,1.1307868353653667
AUBANK,AUBANK.NS,AU Small Finance Bank Ltd.,Financial Services,660769275904.0,Financial Services,Banks - Regional,2026-03-14,2026-03-16,880.5999755859375,899.2999877929688,868.75,885.2999877929688,884.3499755859375,0.107424914712273,1859379.0,3873334.75,0.4800460378489104,2.0776285919699253,0.05170554310210804
AWL,AWL.NS,AWL Agri Business Ltd.,Fast Moving Consumer Goods,224130220032.0,Consumer Defensive,Packaged Foods,2026-03-14,2026-03-16,173.0,175.9600067138672,171.19000244140625,172.3000030517578,172.88999938964844,-0.3412553299632637,2928899.0,3936594.45,0.7440184751568707,1.3280306843548728,0.25696343765508534
AADHARHFC,AADHARHFC.NS,Aadhar Housing Finance Ltd.,Financial Services,199803944960.0,Financial Services,Mortgage Finance,2026-03-14,2026-03-16,457.95001220703125,481.79998779296875,451.25,478.75,459.75,4.132680804785216,429398.0,581393.35,0.738567099193687,2.5241416497911393,1.6372618411201985
AARTIIND,AARTIIND.NS,Aarti Industries Ltd.,Chemicals,152792727552.0,Basic Materials,Specialty Chemicals,2026-03-14,2026-03-16,420.95001220703125,429.3500061035156,412.6499938964844,425.1499938964844,420.75,1.0457501833593286,1349200.0,870293.65,1.5502813332028793,2.562916551090592,0.4080313043802901
AAVAS,AAVAS.NS,Aavas Financiers Ltd.,Financial Services,92638658560.0,Financial Services,Mortgage Finance,2026-03-14,2026-03-16,1159.5,1164.300048828125,1121.0,1128.0999755859375,1169.800048828125,-3.564718028859848,321121.0,206907.15,1.552005331860209,1.468136789199647,2.4280557881824825
ABBOTINDIA,ABBOTINDIA.NS,Abbott India Ltd.,Healthcare,572881174528.0,Healthcare,Drug Manufacturers - Specialty & Generic,2026-03-14,2026-03-16,27045.0,27090.0,26605.0,26670.0,26960.0,-1.0756676557863498,9442.0,8313.35,1.1357635610193242,1.2759925814748392,0.8430046313772871
ACE,ACE.NS,Action Construction Equipment Ltd.,Capital Goods,100044587008.0,Industrials,Farm & Heavy Construction Machinery,2026-03-14,2026-03-16,839.9500122070312,839.9500122070312,810.1500244140625,817.2999877929688,840.5499877929688,-2.7660460814528665,236737.0,191814.15,1.2341998752438232,1.916515529386824,1.443268285093335
ADANIENSOL,ADANIENSOL.NS,Adani Energy Solutions Ltd.,Power,1194237231104.0,Utilities,Utilities - Independent Power Producers,2026-03-14,2026-03-16,987.5,1014.2999877929688,969.9000244140625,996.5,992.2999877929688,0.42326033041406586,1627893.0,1356140.15,1.2003869954001436,2.079278421174249,0.20356116146053896
ADANIENT,ADANIENT.NS,Adani Enterprises Ltd.,Metals & Mining,2670887436288.0,Energy,Thermal Coal,2026-03-14,2026-03-16,1961.0,1994.800048828125,1946.5999755859375,1978.0,1961.0999755859375,0.8617625120826977,1465572.0,1384093.0,1.0588681540908016,1.7347911622306977,0.4967528834851753
ADANIGREEN,ADANIGREEN.NS,Adani Green Energy Ltd.,Power,1418795155456.0,Utilities,Utilities - Renewable,2026-03-14,2026-03-16,861.3499755859375,873.7999877929688,853.0,866.9500122070312,861.3499755859375,0.650146488630754,2608553.0,2927263.55,0.891123383816944,2.159116194769548,0.30111695248534176
ADANIPORTS,ADANIPORTS.NS,Adani Ports and Special Economic Zone Ltd.,Services,3140756963328.0,Industrials,Marine Shipping,2026-03-14,2026-03-16,1356.5999755859375,1383.0999755859375,1347.0,1373.9000244140625,1363.199951171875,0.7849232413036145,3322063.0,2486851.35,1.3358510551907334,2.1270799085594745,0.3690144588104305
ADANIPOWER,ADANIPOWER.NS,Adani Power Ltd.,Power,2826755375104.0,Utilities,Utilities - Independent Power Producers,2026-03-14,2026-03-16,149.89999389648438,155.0,146.39999389648438,154.05999755859375,146.57000732421875,5.110179340993581,90205120.0,22302373.8,4.044642099936465,2.3935336632169686,2.1349937205919107
ATGL,ATGL.NS,Adani Total Gas Ltd.,Oil Gas & Consumable Fuels,622712061952.0,Utilities,Utilities - Regulated Gas,2026-03-14,2026-03-16,588.9500122070312,604.2999877929688,514.0999755859375,522.0499877929688,565.9000244140625,-7.748724991927047,18275500.0,6186991.75,2.953858795754819,5.620986726348988,1.3785346539966112
ABCAPITAL,ABCAPITAL.NS,Aditya Birla Capital Ltd.,Financial Services,814087405568.0,Financial Services,Financial Conglomerates,2026-03-14,2026-03-16,309.0,317.1000061035156,307.5,314.6000061035156,310.75,1.238940017221446,3068909.0,10637539.85,0.2884980026655317,2.0285471090988323,0.6107524009002859
ABFRL,ABFRL.NS,Aditya Birla Fashion and Retail Ltd.,Consumer Services,72107458560.0,Consumer Cyclical,Apparel Manufacturing,2026-03-14,2026-03-16,59.279998779296875,59.439998626708984,57.529998779296875,58.4900016784668,59.279998779296875,-1.3326537063053756,4079463.0,3166276.1,1.2884103821520807,1.517370052620393,0.8782654593742475
ABLBL,ABLBL.NS,Aditya Birla Lifestyle Brands Ltd.,Consumer Services,118518833152.0,Consumer Cyclical,Apparel Retail,2026-03-14,2026-03-16,97.41000366210938,98.0,94.26000213623047,95.75,97.41999816894531,-1.714225210771625,3194151.0,3156978.55,1.0117746919756552,2.398073666337807,0.7148342583609978
ABREL,ABREL.NS,Aditya Birla Real Estate Ltd.,Forest Materials,125374078976.0,Real Estate,Real Estate Services,2026-03-14,2026-03-16,1140.0,1142.0,1080.0999755859375,1094.9000244140625,1134.0,-3.4479696283895467,332725.0,166423.6,1.9992657291393767,1.823522288873261,1.8908294400503425
ABSLAMC,ABSLAMC.NS,Aditya Birla Sun Life AMC Ltd.,Financial Services,269379239936.0,Financial Services,Asset Management,2026-03-14,2026-03-16,941.2999877929688,986.0,935.0,952.5,932.7999877929688,2.111922434051694,1436114.0,836116.65,1.717600050184385,3.838917715745445,0.5501348532138566
AEGISLOG,AEGISLOG.NS,Aegis Logistics Ltd.,Oil Gas & Consumable Fuels,211266912256.0,Energy,Oil & Gas Refining & Marketing,2026-03-14,2026-03-16,602.5,609.1500244140625,585.5999755859375,604.0999755859375,601.9000244140625,0.3655010936436831,561010.0,961177.3,0.5836696309827542,2.6191098135683917,0.13955164909473886
AEGISVOPAK,AEGISVOPAK.NS,Aegis Vopak Terminals Ltd.,Oil Gas & Consumable Fuels,213631844352.0,Energy,Oil & Gas Equipment & Services,2026-03-14,2026-03-16,192.25,193.74000549316406,183.00999450683594,188.9499969482422,192.80999755859375,-2.001971194039631,661532.0,1221138.55,0.5417337778747546,4.088047938618629,0.4897132382249184
AFCONS,AFCONS.NS,Afcons Infrastructure Ltd.,Construction,102556745728.0,Industrials,Engineering & Construction,2026-03-14,2026-03-16,276.6000061035156,280.5,272.8500061035156,278.5,278.8500061035156,-0.12551769620033904,461026.0,554684.65,0.8311497352594848,1.2911978900960344,0.09721027052716413
AFFLE,AFFLE.NS,Affle 3i Ltd.,Information Technology,188178923520.0,Communication Services,Advertising Agencies,2026-03-14,2026-03-16,1330.0,1339.800048828125,1293.0,1311.199951171875,1338.0999755859375,-2.01031499176908,179699.0,289969.2,0.6197175424148496,2.65431228988963,0.7573769670684347
AJANTPHARM,AJANTPHARM.NS,Ajanta Pharmaceuticals Ltd.,Healthcare,378814529536.0,Healthcare,Drug Manufacturers - Specialty & Generic,2026-03-14,2026-03-16,3020.0,3061.199951171875,2930.0,2954.10009765625,3030.60009765625,-2.524252541902916,186234.0,121955.8,1.5270614435721794,1.6394573107025208,1.5396878744108642
AKUMS,AKUMS.NS,Akums Drugs and Pharmaceuticals Ltd.,Healthcare,72051539968.0,Healthcare,Drug Manufacturers - Specialty & Generic,2026-03-14,2026-03-16,468.0,481.1499938964844,461.3999938964844,463.70001220703125,470.29998779296875,-1.4033544029864786,136095.0,376178.55,0.3617829884239811,2.6688874427167226,0.5258200029439876
AKZOINDIA,AKZOINDIA.NS,Akzo Nobel India Ltd.,Consumer Durables,130518532096.0,Basic Materials,Specialty Chemicals,2026-03-14,2026-03-16,2866.0,2896.800048828125,2811.0,2884.699951171875,2866.0,0.6524756166041534,19559.0,38377.5,0.5096475799622174,2.155611044582695,0.30268708181093323
APLLTD,APLLTD.NS,Alembic Pharmaceuticals Ltd.,Healthcare,133582823424.0,Healthcare,Drug Manufacturers - Specialty & Generic,2026-03-14,2026-03-16,678.0,686.9000244140625,667.0499877929688,675.2999877929688,677.9500122070312,-0.39088787762323607,52315.0,58300.85,0.8973282550768985,1.2431778759002376,0.3144263465436735
ALKEM,ALKEM.NS,Alkem Laboratories Ltd.,Healthcare,640330366976.0,Healthcare,Drug Manufacturers - Specialty & Generic,2026-03-14,2026-03-16,5393.0,5407.0,5233.0,5323.0,5355.5,-0.6068527681822422,204293.0,114039.7,1.7914200054893166,1.58558126617401,0.38273204983467746
ALKYLAMINE,ALKYLAMINE.NS,Alkyl Amines Chemicals Ltd.,Chemicals,65382555648.0,Basic Materials,Specialty Chemicals,2026-03-14,2026-03-16,1278.4000244140625,1292.0,1242.0,1259.4000244140625,1278.4000244140625,-1.4862327626056215,41528.0,36697.1,1.1316425548612834,1.5831248965572766,0.9387969109939712
ALOKINDS,ALOKINDS.NS,Alok Industries Ltd.,Textiles,64697081856.0,Consumer Cyclical,Textile Manufacturing,2026-03-14,2026-03-16,12.970000267028809,12.979999542236328,12.510000228881836,12.609999656677246,13.029999732971191,-3.223331426716569,6139214.0,3997847.5,1.5356298608188532,1.4510552415130162,2.2213705822499215
ARE&M,ARE&M.NS,Amara Raja Energy & Mobility Ltd.,Automobile and Auto Components,141622296576.0,Industrials,Electrical Equipment & Parts,2026-03-14,2026-03-16,770.0,774.9000244140625,758.8499755859375,769.0499877929688,773.7000122070312,-0.6010112887032237,351919.0,280486.3,1.2546744707317257,1.244133536618924,0.4830761899856354
AMBER,AMBER.NS,Amber Enterprises India Ltd.,Consumer Durables,226845491200.0,Consumer Cyclical,"Furnishings, Fixtures & Appliances",2026-03-14,2026-03-16,6446.0,6610.0,6361.0,6528.5,6446.0,1.2798634812286602,308940.0,303127.85,1.0191739228183752,2.925546828526581,0.4374783779732725
AMBUJACEM,AMBUJACEM.NS,Ambuja Cements Ltd.,Construction Materials,1051390050304.0,Basic Materials,Building Materials,2026-03-14,2026-03-16,425.54998779296875,434.95001220703125,424.75,429.0,425.3500061035156,0.8581153976981781,6857129.0,2552944.1,2.685969113072237,1.7812961423231484,0.48173651607364554
ANANDRATHI,ANANDRATHI.NS,Anand Rathi Wealth Ltd.,Financial Services,252348956672.0,Financial Services,Asset Management,2026-03-14,2026-03-16,3050.0,3083.39990234375,3011.89990234375,3070.699951171875,3039.300048828125,1.0331293995095026,246476.0,176270.9,1.398279579896625,1.043185153738915,0.9903605278570432
ANANTRAJ,ANANTRAJ.NS,Anant Raj Ltd.,Realty,162033385472.0,Real Estate,Real Estate - Development,2026-03-14,2026-03-16,447.8999938964844,447.8999938964844,427.1499938964844,441.95001220703125,450.0,-1.7888861762152763,2838879.0,2151262.75,1.3196337825307485,1.9898533646574759,0.899004021094392
ANGELONE,ANGELONE.NS,Angel One Ltd.,Financial Services,195974119424.0,Financial Services,Capital Markets,2026-03-14,2026-03-16,215.5800018310547,217.89999389648438,210.6199951171875,216.6300048828125,215.5800018310547,0.48705958012777995,9982169.0,8264137.2,1.2078900384180455,2.1533454856139342,0.2261873830194581
APARINDS,APARINDS.NS,Apar Industries Ltd.,Capital Goods,361085927424.0,Industrials,Electrical Equipment & Parts,2026-03-14,2026-03-16,8989.0,9231.0,8856.0,9119.0,8989.0,1.4462120369340248,80268.0,151622.15,0.5293949465826728,3.688068758038834,0.39213261243617975
APOLLOHOSP,APOLLOHOSP.NS,Apollo Hospitals Enterprise Ltd.,Healthcare,1085574152192.0,Healthcare,Medical Care Facilities,2026-03-14,2026-03-16,7565.0,7750.0,7410.0,7490.0,7550.0,-0.7947019867549643,481309.0,419912.5,1.1462126038162712,0.890373521637933,0.8925489892073933
APOLLOTYRE,APOLLOTYRE.NS,Apollo Tyres Ltd.,Automobile and Auto Components,253518708736.0,Consumer Cyclical,Auto Parts,2026-03-14,2026-03-16,401.45001220703125,414.25,392.04998779296875,412.79998779296875,400.29998779296875,3.1226581017196775,1670569.0,1261406.1,1.3243704783098798,2.050080386234764,1.5231881260299456
APTUS,APTUS.NS,Aptus Value Housing Finance India Ltd.,Financial Services,111169888256.0,Financial Services,Mortgage Finance,2026-03-14,2026-03-16,222.00999450683594,224.5,217.0,222.1999969482422,222.00999450683594,0.08558283235324815,1433387.0,1468219.9,0.9762754203236178,2.263710693763364,0.03780643550831523
ASAHIINDIA,ASAHIINDIA.NS,Asahi India Glass Ltd.,Automobile and Auto Components,211589578752.0,Consumer Cyclical,Auto Parts,2026-03-14,2026-03-16,825.0,844.9000244140625,814.0499877929688,839.7000122070312,830.0,1.1686761695218317,44055.0,76091.95,0.5789705744168733,2.3906975508159602,0.4888431701128213
ASHOKLEY,ASHOKLEY.NS,Ashok Leyland Ltd.,Capital Goods,1002373251072.0,Industrials,Farm & Heavy Construction Machinery,2026-03-14,2026-03-16,169.3000030517578,174.89999389648438,168.6999969482422,172.77000427246094,170.64999389648438,1.2423149439211523,21337390.0,17795223.45,1.1990515353714202,2.5104288448297796,0.4948616434517537
ASIANPAINT,ASIANPAINT.NS,Asian Paints Ltd.,Consumer Durables,2105839976448.0,Basic Materials,Specialty Chemicals,2026-03-14,2026-03-16,2185.39990234375,2227.800048828125,2175.10009765625,2217.699951171875,2196.800048828125,0.9513793644942314,1111383.0,1117429.2,0.9945891873954967,1.4067780160416263,0.6762825077201663
ASTERDM,ASTERDM.NS,Aster DM Healthcare Ltd.,Healthcare,344853020672.0,Healthcare,Medical Care Facilities,2026-03-14,2026-03-16,665.0,668.0499877929688,633.3499755859375,649.2000122070312,666.9500122070312,-2.6613688694993476,2399923.0,853754.85,2.811021219967301,1.7900659128785685,1.4867435050029272
ASTRAZEN,ASTRAZEN.NS,AstraZenca Pharma India Ltd.,Healthcare,210025005056.0,Healthcare,Drug Manufacturers - Specialty & Generic,2026-03-14,2026-03-16,8410.0,8450.0,8259.5,8375.5,8401.0,-0.3035352934174451,7396.0,4733.65,1.562430682454343,0.9332660513914961,0.32523983162665693
ASTRAL,ASTRAL.NS,Astral Ltd.,Capital Goods,433010376704.0,Industrials,Building Products & Equipment,2026-03-14,2026-03-16,1605.300048828125,1637.699951171875,1594.9000244140625,1619.699951171875,1611.800048828125,0.49012917883293206,514143.0,800609.85,0.6421892011446024,2.4694355460027695,0.19847822293896078
ATHERENERG,ATHERENERG.NS,Ather Energy Ltd.,Automobile and Auto Components,269575192576.0,Consumer Cyclical,Auto Manufacturers,2026-03-14,2026-03-16,700.0,723.4500122070312,684.4500122070312,713.2000122070312,705.0,1.1631222988696788,1761942.0,1458902.1,1.2077177762647677,1.6211445280159948,0.7174698361367833
ATUL,ATUL.NS,Atul Ltd.,Chemicals,190311514112.0,Basic Materials,Specialty Chemicals,2026-03-14,2026-03-16,6365.5,6436.0,6210.5,6256.0,6464.0,-3.2178217821782207,18805.0,26360.3,0.7133833833454096,1.8772885882277397,1.714079445406961
AUROPHARMA,AUROPHARMA.NS,Aurobindo Pharma Ltd.,Healthcare,753009295360.0,Healthcare,Drug Manufacturers - Specialty & Generic,2026-03-14,2026-03-16,1302.0,1314.0,1265.800048828125,1279.5999755859375,1296.5,-1.3035113315898572,1436681.0,1862171.55,0.771508403723599,1.7310111237131194,0.7530346360766011
AIIL,AIIL.NS,Authum Investment & Infrastructure Ltd.,Financial Services,403212238848.0,Financial Services,Capital Markets,2026-03-14,2026-03-16,464.0,470.0,437.1499938964844,464.1000061035156,474.79998779296875,-2.2535766563917314,1438015.0,1000577.8,1.4371845947411586,5.650917469246329,0.3987983665760906
DMART,DMART.NS,Avenue Supermarts Ltd.,Consumer Services,2495105728512.0,Consumer Defensive,Discount Stores,2026-03-14,2026-03-16,3824.300048828125,3834.800048828125,3736.10009765625,3817.89990234375,3834.300048828125,-0.4277220424986683,401280.0,407380.65,0.9850246937354535,1.261228243055235,0.3391313545774572
AXISBANK,AXISBANK.NS,Axis Bank Ltd.,Financial Services,3720286044160.0,Financial Services,Banks - Regional,2026-03-14,2026-03-16,1199.199951171875,1219.9000244140625,1180.0999755859375,1214.699951171875,1197.300048828125,1.4532616415392718,8743691.0,6608418.8,1.3231139346071712,1.7888876955761572,0.8123828260058615
BASF,BASF.NS,BASF India Ltd.,Chemicals,149915484160.0,Basic Materials,Specialty Chemicals,2026-03-14,2026-03-16,3450.0,3483.300048828125,3354.0,3465.699951171875,3463.39990234375,0.0664101430091435,19431.0,19925.0,0.9752070263488081,1.9630867716451421,0.03382944858493914
BEML,BEML.NS,BEML Ltd.,Capital Goods,127079784448.0,Industrials,Conglomerates,2026-03-14,2026-03-16,1521.0,1523.5999755859375,1475.0,1495.9000244140625,1525.4000244140625,-1.9339189411204827,245070.0,210708.1,1.1630782110417208,2.065010381033078,0.9365177816457207
BLS,BLS.NS,BLS International Services Ltd.,Consumer Services,101667110912.0,Industrials,Specialty Business Services,2026-03-14,2026-03-16,248.8000030517578,248.8000030517578,238.5,244.10000610351562,246.9499969482422,-1.1540760801563743,1135234.0,2527417.8,0.44916752584396613,2.73192396082037,0.4224407767959312
BSE,BSE.NS,BSE Ltd.,Financial Services,1135943090176.0,Financial Services,Financial Data & Stock Exchanges,2026-03-14,2026-03-16,2797.0,2888.0,2777.0,2862.60009765625,2797.0,2.3453735307919166,4332884.0,4655030.25,0.9307960995527366,2.7336485003336244,0.8579645592714933
BAJAJ-AUTO,BAJAJ-AUTO.NS,Bajaj Auto Ltd.,Automobile and Auto Components,2478366261248.0,Consumer Cyclical,Auto Manufacturers,2026-03-14,2026-03-16,8866.0,9103.5,8742.5,9073.0,8875.0,2.2309859154929557,580290.0,318186.75,1.823740303453868,2.0518025517915617,1.0873297304094576
BAJFINANCE,BAJFINANCE.NS,Bajaj Finance Ltd.,Financial Services,5315286269952.0,Financial Services,Credit Services,2026-03-14,2026-03-16,850.0999755859375,881.9000244140625,850.0999755859375,878.1500244140625,855.0499877929688,2.7016007193589875,8981872.0,7550413.35,1.18958679262242,1.8111891252372287,1.491617126955272
BAJAJFINSV,BAJAJFINSV.NS,Bajaj Finserv Ltd.,Financial Services,2776450203648.0,Financial Services,Financial Conglomerates,2026-03-14,2026-03-16,1738.0,1784.0,1729.0,1773.9000244140625,1738.0,2.0655940399345596,2085412.0,1129855.85,1.84573279856895,1.6698263108124893,1.2370113146255919
BAJAJHLDNG,BAJAJHLDNG.NS,Bajaj Holdings & Investment Ltd.,Financial Services,1057956102144.0,Financial Services,Asset Management,2026-03-14,2026-03-16,9506.0,9691.0,9345.0,9631.0,9506.0,1.3149589732800226,46033.0,65143.4,0.7066410411492184,1.779707658761837,0.7388623445014867
BAJAJHFL,BAJAJHFL.NS,Bajaj Housing Finance Ltd.,Financial Services,684199575552.0,Financial Services,Mortgage Finance,2026-03-14,2026-03-16,82.0,82.12000274658203,79.83000183105469,81.30999755859375,82.1500015258789,-1.0225245912144465,8009738.0,4699142.7,1.7045104844336818,0.9269932257566539,1.1030550847659275
BALKRISIND,BALKRISIND.NS,Balkrishna Industries Ltd.,Automobile and Auto Components,430266056704.0,Consumer Cyclical,Auto Parts,2026-03-14,2026-03-16,2193.0,2225.699951171875,2113.39990234375,2165.800048828125,2225.699951171875,-2.691283805447875,228941.0,158978.05,1.440079306545778,2.009788844435494,1.3390878414412726
BALRAMCHIN,BALRAMCHIN.NS,Balrampur Chini Mills Ltd.,Fast Moving Consumer Goods,98214166528.0,Consumer Defensive,Confectioners,2026-03-14,2026-03-16,486.0,487.45001220703125,475.0,483.20001220703125,486.0,-0.5761291755079778,703632.0,969739.9,0.725588376842079,2.633003488539802,0.21881063888277819
BANDHANBNK,BANDHANBNK.NS,Bandhan Bank Ltd.,Financial Services,282725482496.0,Financial Services,Banks - Regional,2026-03-14,2026-03-16,175.0,176.3800048828125,153.94000244140625,162.5399932861328,175.5,-7.384619210180732,36300430.0,10835686.15,3.3500813421031026,2.988950791324284,2.4706392730235964
BANKBARODA,BANKBARODA.NS,Bank of Baroda,Financial Services,1453411270656.0,Financial Services,Banks - Regional,2026-03-14,2026-03-16,280.0,282.5,272.5,279.95001220703125,281.04998779296875,-0.39138076275163636,9549947.0,10936495.8,0.8732181838354475,2.1398760903211973,0.18289879704805234
BANKINDIA,BANKINDIA.NS,Bank of India,Financial Services,683810684928.0,Financial Services,Banks - Regional,2026-03-14,2026-03-16,149.0,151.83999633789062,146.8800048828125,150.6699981689453,150.1999969482422,0.3129169309271651,10436950.0,10121523.25,1.0311639604246328,2.4081464389468468,0.12994098941259274
MAHABANK,MAHABANK.NS,Bank of Maharashtra,Financial Services,492951732224.0,Financial Services,Banks - Regional,2026-03-14,2026-03-16,63.900001525878906,64.26000213623047,61.900001525878906,63.33000183105469,64.08999633789062,-1.1858239198971887,18675581.0,26551545.15,0.7033707791578375,3.196949269187511,0.3709235962316537
BATAINDIA,BATAINDIA.NS,Bata India Ltd.,Consumer Durables,89892159488.0,Consumer Cyclical,Footwear & Accessories,2026-03-14,2026-03-16,699.5,700.5999755859375,672.0,677.9500122070312,699.4000244140625,-3.0669161364415776,390009.0,157811.6,2.4713582524985487,1.6141426944158748,1.9000278891398952
BAYERCROP,BAYERCROP.NS,Bayer Cropscience Ltd.,Chemicals,202633543680.0,Basic Materials,Agricultural Inputs,2026-03-14,2026-03-16,4469.89990234375,4565.0,4323.0,4516.7001953125,4506.10009765625,0.23523884127125694,21676.0,16020.55,1.3530122249236138,1.5902886749257046,0.14792210054708896
BERGEPAINT,BERGEPAINT.NS,Berger Paints India Ltd.,Consumer Durables,476648177664.0,Basic Materials,Specialty Chemicals,2026-03-14,2026-03-16,405.0,407.70001220703125,391.1000061035156,404.5,407.79998779296875,-0.8092172368195594,457338.0,394988.5,1.157851431117615,1.2647945528053304,0.639801329808628
BDL,BDL.NS,Bharat Dynamics Ltd.,Capital Goods,480930004992.0,Industrials,Aerospace & Defense,2026-03-14,2026-03-16,1309.0,1312.0,1264.0999755859375,1284.0,1312.0,-2.1341463414634165,1170369.0,1623451.25,0.7209141635759004,2.413558265344461,0.8842323684938399
BEL,BEL.NS,Bharat Electronics Ltd.,Capital Goods,3211916738560.0,Industrials,Aerospace & Defense,2026-03-14,2026-03-16,431.8999938964844,437.79998779296875,422.25,429.5,439.3999938964844,-2.2530710136551946,22321405.0,19024824.1,1.1732778648923223,1.8747305950889053,1.2018105532375691
BHARATFORG,BHARATFORG.NS,Bharat Forge Ltd.,Automobile and Auto Components,800846249984.0,Consumer Cyclical,Auto Parts,2026-03-14,2026-03-16,1675.0999755859375,1717.4000244140625,1650.0,1697.0,1675.0999755859375,1.3073861102769202,905024.0,1666954.95,0.5429204910426644,2.230518645075245,0.5861354771292738
BHEL,BHEL.NS,Bharat Heavy Electricals Ltd.,Capital Goods,900113367040.0,Industrials,Specialty Industrial Machinery,2026-03-14,2026-03-16,257.04998779296875,260.79998779296875,248.89999389648438,253.5,258.5,-1.934235976789167,7966522.0,11175876.95,0.712831935752478,2.4020175170521414,0.805254734013324
BPCL,BPCL.NS,Bharat Petroleum Corporation Ltd.,Oil Gas & Consumable Fuels,1385284763648.0,Energy,Oil & Gas Refining & Marketing,2026-03-14,2026-03-16,314.8999938964844,318.45001220703125,301.1000061035156,304.95001220703125,319.29998779296875,-4.494198601486287,18587690.0,10435285.5,1.7812344472990222,2.354827758997057,1.908504171617379
BHARTIARTL,BHARTIARTL.NS,Bharti Airtel Ltd.,Telecommunication,10985360326656.0,Communication Services,Telecom Services,2026-03-14,2026-03-16,1798.0,1804.9000244140625,1770.9000244140625,1788.800048828125,1803.4000244140625,-0.8095805361143404,14261180.0,9336907.35,1.5273986841049676,1.2729975868163759,0.6359639205122223
BHARTIHEXA,BHARTIHEXA.NS,Bharti Hexacom Ltd.,Telecommunication,736249970688.0,Communication Services,Telecom Services,2026-03-14,2026-03-16,1472.5,1498.5999755859375,1450.0,1486.4000244140625,1472.5,0.9439744933149363,140665.0,95660.25,1.4704644823738178,1.4528927373999019,0.6497207047811898
BIKAJI,BIKAJI.NS,Bikaji Foods International Ltd.,Fast Moving Consumer Goods,151220174848.0,Consumer Defensive,Packaged Foods,2026-03-14,2026-03-16,604.5,624.9500122070312,592.5499877929688,623.3499755859375,603.4500122070312,3.2976987283710457,192089.0,140994.9,1.362382611002242,1.4139325034156687,2.3322886491432375
BIOCON,BIOCON.NS,Biocon Ltd.,Healthcare,621094502400.0,Healthcare,Biotechnology,2026-03-14,2026-03-16,383.0,387.8999938964844,369.1000061035156,377.04998779296875,383.54998779296875,-1.6946943571560125,2652265.0,3039434.25,0.8726179880351088,1.2519591823555818,1.3536338732445072
BSOFT,BSOFT.NS,Birlasoft Ltd.,Information Technology,100656979968.0,Technology,Information Technology Services,2026-03-14,2026-03-16,360.0,360.70001220703125,340.04998779296875,348.6000061035156,360.1499938964844,-3.206993749467757,1296864.0,1694231.05,0.7654587607752791,2.262377510286188,1.4175325448059624
BLUEDART,BLUEDART.NS,Blue Dart Express Ltd.,Services,123847950336.0,Industrials,Integrated Freight & Logistics,2026-03-14,2026-03-16,5205.0,5217.0,5029.0,5110.5,5219.5,-2.0883226362678364,13894.0,8044.4,1.7271642384764558,1.2654268797317756,1.6502910359470828
BLUEJET,BLUEJET.NS,Blue Jet Healthcare Ltd.,Healthcare,62170005504.0,Healthcare,Biotechnology,2026-03-14,2026-03-16,359.0,364.0,344.04998779296875,356.3999938964844,358.3999938964844,-0.5580357237890077,661579.0,1234872.15,0.5357469597156272,4.0180210256562505,0.13888322640070444
BLUESTARCO,BLUESTARCO.NS,Blue Star Ltd.,Consumer Durables,376889081856.0,Industrials,Building Products & Equipment,2026-03-14,2026-03-16,1820.0,1833.199951171875,1771.5,1804.0999755859375,1833.199951171875,-1.5873868841931427,598883.0,494151.2,1.2119428223588247,2.4774240937742205,0.6407408760503517
BBTC,BBTC.NS,Bombay Burmah Trading Corporation Ltd.,Fast Moving Consumer Goods,106562633728.0,Consumer Defensive,Packaged Foods,2026-03-14,2026-03-16,1527.300048828125,1529.0999755859375,1476.0999755859375,1495.5999755859375,1527.300048828125,-2.075562903733974,42587.0,37792.65,1.1268593231752735,2.0741327453076974,1.000689521164695
BOSCHLTD,BOSCHLTD.NS,Bosch Ltd.,Automobile and Auto Components,890521255936.0,Consumer Cyclical,Auto Parts,2026-03-14,2026-03-16,30260.0,30580.0,29815.0,30355.0,30185.0,0.5631936392247905,16873.0,21872.8,0.7714147251380711,2.199307833835382,0.25607767614897037
FIRSTCRY,FIRSTCRY.NS,Brainbees Solutions Ltd.,Consumer Services,108506480640.0,Consumer Cyclical,Internet Retail,2026-03-14,2026-03-16,224.0,225.0,212.33999633789062,214.05999755859375,223.64999389648438,-4.287948401344166,1133931.0,5443628.5,0.20830425882295237,3.557336514403544,1.2053817185926599
BRIGADE,BRIGADE.NS,Brigade Enterprises Ltd.,Realty,159890751488.0,Real Estate,Real Estate - Development,2026-03-14,2026-03-16,650.0,659.5499877929688,633.1500244140625,650.75,653.7000122070312,-0.4512792032956181,229691.0,342516.35,0.6705986444150769,1.4798185518619384,0.30495576821077774
BRITANNIA,BRITANNIA.NS,Britannia Industries Ltd.,Fast Moving Consumer Goods,1399083499520.0,Consumer Defensive,Packaged Foods,2026-03-14,2026-03-16,5808.5,5872.5,5764.5,5842.0,5808.5,0.5767409830421011,350827.0,317508.4,1.1049376961365431,1.1587992669153497,0.497705685107438
MAPMYINDIA,MAPMYINDIA.NS,C.E. Info Systems Ltd.,Information Technology,51120979968.0,Technology,Software - Infrastructure,2026-03-14,2026-03-16,940.0,940.0,885.0,887.4000244140625,934.2000122070312,-5.009632539225151,234694.0,224164.7,1.0469712671085143,2.0815683869949506,2.4066624812924307
CCL,CCL.NS,CCL Products (I) Ltd.,Fast Moving Consumer Goods,136208310272.0,Consumer Defensive,Packaged Foods,2026-03-14,2026-03-16,1028.0,1057.4000244140625,1024.4000244140625,1043.300048828125,1022.5999755859375,2.0242591175817948,386756.0,416182.3,0.9292946864871476,2.0047255706725466,1.0097437510624934
CESC,CESC.NS,CESC Ltd.,Power,211733364736.0,Utilities,Utilities - Regulated Electric,2026-03-14,2026-03-16,160.0399932861328,161.47999572753906,152.60000610351562,156.5500030517578,159.72999572753906,-1.9908550434105998,2559556.0,2674285.45,0.9570990262090383,1.9066628858069719,1.0441568135774535
CGPOWER,CGPOWER.NS,CG Power and Industrial Solutions Ltd.,Capital Goods,1118031839232.0,Industrials,Electrical Equipment & Parts,2026-03-14,2026-03-16,708.6500244140625,711.7999877929688,680.0999755859375,698.6500244140625,709.9000244140625,-1.5847301891960819,3890719.0,2894512.2,1.3441708761842495,2.2690410186597156,0.698414077208774
CRISIL,CRISIL.NS,CRISIL Ltd.,Financial Services,304774381568.0,Financial Services,Financial Data & Stock Exchanges,2026-03-14,2026-03-16,4164.10009765625,4169.89990234375,3991.0,4005.800048828125,4164.10009765625,-3.801542833161564,77775.0,38911.75,1.9987535898539643,1.7270587209337744,2.2011659401518044
CAMPUS,CAMPUS.NS,Campus Activewear Ltd.,Consumer Durables,72456151040.0,Consumer Cyclical,Footwear & Accessories,2026-03-14,2026-03-16,234.85000610351562,235.25,228.5,232.85000610351562,237.10000610351562,-1.7924925730050334,278845.0,228678.25,1.2193770067769891,1.4286984302699297,1.2546332627147707
CANFINHOME,CANFINHOME.NS,Can Fin Homes Ltd.,Financial Services,109169123328.0,Financial Services,Mortgage Finance,2026-03-14,2026-03-16,821.0999755859375,847.5,791.5499877929688,840.4000244140625,819.6500244140625,2.5315682769403214,214394.0,128941.65,1.6627210835288675,2.6199934706228007,0.966249841965652
CANBK,CANBK.NS,Canara Bank,Financial Services,1221635211264.0,Financial Services,Banks - Regional,2026-03-14,2026-03-16,134.5,135.3800048828125,131.5,134.50999450683594,134.67999267578125,-0.1262237735300098,28667160.0,25770553.1,1.112399873171523,2.3246177120554647,0.05429872313000691
CAPLIPOINT,CAPLIPOINT.NS,Caplin Point Laboratories Ltd.,Healthcare,126559715328.0,Healthcare,Drug Manufacturers - Specialty & Generic,2026-03-14,2026-03-16,1650.0,1662.0,1624.5,1636.0,1662.199951171875,-1.5762213898155686,81181.0,57683.8,1.4073448697901316,1.0310435572826233,1.5287631435957894
CGCL,CGCL.NS,Capri Global Capital Ltd.,Financial Services,163652763648.0,Financial Services,Credit Services,2026-03-14,2026-03-16,169.0500030517578,173.0,168.0,171.57000732421875,170.08999633789062,0.8701340573775029,1746069.0,1960915.55,0.8904355927005627,2.8108284191950923,0.3095649849828522
CARBORUNIV,CARBORUNIV.NS,Carborundum Universal Ltd.,Capital Goods,143915024384.0,Industrials,Conglomerates,2026-03-14,2026-03-16,759.0,765.0999755859375,738.4000244140625,758.5499877929688,755.5999755859375,0.3904198388497315,116230.0,133950.6,0.867707946063698,1.3511003679659004,0.2889643494343161
CASTROLIND,CASTROLIND.NS,Castrol India Ltd.,Oil Gas & Consumable Fuels,184194367488.0,Energy,Oil & Gas Refining & Marketing,2026-03-14,2026-03-16,186.22000122070312,186.60000610351562,185.0500030517578,186.33999633789062,186.22000122070312,0.06443728729508269,2606686.0,1389988.35,1.8753293867534933,0.415152925267697,0.15521337650103884
CEATLTD,CEATLTD.NS,Ceat Ltd.,Automobile and Auto Components,140005244928.0,Consumer Cyclical,Auto Parts,2026-03-14,2026-03-16,3471.89990234375,3540.0,3350.10009765625,3412.0,3470.5,-1.6856360754934463,281801.0,151643.0,1.8583185508068292,3.6178249041635304,0.4659252783498594
CENTRALBK,CENTRALBK.NS,Central Bank of India,Financial Services,321496580096.0,Financial Services,Banks - Regional,2026-03-14,2026-03-16,35.5,35.59000015258789,34.52000045776367,35.040000915527344,35.5,-1.2957720689370622,9253548.0,11644467.4,0.7946733570656911,2.1334768058692557,0.6073523112003637
CDSL,CDSL.NS,Central Depository Services (India) Ltd.,Financial Services,245888499712.0,Financial Services,Capital Markets,2026-03-14,2026-03-16,1178.0,1196.0,1159.199951171875,1184.5,1176.5,0.6799830004249996,2119611.0,1694031.65,1.251222785595535,1.8246719038775832,0.37266042129545474
CENTURYPLY,CENTURYPLY.NS,Century Plyboards (India) Ltd.,Consumer Durables,146511986688.0,Basic Materials,Lumber & Wood Production,2026-03-14,2026-03-16,660.9000244140625,665.9000244140625,642.25,645.75,659.4500122070312,-2.07749062907443,49330.0,43376.8,1.1372438723004001,1.8013243310584313,1.153312922750412
CERA,CERA.NS,Cera Sanitaryware Ltd,Consumer Durables,58330869760.0,Industrials,Building Products & Equipment,2026-03-14,2026-03-16,4524.0,4614.10009765625,4461.10009765625,4580.89990234375,4524.2998046875,1.2510244700761897,13519.0,14056.8,0.9617409367708156,1.5144528001884876,0.8260570880257795
CHALET,CHALET.NS,Chalet Hotels Ltd.,Consumer Services,160714702848.0,Consumer Cyclical,Lodging,2026-03-14,2026-03-16,735.0,736.1500244140625,713.0,724.25,733.4000244140625,-1.24761714064201,107858.0,139220.25,0.7747292509530761,2.187219393339769,0.5704124352779097
CHAMBLFERT,CHAMBLFERT.NS,Chambal Fertilizers & Chemicals Ltd.,Chemicals,166491045888.0,Basic Materials,Agricultural Inputs,2026-03-14,2026-03-16,413.79998779296875,414.54998779296875,399.75,413.04998779296875,415.54998779296875,-0.6016123386930583,958355.0,774493.1,1.2373964338739751,2.074181045397718,0.2900481325041233
CHENNPETRO,CHENNPETRO.NS,Chennai Petroleum Corporation Ltd.,Oil Gas & Consumable Fuels,136861270016.0,Energy,Oil & Gas Refining & Marketing,2026-03-14,2026-03-16,899.0,1004.7000122070312,870.7999877929688,988.5499877929688,918.2000122070312,7.661726709939898,6230068.0,2325243.25,2.6793188196546747,3.5081416459574646,2.1839844234250725
CHOICEIN,CHOICEIN.NS,Choice International Ltd.,Financial Services,139287592960.0,Financial Services,Capital Markets,2026-03-14,2026-03-16,627.0,630.9000244140625,605.25,617.7999877929688,624.5999755859375,-1.0886948541087738,726744.0,644855.85,1.12698675215554,2.86161471566496,0.3804477409726317
CHOLAHLDNG,CHOLAHLDNG.NS,Cholamandalam Financial Holdings Ltd.,Financial Services,292173676544.0,Financial Services,Credit Services,2026-03-14,2026-03-16,1542.9000244140625,1576.699951171875,1482.5999755859375,1570.5999755859375,1553.9000244140625,1.0747120734599491,214963.0,156492.65,1.3736300075434853,2.366298083645369,0.4541744258205694
CHOLAFIN,CHOLAFIN.NS,Cholamandalam Investment and Finance Company Ltd.,Financial Services,1289700245504.0,Financial Services,Credit Services,2026-03-14,2026-03-16,1514.0,1542.300048828125,1485.0,1527.0999755859375,1514.0,0.8652559832191153,2959626.0,1775893.2,1.6665562996693721,1.8569098814028024,0.46596552255161555
CIPLA,CIPLA.NS,Cipla Ltd.,Healthcare,1061989187584.0,Healthcare,Drug Manufacturers - Specialty & Generic,2026-03-14,2026-03-16,1314.699951171875,1327.9000244140625,1291.5999755859375,1300.0,1314.699951171875,-1.1181221356836635,1496531.0,1521787.95,0.9834031081662856,1.1235138871142092,0.995200992624671
CUB,CUB.NS,City Union Bank Ltd.,Financial Services,172015435776.0,Financial Services,Banks - Regional,2026-03-14,2026-03-16,230.0,250.3000030517578,226.4499969482422,242.5500030517578,231.5,4.773219460802514,9441279.0,2353395.95,4.011768185459824,3.010441975808411,1.5855543801075036
CLEAN,CLEAN.NS,Clean Science and Technology Ltd.,Chemicals,74541146112.0,Basic Materials,Specialty Chemicals,2026-03-14,2026-03-16,695.0999755859375,705.1500244140625,673.5,700.9500122070312,700.1500244140625,0.1142594822642895,373016.0,261570.8,1.4260613187710556,2.1930883725980834,0.052099807600972256
COALINDIA,COALINDIA.NS,Coal India Ltd.,Oil Gas & Consumable Fuels,2877994303488.0,Energy,Thermal Coal,2026-03-14,2026-03-16,467.0,470.79998779296875,456.0,460.29998779296875,467.0,-1.434692121419967,12310888.0,11830994.3,1.040562414944279,1.8768562998062368,0.7644123428991777
COCHINSHIP,COCHINSHIP.NS,Cochin Shipyard Ltd.,Capital Goods,364599672832.0,Industrials,Aerospace & Defense,2026-03-14,2026-03-16,1385.5,1387.5999755859375,1310.0999755859375,1334.699951171875,1385.5,-3.6665498973745936,1426344.0,1167603.1,1.2216000454263953,2.2394130308572158,1.6372816657100053
COFORGE,COFORGE.NS,Coforge Ltd.,Information Technology,366039728128.0,Technology,Information Technology Services,2026-03-14,2026-03-16,1076.0,1101.0999755859375,1070.5,1080.5999755859375,1089.699951171875,-0.8350900241989812,3504483.0,3726004.7,0.940547122766646,1.7851865242664764,0.4677886668129064
COHANCE,COHANCE.NS,Cohance Lifesciences Ltd.,Healthcare,113386332160.0,Healthcare,Drug Manufacturers - Specialty & Generic,2026-03-14,2026-03-16,296.95001220703125,301.04998779296875,288.0,293.45001220703125,296.1000061035156,-0.8949658364944213,604082.0,1684345.75,0.3586448922378318,2.5968281442422105,0.3446380687450476
COLPAL,COLPAL.NS,Colgate Palmolive (India) Ltd.,Fast Moving Consumer Goods,532330250240.0,Consumer Defensive,Household & Personal Products,2026-03-14,2026-03-16,1960.0,1970.699951171875,1919.0,1941.0999755859375,1957.199951171875,-0.8226024927242448,358028.0,456382.15,0.7844916809301152,2.2097204415798353,0.3722654129660523
CAMS,CAMS.NS,Computer Age Management Services Ltd.,Financial Services,159858311168.0,Technology,Information Technology Services,2026-03-14,2026-03-16,644.5,647.9500122070312,623.25,639.5,644.5,-0.7757951900698168,1631068.0,1537678.1,1.0607343630633745,2.153209591157274,0.3602971086771234
CONCORDBIO,CONCORDBIO.NS,Concord Biotech Ltd.,Healthcare,123677278208.0,Healthcare,Biotechnology,2026-03-14,2026-03-16,1182.199951171875,1189.9000244140625,1140.0,1158.0999755859375,1182.199951171875,-2.0385701726723937,222207.0,934825.8,0.23769883116191273,3.7481469544747252,0.5438874722450908
CONCOR,CONCOR.NS,Container Corporation of India Ltd.,Services,345317572608.0,Industrials,Railroads,2026-03-14,2026-03-16,453.6000061035156,457.5,443.5,454.29998779296875,453.3999938964844,0.19849887706215874,2268120.0,1380674.2,1.642762644510921,1.6126600909739255,0.12308785848497084
COROMANDEL,COROMANDEL.NS,Coromandel International Ltd.,Chemicals,590144012288.0,Basic Materials,Agricultural Inputs,2026-03-14,2026-03-16,1999.9000244140625,2019.9000244140625,1947.699951171875,1958.800048828125,2002.4000244140625,-2.1773858896498743,243796.0,352676.2,0.6912743190495985,2.1019587253411105,1.0358842271255937
CRAFTSMAN,CRAFTSMAN.NS,Craftsman Automation Ltd.,Automobile and Auto Components,159212175360.0,Consumer Cyclical,Auto Parts,2026-03-14,2026-03-16,6612.5,6911.5,6521.5,6792.5,6674.0,1.7755468984117506,92504.0,42974.15,2.1525498468265223,2.6969878999741232,0.6583444065243254
CREDITACC,CREDITACC.NS,CreditAccess Grameen Ltd.,Financial Services,185873350656.0,Financial Services,Credit Services,2026-03-14,2026-03-16,1160.9000244140625,1182.0,1147.800048828125,1177.300048828125,1160.9000244140625,1.4126991187152438,245090.0,284813.0,0.8605295404353032,2.5269248571522454,0.5590586181131265
CROMPTON,CROMPTON.NS,Crompton Greaves Consumer Electricals Ltd.,Consumer Durables,160948469760.0,Consumer Cyclical,"Furnishings, Fixtures & Appliances",2026-03-14,2026-03-16,246.0,248.8000030517578,240.14999389648438,247.14999389648438,246.25,0.3654797549175193,1630495.0,2219491.1,0.7346256085460311,1.4712731072913,0.24841054533402634
CUMMINSIND,CUMMINSIND.NS,Cummins India Ltd.,Capital Goods,1288896905216.0,Industrials,Specialty Industrial Machinery,2026-03-14,2026-03-16,4631.0,4691.5,4478.10009765625,4589.7001953125,4649.7001953125,-1.290405778430359,1003878.0,768428.85,1.3064033189279658,2.3387073376256735,0.5517602641724373
CYIENT,CYIENT.NS,Cyient Ltd.,Information Technology,96071729152.0,Industrials,Conglomerates,2026-03-14,2026-03-16,871.0,876.7999877929688,841.9500122070312,854.5,870.0999755859375,-1.7928946125337242,240654.0,249326.75,0.9652153248698746,2.1957232013448063,0.8165394487955663
DCMSHRIRAM,DCMSHRIRAM.NS,DCM Shriram Ltd.,Diversified,157872553984.0,Industrials,Conglomerates,2026-03-14,2026-03-16,1018.2000122070312,1059.9000244140625,997.7999877929688,1051.0,1018.2000122070312,3.2213698094416765,152471.0,60413.9,2.5237735024555605,1.8796922039745478,1.7137751609706073
DLF,DLF.NS,DLF Ltd.,Realty,1343964053504.0,Real Estate,Real Estate - Development,2026-03-14,2026-03-16,543.0,545.7000122070312,524.5999755859375,530.3499755859375,542.75,-2.284665944553199,6921046.0,4258969.5,1.6250517877622743,1.9221424517003347,1.188603863637773
DOMS,DOMS.NS,DOMS Industries Ltd.,Fast Moving Consumer Goods,126409990144.0,Industrials,Business Equipment & Supplies,2026-03-14,2026-03-16,2088.800048828125,2155.0,2033.5999755859375,2139.699951171875,2082.5,2.7466963347839046,213858.0,405475.7,0.5274249480301779,1.9709087068505653,1.3936192606166002
DABUR,DABUR.NS,Dabur India Ltd.,Fast Moving Consumer Goods,804368482304.0,Consumer Defensive,Household & Personal Products,2026-03-14,2026-03-16,455.0,461.45001220703125,449.20001220703125,458.8500061035156,453.5,1.1797146865525132,2534477.0,1582598.7,1.6014653620023827,1.754994126203618,0.6722043503954385
DALBHARAT,DALBHARAT.NS,Dalmia Bharat Ltd.,Construction Materials,345402212352.0,Basic Materials,Building Materials,2026-03-14,2026-03-16,1856.0,1868.0,1803.5999755859375,1853.0,1839.9000244140625,0.7119938807604198,237882.0,236383.05,1.0063411907072017,1.647409386143464,0.4321900110252353
DATAPATTNS,DATAPATTNS.NS,Data Patterns (India) Ltd.,Capital Goods,179988463616.0,Industrials,Aerospace & Defense,2026-03-14,2026-03-16,3215.300048828125,3260.0,3055.10009765625,3095.89990234375,3215.0,-3.7045131463841363,1003459.0,1228668.3,0.8167045572836867,2.936924564674994,1.2613579493806593
DEEPAKFERT,DEEPAKFERT.NS,Deepak Fertilisers & Petrochemicals Corp. Ltd.,Chemicals,119232004096.0,Basic Materials,Chemicals,2026-03-14,2026-03-16,943.9500122070312,949.8499755859375,921.0499877929688,934.9000244140625,943.5499877929688,-0.9167467003141083,282085.0,236328.55,1.193613721236812,2.0707163961792627,0.44271958342804624
DEEPAKNTR,DEEPAKNTR.NS,Deepak Nitrite Ltd.,Chemicals,197551685632.0,Basic Materials,Chemicals,2026-03-14,2026-03-16,1440.0,1445.0,1383.5,1391.699951171875,1448.4000244140625,-3.91466944811224,209694.0,101441.4,2.0671441837356346,1.7869886274371947,2.1906515732707565
DELHIVERY,DELHIVERY.NS,Delhivery Ltd.,Services,302850965504.0,Industrials,Integrated Freight & Logistics,2026-03-14,2026-03-16,402.3999938964844,405.75,392.45001220703125,401.25,403.25,-0.49597024178549276,1477981.0,1598825.3,0.9244168202742351,1.7774730338357014,0.2790310920865071
DEVYANI,DEVYANI.NS,Devyani International Ltd.,Consumer Services,138015277056.0,Consumer Cyclical,Restaurants,2026-03-14,2026-03-16,111.0,111.05999755859375,102.5999984741211,107.66000366210938,111.94000244140625,-3.823475688717437,6134232.0,2186088.7,2.806030697656504,2.5277770510199464,1.5125842238241234
DIVISLAB,DIVISLAB.NS,Divi's Laboratories Ltd.,Healthcare,1611659739136.0,Healthcare,Drug Manufacturers - Specialty & Generic,2026-03-14,2026-03-16,6010.0,6130.0,5927.0,6071.0,6071.0,0.0,282845.0,268412.55,1.0537696542132624,1.1824212783079138,0.0
DIXON,DIXON.NS,Dixon Technologies (India) Ltd.,Consumer Durables,627625820160.0,Technology,Consumer Electronics,2026-03-14,2026-03-16,10202.0,10380.0,10059.0,10263.0,10338.0,-0.7254788160185766,606326.0,740529.15,0.8187739807406635,3.5260930310566048,0.20574579559552475
AGARWALEYE,AGARWALEYE.NS,Dr. Agarwal's Health Care Ltd.,Healthcare,135625302016.0,Healthcare,Medical Instruments & Supplies,2026-03-14,2026-03-16,429.0,437.45001220703125,415.1000061035156,423.8500061035156,428.1000061035156,-0.9927586870840499,169729.0,138743.4,1.2233302629170109,1.4074926737945919,0.7053384401693391
LALPATHLAB,LALPATHLAB.NS,Dr. Lal Path Labs Ltd.,Healthcare,226265743360.0,Healthcare,Diagnostics & Research,2026-03-14,2026-03-16,1355.199951171875,1364.800048828125,1326.9000244140625,1341.0,1355.0999755859375,-1.0405118323347895,205389.0,265895.4,0.7724428478266265,1.4769991952142167,0.7044769121786005
DRREDDY,DRREDDY.NS,Dr. Reddy's Laboratories Ltd.,Healthcare,1076111802368.0,Healthcare,Drug Manufacturers - Specialty & Generic,2026-03-14,2026-03-16,1292.0999755859375,1297.0,1264.0,1276.9000244140625,1292.300048828125,-1.1916756041313703,1294946.0,1604659.8,0.8069909896166153,1.267150398106136,0.9404373828966401
EIDPARRY,EIDPARRY.NS,E.I.D. Parry (India) Ltd.,Fast Moving Consumer Goods,140534415360.0,Basic Materials,Agricultural Inputs,2026-03-14,2026-03-16,791.0,799.9500122070312,770.0499877929688,786.1500244140625,789.5499877929688,-0.4306204080137044,159032.0,254198.45,0.6256214386830447,1.7045696733743005,0.2526270499470196
EIHOTEL,EIHOTEL.NS,EIH Ltd.,Consumer Services,198740721664.0,Consumer Cyclical,Lodging,2026-03-14,2026-03-16,319.70001220703125,319.70001220703125,309.6000061035156,314.54998779296875,317.79998779296875,-1.0226557976198647,293798.0,652771.2,0.45007806716963006,2.1722292680237434,0.4707863081829568
EICHERMOT,EICHERMOT.NS,Eicher Motors Ltd.,Automobile and Auto Components,1849152110592.0,Consumer Cyclical,Auto Manufacturers,2026-03-14,2026-03-16,6701.0,6861.5,6643.5,6827.5,6741.0,1.2831924046877274,866046.0,545301.9,1.588195456498501,2.285979535985714,0.5613315362136062
ELECON,ELECON.NS,Elecon Engineering Co. Ltd.,Capital Goods,85417836544.0,Industrials,Specialty Industrial Machinery,2026-03-14,2026-03-16,380.0,380.70001220703125,366.29998779296875,375.6499938964844,380.6499938964844,-1.313542645520105,345880.0,328996.2,1.051319133777229,1.7117478937203774,0.7673692196957823
ELGIEQUIP,ELGIEQUIP.NS,Elgi Equipments Ltd.,Capital Goods,148264108032.0,Industrials,Specialty Industrial Machinery,2026-03-14,2026-03-16,469.95001220703125,472.6000061035156,460.0,468.6499938964844,469.5,-0.18104496347510768,280340.0,569950.3,0.4918674487933421,2.7070153586933743,0.06687991735757816
EMAMILTD,EMAMILTD.NS,Emami Ltd.,Fast Moving Consumer Goods,181622996992.0,Consumer Defensive,Household & Personal Products,2026-03-14,2026-03-16,416.1499938964844,428.0,405.04998779296875,424.1000061035156,416.04998779296875,1.9348680559396314,581518.0,424316.1,1.3704829960494076,1.598455398890003,1.2104610846716397
EMCURE,EMCURE.NS,Emcure Pharmaceuticals Ltd.,Healthcare,272629776384.0,Healthcare,Drug Manufacturers - Specialty & Generic,2026-03-14,2026-03-16,1438.0,1469.800048828125,1420.0999755859375,1458.4000244140625,1438.0,1.4186386936065665,81023.0,325018.95,0.2492870031116647,2.5123456757958804,0.5646669991609172
ENDURANCE,ENDURANCE.NS,Endurance Technologies Ltd.,Automobile and Auto Components,338069061632.0,Consumer Cyclical,Auto Parts,2026-03-14,2026-03-16,2400.0,2436.5,2345.199951171875,2391.39990234375,2403.39990234375,-0.4992926890068472,109735.0,81863.7,1.3404598130795458,2.2602918052918035,0.22089744688623889
ENGINERSIN,ENGINERSIN.NS,Engineers India Ltd.,Construction,106316087296.0,Industrials,Engineering & Construction,2026-03-14,2026-03-16,189.82000732421875,190.89999389648438,185.1199951171875,188.99000549316406,189.00999450683594,-0.010575638459775494,2658132.0,17667896.85,0.15044982561124698,3.941588089566945,0.0026830907287771462
ERIS,ERIS.NS,Eris Lifesciences Ltd.,Healthcare,179956137984.0,Healthcare,Drug Manufacturers - Specialty & Generic,2026-03-14,2026-03-16,1328.0999755859375,1346.0999755859375,1286.5999755859375,1309.9000244140625,1321.0999755859375,-0.8477746861593527,50910.0,64590.3,0.7881988471953219,1.482142983761279,0.5719925104715129
ESCORTS,ESCORTS.NS,Escorts Kubota Ltd.,Capital Goods,343343988736.0,Industrials,Farm & Heavy Construction Machinery,2026-03-14,2026-03-16,3120.60009765625,3138.0,3040.0,3060.0,3120.60009765625,-1.941937312049824,71228.0,94835.25,0.7510709361761582,2.4570304795700575,0.7903594718082753
ETERNAL,ETERNAL.NS,Eternal Ltd.,Consumer Services,1965307592704.0,Consumer Cyclical,Internet Retail,2026-03-14,2026-03-16,215.0,223.63999938964844,212.60000610351562,222.0399932861328,215.67999267578125,2.948813439507192,53266268.0,50355655.4,1.0578011064870383,1.553082170171961,1.8986847548321877
EXIDEIND,EXIDEIND.NS,Exide Industries Ltd.,Automobile and Auto Components,252179611648.0,Consumer Cyclical,Auto Parts,2026-03-14,2026-03-16,296.6000061035156,299.25,290.95001220703125,295.1499938964844,296.6000061035156,-0.48887800984238616,1654053.0,1322268.65,1.2509205296518224,1.8165632812672183,0.2691224769782582
NYKAA,NYKAA.NS,FSN E-Commerce Ventures Ltd.,Consumer Services,681837264896.0,Consumer Cyclical,Internet Retail,2026-03-14,2026-03-16,236.64999389648438,241.89999389648438,233.1999969482422,237.0,238.14999389648438,-0.4828863850335541,3626694.0,3955781.65,0.9168084391108898,1.7301285154476456,0.27910434440103676
FEDERALBNK,FEDERALBNK.NS,Federal Bank Ltd.,Financial Services,648012169216.0,Financial Services,Banks - Regional,2026-03-14,2026-03-16,262.0,265.5,257.04998779296875,260.8500061035156,263.04998779296875,-0.8363359785382718,12530711.0,7601672.9,1.648414916669198,1.6376167138950575,0.5107031281752454
FACT,FACT.NS,Fertilisers and Chemicals Travancore Ltd.,Chemicals,550981795840.0,Basic Materials,Agricultural Inputs,2026-03-14,2026-03-16,858.0,858.0,796.0,805.5499877929688,851.5,-5.396360799416467,1510931.0,2533537.7,0.5963720216202032,5.923024312223834,0.9110819937509883
FINCABLES,FINCABLES.NS,Finolex Cables Ltd.,Capital Goods,130916081664.0,Industrials,Electrical Equipment & Parts,2026-03-14,2026-03-16,851.0,859.75,832.5,845.0,856.0,-1.2850467289719614,414932.0,867259.9,0.4784401999907986,3.4676908838323617,0.37057707045438143
FINPIPE,FINPIPE.NS,Finolex Industries Ltd.,Capital Goods,114029453312.0,Industrials,Building Products & Equipment,2026-03-14,2026-03-16,184.10000610351562,184.10000610351562,174.5,180.25,184.4199981689453,-2.261142072632072,504380.0,539152.1,0.935505954627646,1.8369995556403826,1.2308887422914112
FSL,FSL.NS,Firstsource Solutions Ltd.,Services,155663958016.0,Technology,Information Technology Services,2026-03-14,2026-03-16,223.14999389648438,223.14999389648438,211.25,217.72000122070312,225.2100067138672,-3.3257871630367752,1926378.0,2145767.35,0.8977571589948928,2.8127800191239705,1.1823843814393202
FIVESTAR,FIVESTAR.NS,Five-Star Business Finance Ltd.,Financial Services,104076222464.0,Financial Services,Credit Services,2026-03-14,2026-03-16,353.0,362.1000061035156,347.95001220703125,358.1499938964844,353.20001220703125,1.4014670210576563,1022194.0,988653.2,1.0339257486851812,1.9268894785243205,0.7273209162629031
FORCEMOT,FORCEMOT.NS,Force Motors Ltd.,Automobile and Auto Components,266753425408.0,Consumer Cyclical,Auto Manufacturers,2026-03-14,2026-03-16,20265.0,20840.0,19750.0,20720.0,20245.0,2.34625833539146,113555.0,124566.45,0.9116017996820172,3.890982136501163,0.6029989995022839
FORTIS,FORTIS.NS,Fortis Healthcare Ltd.,Healthcare,633976127488.0,Healthcare,Medical Care Facilities,2026-03-14,2026-03-16,838.2999877929688,848.9000244140625,802.7000122070312,807.9000244140625,839.75,-3.7927925675424246,2163697.0,1509935.75,1.4329728930519063,1.8036719076559027,2.102817342468694
GAIL,GAIL.NS,GAIL (India) Ltd.,Oil Gas & Consumable Fuels,971665244160.0,Utilities,Utilities - Regulated Gas,2026-03-14,2026-03-16,149.0,150.2899932861328,144.5,146.05999755859375,147.77999877929688,-1.1638931079380188,10322658.0,15112463.7,0.683055933494153,2.225485245170315,0.5229839696595907
GVT&D,GVT&D.NS,GE Vernova T&D India Ltd.,Capital Goods,922868514816.0,Industrials,Specialty Industrial Machinery,2026-03-14,2026-03-16,3575.0,3600.5,3390.0,3522.300048828125,3604.300048828125,-2.2750603137677405,772563.0,541017.75,1.4279808749343252,2.5135524952034825,0.9051174853555486
GMRAIRPORT,GMRAIRPORT.NS,GMR Airports Ltd.,Services,942494253056.0,Industrials,Airports & Air Services,2026-03-14,2026-03-16,90.0,92.05000305175781,88.7699966430664,90.5,89.26000213623047,1.389197663111208,15405082.0,14880710.3,1.035238351491864,2.707161831886528,0.5131564898516333
GRSE,GRSE.NS,Garden Reach Shipbuilders & Engineers Ltd.,Capital Goods,264566767616.0,Industrials,Aerospace & Defense,2026-03-14,2026-03-16,2314.0,2336.5,2242.0,2304.5,2309.199951171875,-0.2035315811214078,808854.0,1032555.3,0.7833517488119038,2.4096405594151764,0.08446553587677211
GICRE,GICRE.NS,General Insurance Corporation of India,Financial Services,631320870912.0,Financial Services,Insurance - Reinsurance,2026-03-14,2026-03-16,359.70001220703125,364.0,352.0,362.54998779296875,359.8500061035156,0.7503075291532602,366757.0,312370.95,1.1741072593338144,1.4028149642882242,0.5348585153808646
GILLETTE,GILLETTE.NS,Gillette India Ltd.,Fast Moving Consumer Goods,260013735936.0,Consumer Defensive,Household & Personal Products,2026-03-14,2026-03-16,8000.0,8000.5,7851.5,7938.0,7979.5,-0.5200827119493656,17172.0,15360.8,1.117910525493464,1.4443321296212654,0.3600852610581628
GLAND,GLAND.NS,Gland Pharma Ltd.,Healthcare,267992776704.0,Healthcare,Drug Manufacturers - Specialty & Generic,2026-03-14,2026-03-16,1603.0999755859375,1620.0,1573.5999755859375,1609.199951171875,1626.5999755859375,-1.0697174889477412,57547.0,80343.7,0.7162602668286375,1.6439804362278547,0.6506874810519211
GLAXO,GLAXO.NS,Glaxosmithkline Pharmaceuticals Ltd.,Healthcare,410691043328.0,Healthcare,Drug Manufacturers - General,2026-03-14,2026-03-16,2413.0,2432.39990234375,2379.199951171875,2403.0,2424.300048828125,-0.8786061295680492,43789.0,51381.35,0.8522352954914575,1.2550092843058134,0.7000793863083132
GLENMARK,GLENMARK.NS,Glenmark Pharmaceuticals Ltd.,Healthcare,612783947776.0,Healthcare,Drug Manufacturers - Specialty & Generic,2026-03-14,2026-03-16,2172.5,2214.800048828125,2145.0,2175.39990234375,2170.699951171875,0.21651777203650635,528612.0,531375.55,0.994799252618981,2.0683652731798743,0.10468062621436064
MEDANTA,MEDANTA.NS,Global Health Ltd.,Healthcare,288069910528.0,Healthcare,Medical Care Facilities,2026-03-14,2026-03-16,1075.0,1082.0,1036.0,1040.800048828125,1072.0999755859375,-2.919497012459693,109984.0,118179.85,0.9306493450448616,1.6759298122296502,1.7420162772661738
GODIGIT,GODIGIT.NS,Go Digit General Insurance Ltd.,Financial Services,309312684032.0,Financial Services,Insurance - Property & Casualty,2026-03-14,2026-03-16,334.6499938964844,343.0,328.29998779296875,339.79998779296875,334.6499938964844,1.5389194652360771,136555.0,419430.65,0.32557229663592774,1.8369594654463635,0.8377536326650161
GPIL,GPIL.NS,Godawari Power & Ispat Ltd.,Capital Goods,163172417536.0,Basic Materials,Steel,2026-03-14,2026-03-16,252.6999969482422,253.0,245.3000030517578,249.14999389648438,251.5500030517578,-0.9540883029842906,1688335.0,1888415.2,0.8940486181216928,2.436298306548735,0.3916139088631777
GODFRYPHLP,GODFRYPHLP.NS,Godfrey Phillips India Ltd.,Fast Moving Consumer Goods,314552811520.0,Consumer Defensive,Tobacco,2026-03-14,2026-03-16,2017.5,2034.5,1970.0999755859375,2019.5999755859375,2016.5999755859375,0.14876525023899134,376063.0,1994817.4,0.18852001190685425,5.6962523226207225,0.02611633786800857
GODREJAGRO,GODREJAGRO.NS,Godrej Agrovet Ltd.,Fast Moving Consumer Goods,109521362944.0,Consumer Defensive,Packaged Foods,2026-03-14,2026-03-16,571.75,580.5999755859375,565.3499755859375,574.7000122070312,568.9500122070312,1.0106336016577178,119481.0,151893.95,0.7866080248752501,1.949373086347108,0.518440317420984
GODREJCP,GODREJCP.NS,Godrej Consumer Products Ltd.,Fast Moving Consumer Goods,1051793162240.0,Consumer Defensive,Household & Personal Products,2026-03-14,2026-03-16,1027.300048828125,1047.199951171875,1019.5,1041.0999755859375,1027.9000244140625,1.2841668312440602,2299387.0,1353344.25,1.6990407281813182,1.9579683252541602,0.6558670100433647
GODREJIND,GODREJIND.NS,Godrej Industries Ltd.,Diversified,282225606656.0,Industrials,Conglomerates,2026-03-14,2026-03-16,837.0,866.6500244140625,814.4000244140625,859.5499877929688,837.9500122070312,2.577716483235859,81441.0,122019.05,0.6674449604385545,2.3353152518445275,1.1037980765979554
GODREJPROP,GODREJPROP.NS,Godrej Properties Ltd.,Realty,475125088256.0,Real Estate,Real Estate - Development,2026-03-14,2026-03-16,1578.0,1593.0,1543.0,1560.0,1577.4000244140625,-1.1030825500668917,840908.0,1428413.3,0.5887007632874883,2.127916208140292,0.518386271906326
GRANULES,GRANULES.NS,Granules India Ltd.,Healthcare,139311431680.0,Healthcare,Drug Manufacturers - Specialty & Generic,2026-03-14,2026-03-16,560.5,572.7000122070312,555.75,567.0,562.2000122070312,0.853786497464748,661428.0,620201.15,1.0664733530403805,2.23027068998354,0.38281743166837257
GRAPHITE,GRAPHITE.NS,Graphite India Ltd.,Capital Goods,121511395328.0,Industrials,Electrical Equipment & Parts,2026-03-14,2026-03-16,618.5,618.5,591.5,613.5,621.5499877929688,-1.295147285185072,1004086.0,1801705.95,0.5572973769665356,2.877832899235673,0.45004255998638826
GRASIM,GRASIM.NS,Grasim Industries Ltd.,Construction Materials,1741749092352.0,Basic Materials,Building Materials,2026-03-14,2026-03-16,2570.0,2661.39990234375,2565.0,2654.39990234375,2568.60009765625,3.340333310965349,1531870.0,870382.8,1.7599957168271247,1.8735166908962608,1.7829215652022754
GRAVITA,GRAVITA.NS,Gravita India Ltd.,Metals & Mining,103428415488.0,Industrials,Metal Fabrication,2026-03-14,2026-03-16,1430.0,1439.9000244140625,1382.5999755859375,1399.9000244140625,1420.0,-1.415491238446298,277280.0,158960.35,1.7443343575929469,1.79978331767612,0.7864786969322397
GESHIP,GESHIP.NS,Great Eastern Shipping Co. Ltd.,Services,208425795584.0,Industrials,Marine Shipping,2026-03-14,2026-03-16,1450.0,1452.699951171875,1343.699951171875,1373.4000244140625,1459.9000244140625,-5.925063261418684,1139527.0,617257.7,1.8461122477694487,2.657187996036366,2.2298246380221847
FLUOROCHEM,FLUOROCHEM.NS,Gujarat Fluorochemicals Ltd.,Chemicals,337305436160.0,Basic Materials,Specialty Chemicals,2026-03-14,2026-03-16,3055.300048828125,3109.5,2980.5,3078.699951171875,3070.60009765625,0.26378731381555554,82568.0,52010.9,1.587513386617036,1.8460324644607031,0.14289419005023724
GUJGASLTD,GUJGASLTD.NS,Gujarat Gas Ltd.,Oil Gas & Consumable Fuels,257664417792.0,Utilities,Utilities - Regulated Gas,2026-03-14,2026-03-16,377.0,379.70001220703125,356.3500061035156,365.25,374.29998779296875,-2.417843464631486,1508604.0,2167020.65,0.6961650319298988,2.5655621346630504,0.9424224936766286
GMDCLTD,GMDCLTD.NS,Gujarat Mineral Development Corporation Ltd.,Metals & Mining,168170586112.0,Energy,Thermal Coal,2026-03-14,2026-03-16,530.0,538.9500122070312,523.1500244140625,532.0999755859375,528.75,0.6335651226359262,2027256.0,2355444.85,0.8606679965357711,2.851495891134231,0.2221869316402609
GSPL,GSPL.NS,Gujarat State Petronet Ltd.,Oil Gas & Consumable Fuels,153289850880.0,Utilities,Utilities - Regulated Gas,2026-03-14,2026-03-16,272.04998779296875,275.45001220703125,264.1499938964844,270.25,271.6000061035156,-0.49705672797411005,493414.0,910731.75,0.5417775321877161,2.26768600028936,0.21919116134715516
HEG,HEG.NS,H.E.G. Ltd.,Capital Goods,95726501888.0,Industrials,Electrical Equipment & Parts,2026-03-14,2026-03-16,495.3999938964844,502.0,476.5,498.6000061035156,496.04998779296875,0.514064786472912,1172602.0,1645600.25,0.7125679520284468,2.5711591747256177,0.1999350298986334
HBLENGINE,HBLENGINE.NS,HBL Engineering Ltd.,Capital Goods,182532866048.0,Industrials,Electrical Equipment & Parts,2026-03-14,2026-03-16,658.9500122070312,667.5499877929688,641.2000122070312,656.25,658.5,-0.3416856492027387,1400102.0,1125486.45,1.243997206718926,2.5194749654744353,0.13561779890057246
HCLTECH,HCLTECH.NS,HCL Technologies Ltd.,Information Technology,3586071986176.0,Technology,Information Technology Services,2026-03-14,2026-03-16,1312.800048828125,1337.699951171875,1302.4000244140625,1328.5999755859375,1325.4000244140625,0.24143285898079458,3618350.0,3245272.1,1.114960437369797,1.7584331843227103,0.13729999020337327
HDFCAMC,HDFCAMC.NS,HDFC Asset Management Company Ltd.,Financial Services,1019925037056.0,Financial Services,Asset Management,2026-03-14,2026-03-16,2384.0,2397.800048828125,2323.0,2367.199951171875,2381.0,-0.579590458972068,1973359.0,856151.4,2.3049182656245146,1.8225391341030697,0.3180126276176249
HDFCBANK,HDFCBANK.NS,HDFC Bank Ltd.,Financial Services,12573860691968.0,Financial Services,Banks - Regional,2026-03-14,2026-03-16,817.0,844.5,815.6500244140625,840.5999755859375,817.0,2.888613902807524,52178145.0,33548796.05,1.555291132422023,1.4469702790157,1.996318752844392
HDFCLIFE,HDFCLIFE.NS,HDFC Life Insurance Company Ltd.,Financial Services,1349790334976.0,Financial Services,Insurance - Life,2026-03-14,2026-03-16,625.0,630.5499877929688,617.2000122070312,626.0,625.75,0.03995205753095643,2750342.0,3039920.2,0.904741512622601,1.6535858476568293,0.024160860827134832
HFCL,HFCL.NS,HFCL Ltd.,Telecommunication,110127587328.0,Technology,Communication Equipment,2026-03-14,2026-03-16,72.31999969482422,72.94999694824219,69.30000305175781,71.2699966430664,71.97000122070312,-0.9726338276556112,20355543.0,21665250.95,0.9395479907884474,2.5371297128287837,0.38335991366053135
HAPPSTMNDS,HAPPSTMNDS.NS,Happiest Minds Technologies Ltd.,Information Technology,59078389760.0,Technology,Information Technology Services,2026-03-14,2026-03-16,390.0,390.8999938964844,365.1499938964844,377.3500061035156,393.25,-4.043227945704864,3616039.0,6168061.35,0.5862521130727729,4.600293800752247,0.8789064613750776
HAVELLS,HAVELLS.NS,Havells India Ltd.,Consumer Durables,821880160256.0,Industrials,Electrical Equipment & Parts,2026-03-14,2026-03-16,1310.0,1316.9000244140625,1273.0,1297.300048828125,1310.199951171875,-0.9845750896427696,963245.0,718536.9,1.3405644163855746,1.6560993753101847,0.5945144985386884
HEROMOTOCO,HEROMOTOCO.NS,Hero MotoCorp Ltd.,Automobile and Auto Components,1041667391488.0,Consumer Cyclical,Auto Manufacturers,2026-03-14,2026-03-16,5198.5,5329.0,5124.5,5278.5,5206.0,1.392623895505185,466556.0,446770.0,1.0442867694787026,2.2304465261486266,0.6243699990915573
HEXT,HEXT.NS,Hexaware Technologies Ltd.,Information Technology,250654474240.0,Technology,Information Technology Services,2026-03-14,2026-03-16,407.3999938964844,420.1499938964844,402.04998779296875,416.95001220703125,411.3500061035156,1.3613725587514391,835133.0,1325914.2,0.629854480780129,2.478573182769892,0.5492565513962585
HSCL,HSCL.NS,Himadri Speciality Chemical Ltd.,Chemicals,222966972416.0,Basic Materials,Specialty Chemicals,2026-03-14,2026-03-16,434.0,444.8999938964844,421.0,440.8500061035156,438.8500061035156,0.4557365779159328,1921262.0,1726000.9,1.1131291994111938,2.4946703426145986,0.18268408860718938
HINDALCO,HINDALCO.NS,Hindalco Industries Ltd.,Metals & Mining,2034758320128.0,Basic Materials,Aluminum,2026-03-14,2026-03-16,906.8499755859375,943.1500244140625,901.2999877929688,921.1500244140625,910.0499877929688,1.2197172430069791,10755257.0,6564125.8,1.6384903835938063,2.181598663520927,0.5590933215179241
HAL,HAL.NS,Hindustan Aeronautics Ltd.,Capital Goods,2617852821504.0,Industrials,Aerospace & Defense,2026-03-14,2026-03-16,3914.39990234375,3938.800048828125,3843.0,3913.10009765625,3914.39990234375,-0.033205720415063755,1378759.0,1783715.45,0.7729702627176325,1.6833328037434887,0.019726176749611864
HINDCOPPER,HINDCOPPER.NS,Hindustan Copper Ltd.,Metals & Mining,480119226368.0,Basic Materials,Copper,2026-03-14,2026-03-16,488.04998779296875,494.79998779296875,472.5,477.54998779296875,496.29998779296875,-3.777956973841712,11892234.0,11466532.25,1.0371255878166654,2.8234416800649176,1.3380680042078459
HINDPETRO,HINDPETRO.NS,Hindustan Petroleum Corporation Ltd.,Oil Gas & Consumable Fuels,784634544128.0,Energy,Oil & Gas Refining & Marketing,2026-03-14,2026-03-16,361.0,364.95001220703125,348.29998779296875,353.79998779296875,368.75,-4.0542405985169445,14657361.0,7220833.15,2.0298711652131165,2.745611350113325,1.4766258153578824
HINDUNILVR,HINDUNILVR.NS,Hindustan Unilever Ltd.,Fast Moving Consumer Goods,5075854426112.0,Consumer Defensive,Household & Personal Products,2026-03-14,2026-03-16,2169.60009765625,2186.699951171875,2154.0,2175.699951171875,2160.0,0.7268495912905015,1981368.0,1680775.2,1.178841763015066,1.1909544099837042,0.6103084930853457
HINDZINC,HINDZINC.NS,Hindustan Zinc Ltd.,Metals & Mining,2332164882432.0,Basic Materials,Other Industrial Metals & Mining,2026-03-14,2026-03-16,548.0,551.9000244140625,529.5999755859375,533.8499755859375,551.9500122070312,-3.279289106040384,7772075.0,5924607.8,1.3118294513942341,2.2464693969439318,1.4597524054863542
POWERINDIA,POWERINDIA.NS,Hitachi Energy India Ltd.,Capital Goods,1077888221184.0,Industrials,Electrical Equipment & Parts,2026-03-14,2026-03-16,24195.0,24405.0,23400.0,24205.0,24165.0,0.1655286571487613,138188.0,125283.75,1.1030001895696768,2.263040105470914,0.0731443763407439
HOMEFIRST,HOMEFIRST.NS,Home First Finance Company India Ltd.,Financial Services,102963798016.0,Financial Services,Mortgage Finance,2026-03-14,2026-03-16,982.7999877929688,1007.9000244140625,977.5,989.2000122070312,987.7000122070312,0.15186797422916953,400726.0,714573.3,0.5607906144827969,2.9819379294141553,0.05092928753852572
HONASA,HONASA.NS,Honasa Consumer Ltd.,Fast Moving Consumer Goods,87538778112.0,Consumer Defensive,Household & Personal Products,2026-03-14,2026-03-16,265.3999938964844,267.8500061035156,261.6000061035156,265.8999938964844,268.95001220703125,-1.1340465410349387,452171.0,747206.75,0.6051484411777597,1.9733085839633322,0.5746929548936739
HONAUT,HONAUT.NS,Honeywell Automation India Ltd.,Capital Goods,265863135232.0,Industrials,Electrical Equipment & Parts,2026-03-14,2026-03-16,30100.0,30250.0,29085.0,29305.0,30050.0,-2.479201331114811,3339.0,5193.4,0.6429314129472022,1.3403790086937222,1.8496270943029298
HUDCO,HUDCO.NS,Housing & Urban Development Corporation Ltd.,Financial Services,345728122880.0,Financial Services,Credit Services,2026-03-14,2026-03-16,172.6999969482422,173.5500030517578,168.89999389648438,172.1199951171875,172.6999969482422,-0.3358435676339422,3356274.0,3607462.35,0.9303697930485677,1.5402145198582913,0.21804986468043538
HYUNDAI,HYUNDAI.NS,Hyundai Motor India Ltd.,Automobile and Auto Components,1639707967488.0,Consumer Cyclical,Auto Manufacturers,2026-03-14,2026-03-16,2004.0,2009.0,1930.300048828125,1963.9000244140625,2018.0,-2.680870940829405,1324001.0,551965.3,2.398703324285059,2.457610310549616,1.0908446018969782
ICICIBANK,ICICIBANK.NS,ICICI Bank Ltd.,Financial Services,8981072314368.0,Financial Services,Banks - Regional,2026-03-14,2026-03-16,1255.0,1276.800048828125,1240.0999755859375,1272.9000244140625,1254.800048828125,1.4424589481679906,22740461.0,15970322.8,1.4239199347930525,1.4081021025081029,1.0243993994460285
ICICIGI,ICICIGI.NS,ICICI Lombard General Insurance Company Ltd.,Financial Services,915326173184.0,Financial Services,Insurance - Diversified,2026-03-14,2026-03-16,1836.199951171875,1855.0,1806.5999755859375,1850.5,1837.0999755859375,0.7294118225541046,725653.0,552970.3,1.312282052037876,1.2408567646138173,0.5878291865387977
ICICIPRULI,ICICIPRULI.NS,ICICI Prudential Life Insurance Company Ltd.,Financial Services,845644103680.0,Financial Services,Insurance - Life,2026-03-14,2026-03-16,580.0,589.1500244140625,578.0,583.9000244140625,583.75,0.025700113758020393,1391776.0,1172025.4,1.18749644845581,1.5179898293648355,0.016930359651206595
IDBI,IDBI.NS,IDBI Bank Ltd.,Financial Services,991252643840.0,Financial Services,Banks - Regional,2026-03-14,2026-03-16,82.12000274658203,82.83999633789062,76.11000061035156,76.9000015258789,92.18000030517578,-16.57626245249527,124967914.0,24372586.3,5.127396512695905,4.651132809588506,3.5639194000916525
IDFCFIRSTB,IDFCFIRSTB.NS,IDFC First Bank Ltd.,Financial Services,538051411968.0,Financial Services,Banks - Regional,2026-03-14,2026-03-16,62.4900016784668,63.20000076293945,61.29999923706055,62.810001373291016,62.56999969482422,0.38357308556395964,43719178.0,89032259.95,0.4910487280065949,4.038877679822219,0.09497021597862393
IFCI,IFCI.NS,IFCI Ltd.,Financial Services,154374832128.0,Financial Services,Credit Services,2026-03-14,2026-03-16,57.4900016784668,57.5,54.130001068115234,55.72999954223633,57.209999084472656,-2.5869595628747577,33631097.0,25887027.25,1.2991486691466283,2.8346670682438986,0.9126149563932395
IIFL,IIFL.NS,IIFL Finance Ltd.,Financial Services,203025088512.0,Financial Services,Credit Services,2026-03-14,2026-03-16,475.1000061035156,479.0,460.8500061035156,475.45001220703125,477.45001220703125,-0.4188920198692436,971742.0,1202251.2,0.8082686879414219,1.9539513706682876,0.21438200876308133
INOXINDIA,INOXINDIA.NS,INOX India Ltd.,Capital Goods,103152721920.0,Industrials,Specialty Industrial Machinery,2026-03-14,2026-03-16,1138.5,1155.9000244140625,1117.0,1144.4000244140625,1136.5,0.6951187341893927,52521.0,53905.35,0.9743188755847054,1.8147450127895628,0.3830393412245175
IRB,IRB.NS,IRB Infrastructure Developers Ltd.,Construction,250980843520.0,Industrials,Infrastructure Operations,2026-03-14,2026-03-16,41.84000015258789,41.869998931884766,40.400001525878906,41.36000061035156,41.560001373291016,-0.481233773654266,9467531.0,7236247.6,1.3083481278335474,1.9761801343469978,0.24351715984296302
IRCON,IRCON.NS,IRCON International Ltd.,Construction,122473955328.0,Industrials,Engineering & Construction,2026-03-14,2026-03-16,130.22000122070312,130.5,123.70999908447266,125.83000183105469,130.22000122070312,-3.371217438562346,4930634.0,5743863.65,0.8584176610807953,3.301954926697686,1.0209762136074736
ITCHOTELS,ITCHOTELS.NS,ITC Hotels Ltd.,Consumer Services,319101665280.0,Consumer Cyclical,Resorts & Casinos,2026-03-14,2026-03-16,152.0,156.75,146.25,154.74000549316406,153.1199951171875,1.058000540515125,9024178.0,4075105.3,2.214464985726872,1.6978181606508995,0.6231530354873309
ITC,ITC.NS,ITC Ltd.,Fast Moving Consumer Goods,3776936411136.0,Consumer Defensive,Tobacco,2026-03-14,2026-03-16,302.54998779296875,309.45001220703125,302.0,308.25,301.45001220703125,2.2557596674763536,37471007.0,20215765.2,1.8535537304321283,1.3020068823194864,1.7325251487594175
ITI,ITI.NS,ITI Ltd.,Telecommunication,233675505664.0,Technology,Communication Equipment,2026-03-14,2026-03-16,243.0500030517578,289.79998779296875,240.0,277.1499938964844,242.3000030517578,14.382992325956456,87087520.0,4610790.45,18.88776359376731,4.031810228984969,3.5673783013287945
INDGN,INDGN.NS,Indegene Ltd.,Healthcare,103156121600.0,Healthcare,Health Information Services,2026-03-14,2026-03-16,430.0,443.70001220703125,423.0,435.29998779296875,429.25,1.4094322173485718,461131.0,464352.9,0.9930615271273205,1.8236158810825482,0.7728777929439254
INDIACEM,INDIACEM.NS,India Cements Ltd.,Construction Materials,164694654976.0,Basic Materials,Building Materials,2026-03-14,2026-03-16,350.0,358.0,344.6000061035156,355.20001220703125,354.29998779296875,0.2540289147817898,168815.0,291404.3,0.5793154047486602,1.6864353574901698,0.15063068599311583
INDIAMART,INDIAMART.NS,Indiamart Intermesh Ltd.,Consumer Services,126260658176.0,Communication Services,Internet Content & Information,2026-03-14,2026-03-16,2100.199951171875,2140.0,2074.89990234375,2108.0,2101.89990234375,0.2902182758297789,125680.0,122779.7,1.0236219831128437,1.4129932672695977,0.20539253976105856
INDIANB,INDIANB.NS,Indian Bank,Financial Services,1172682833920.0,Financial Services,Banks - Regional,2026-03-14,2026-03-16,865.0,884.5999755859375,848.6500244140625,877.4500122070312,870.2999877929688,0.8215586021314891,2341790.0,1903823.35,1.230045844326891,2.4348680989147207,0.33741400714793446
IEX,IEX.NS,Indian Energy Exchange Ltd.,Financial Services,106938359808.0,Financial Services,Capital Markets,2026-03-14,2026-03-16,120.27999877929688,120.88999938964844,117.19000244140625,118.80000305175781,120.25,-1.2058186679768657,6556264.0,5540514.15,1.1833313339701514,1.514107960254827,0.7963888306709148
INDHOTEL,INDHOTEL.NS,Indian Hotels Co. Ltd.,Consumer Services,868080091136.0,Consumer Cyclical,Lodging,2026-03-14,2026-03-16,610.0,617.2000122070312,595.0,613.3499755859375,609.8499755859375,0.5739116405862443,3356736.0,2723204.75,1.2326417982342313,1.5129293402802644,0.3793380333809439
IOC,IOC.NS,Indian Oil Corporation Ltd.,Oil Gas & Consumable Fuels,2210538455040.0,Energy,Oil & Gas Refining & Marketing,2026-03-14,2026-03-16,153.00999450683594,154.60000610351562,146.8800048828125,148.9600067138672,156.5399932861328,-4.842204482793411,35677726.0,20702937.5,1.7233170896642083,2.3513734573312477,2.059308982882369
IOB,IOB.NS,Indian Overseas Bank,Financial Services,628305035264.0,Financial Services,Banks - Regional,2026-03-14,2026-03-16,32.5,32.540000915527344,31.59000015258789,32.209999084472656,32.61000061035156,-1.2266222581790776,6887370.0,7903942.65,0.8713841060068926,1.8536645807286904,0.661728271086068
IRCTC,IRCTC.NS,Indian Railway Catering And Tourism Corporation Ltd.,Consumer Services,422079987712.0,Consumer Cyclical,Travel Services,2026-03-14,2026-03-16,527.7000122070312,529.0,518.25,526.4500122070312,527.5999755859375,-0.21796122670951767,1857032.0,4051867.5,0.45831508557473805,1.8695162512748509,0.11658696551093721
IRFC,IRFC.NS,Indian Railway Finance Corporation Ltd.,Financial Services,1270504751104.0,Financial Services,Credit Services,2026-03-14,2026-03-16,96.9000015258789,97.12999725341797,94.31999969482422,96.44000244140625,97.19999694824219,-0.7818873772605373,16510259.0,18687115.25,0.883510310667132,1.8854460740421977,0.414696229197504
IREDA,IREDA.NS,Indian Renewable Energy Development Agency Ltd.,Financial Services,322640216064.0,Financial Services,Credit Services,2026-03-14,2026-03-16,114.8499984741211,116.16999816894531,112.06999969482422,115.19000244140625,114.8499984741211,0.2960417690921924,7968310.0,7825106.5,1.0183005176990243,1.975743964819166,0.14983812394906554
IGL,IGL.NS,Indraprastha Gas Ltd.,Oil Gas & Consumable Fuels,219316944896.0,Utilities,Utilities - Regulated Gas,2026-03-14,2026-03-16,156.89999389648438,157.72000122070312,152.1999969482422,155.49000549316406,156.50999450683594,-0.651708548636698,1975675.0,3289764.1,0.6005521794100677,2.1643928956246286,0.3011045498967134
INDUSTOWER,INDUSTOWER.NS,Indus Towers Ltd.,Telecommunication,1118021222400.0,Communication Services,Telecom Services,2026-03-14,2026-03-16,425.0,430.6499938964844,418.45001220703125,427.1000061035156,423.95001220703125,0.7430106865868202,3446826.0,4209859.9,0.818750761753378,1.5609528773662953,0.47599815302589965
INDUSINDBK,INDUSINDBK.NS,IndusInd Bank Ltd.,Financial Services,634504019968.0,Financial Services,Banks - Regional,2026-03-14,2026-03-16,814.5499877929688,830.0,806.2000122070312,825.0499877929688,814.4000244140625,1.3077066625297062,3106383.0,3812112.25,0.8148718600822943,2.0477860940450525,0.6385953427130441
NAUKRI,NAUKRI.NS,Info Edge (India) Ltd.,Consumer Services,616679342080.0,Communication Services,Internet Content & Information,2026-03-14,2026-03-16,950.0,955.2999877929688,932.2000122070312,949.5999755859375,952.4000244140625,-0.29399923943173034,2203096.0,1865121.95,1.181207480829873,1.7408716068604106,0.16888048393295685
INFY,INFY.NS,Infosys Ltd.,Information Technology,5051129528320.0,Technology,Information Technology Services,2026-03-14,2026-03-16,1240.199951171875,1254.300048828125,1224.199951171875,1249.800048828125,1248.300048828125,0.12016341755398674,12313734.0,13910498.4,0.885211560787786,1.3363668274384959,0.08991798889853622
INOXWIND,INOXWIND.NS,Inox Wind Ltd.,Capital Goods,137628385280.0,Industrials,Specialty Industrial Machinery,2026-03-14,2026-03-16,79.69999694824219,81.0999984741211,77.18000030517578,78.4000015258789,79.58999633789062,-1.4951562592863121,13300441.0,13772553.2,0.9657207931496682,1.8618801077895042,0.8030357341651925
INTELLECT,INTELLECT.NS,Intellect Design Arena Ltd.,Information Technology,91797004288.0,Technology,Software - Application,2026-03-14,2026-03-16,666.75,666.75,642.0,645.2000122070312,660.75,-2.3533844559922468,290685.0,468653.5,0.6202556899713755,1.6014738590209656,1.4695116268903379
INDIGO,INDIGO.NS,InterGlobe Aviation Ltd.,Services,1607613415424.0,Industrials,Airlines,2026-03-14,2026-03-16,4105.0,4270.0,4093.89990234375,4222.10009765625,4158.2001953125,1.5367201996619562,1792829.0,1588076.1,1.1289314158181714,2.4109337582418773,0.6373962761973921
IGIL,IGIL.NS,International Gemmological Institute (India) Ltd.,Services,133472518144.0,Basic Materials,Other Precious Metals & Mining,2026-03-14,2026-03-16,310.0,314.0,296.04998779296875,306.1499938964844,308.8500061035156,-0.8742147170708869,450662.0,616047.9,0.7315372716959184,1.338163687567543,0.6532943056166748
IKS,IKS.NS,Inventurus Knowledge Solutions Ltd.,Information Technology,222338596864.0,Healthcare,Health Information Services,2026-03-14,2026-03-16,1333.9000244140625,1378.0,1315.699951171875,1330.5999755859375,1327.300048828125,0.24861950097312402,251212.0,260415.8,0.9646572903794625,2.624402120208894,0.0947337677632019
IPCALAB,IPCALAB.NS,Ipca Laboratories Ltd.,Healthcare,397546127360.0,Healthcare,Drug Manufacturers - Specialty & Generic,2026-03-14,2026-03-16,1565.5999755859375,1574.5,1534.0999755859375,1557.0,1561.300048828125,-0.275414634832849,181093.0,191891.65,0.9437252741325639,1.4018141657839687,0.19647014672506363
JBCHEPHARM,JBCHEPHARM.NS,J.B. Chemicals & Pharmaceuticals Ltd.,Healthcare,340673462272.0,Healthcare,Drug Manufacturers - Specialty & Generic,2026-03-14,2026-03-16,2136.0,2177.0,2065.0,2090.199951171875,2121.800048828125,-1.4893061046776235,605806.0,418086.05,1.4489983581131205,1.423393205079021,1.046306880883939
JKCEMENT,JKCEMENT.NS,J.K. Cement Ltd.,Construction Materials,386495774720.0,Basic Materials,Building Materials,2026-03-14,2026-03-16,4967.0,5103.0,4869.0,5061.0,5002.0,1.1795281887245102,65079.0,65695.3,0.9906188113913781,2.2653459864226786,0.5206834610668731
JBMA,JBMA.NS,JBM Auto Ltd.,Automobile and Auto Components,116945698816.0,Consumer Cyclical,Auto Parts,2026-03-14,2026-03-16,499.8500061035156,500.3999938964844,477.0,486.20001220703125,494.29998779296875,-1.638676064327571,418540.0,244156.25,1.7142301292717266,1.89260741829094,0.8658298855276211
JKTYRE,JKTYRE.NS,JK Tyre & Industries Ltd.,Automobile and Auto Components,118797664256.0,Consumer Cyclical,Auto Parts,2026-03-14,2026-03-16,412.6000061035156,422.1499938964844,399.0,418.3999938964844,411.75,1.6150561982961387,1537757.0,1839363.85,0.8360265425462178,3.14026855107018,0.514305121371145
JMFINANCIL,JMFINANCIL.NS,JM Financial Ltd.,Financial Services,113271767040.0,Financial Services,Capital Markets,2026-03-14,2026-03-16,119.5999984741211,121.80000305175781,115.0,119.30000305175781,118.44000244140625,0.7261065456132698,4062967.0,3082484.7,1.3180818058886066,2.596176465752233,0.27968304743217176
JSWCEMENT,JSWCEMENT.NS,JSW Cement Ltd.,Construction Materials,155020328960.0,Basic Materials,Building Materials,2026-03-14,2026-03-16,115.80999755859375,117.69000244140625,114.98999786376953,116.45999908447266,115.80999755859375,0.5612654689419516,1742501.0,2776724.2,0.6275383777762299,2.058000677149629,0.27272365610652527
JSWENERGY,JSWENERGY.NS,JSW Energy Ltd.,Power,900805165056.0,Utilities,Utilities - Independent Power Producers,2026-03-14,2026-03-16,512.9500122070312,516.9000244140625,496.04998779296875,505.1499938964844,512.9500122070312,-1.5206195779168263,3366858.0,3242979.85,1.0381988651579195,2.2655156057088224,0.6712024291887687
JSWINFRA,JSWINFRA.NS,JSW Infrastructure Ltd.,Services,528163962880.0,Industrials,Marine Shipping,2026-03-14,2026-03-16,252.9499969482422,253.35000610351562,245.89999389648438,250.39999389648438,253.39999389648438,-1.18389900247019,1235551.0,1467301.55,0.8420566310994492,2.108759071495213,0.5614197555677842
JSWSTEEL,JSWSTEEL.NS,JSW Steel Ltd.,Metals & Mining,2734295351296.0,Basic Materials,Steel,2026-03-14,2026-03-16,1121.5,1150.0,1120.0999755859375,1145.5999755859375,1119.300048828125,2.349676191415151,2593175.0,1472187.3,1.7614436695656863,2.137330581910856,1.0993508497475621
JPPOWER,JPPOWER.NS,Jaiprakash Power Ventures Ltd.,Power,95318523904.0,Utilities,Utilities - Independent Power Producers,2026-03-14,2026-03-16,13.9399995803833,13.979999542236328,13.399999618530273,13.5,13.899999618530273,-2.877695176315176,39158001.0,33295469.15,1.176075964678215,2.3835203382153174,1.2073298180748382
J&KBANK,J&KBANK.NS,Jammu & Kashmir Bank Ltd.,Financial Services,133033852928.0,Financial Services,Banks - Regional,2026-03-14,2026-03-16,121.13999938964844,125.61000061035156,116.48999786376953,123.66000366210938,120.80999755859375,2.3590813352457385,12077478.0,10685243.95,1.13029501773799,3.618721126456449,0.6519102337006597
JINDALSAW,JINDALSAW.NS,Jindal Saw Ltd.,Capital Goods,121952444416.0,Basic Materials,Steel,2026-03-14,2026-03-16,190.8800048828125,203.7899932861328,187.0,196.6699981689453,191.3300018310547,2.790987449321136,25188580.0,13856111.55,1.8178678707302987,5.365478322704406,0.5201749557930134
JSL,JSL.NS,Jindal Stainless Ltd.,Metals & Mining,582891536384.0,Basic Materials,Steel,2026-03-14,2026-03-16,706.9000244140625,715.9500122070312,674.1500244140625,709.9000244140625,707.4500122070312,0.3463159466755794,1358146.0,1052955.15,1.2898422121777933,2.7788231075693433,0.12462684138916078
JINDALSTEL,JINDALSTEL.NS,Jindal Steel Ltd.,Metals & Mining,1163294277632.0,Basic Materials,Steel,2026-03-14,2026-03-16,1137.0,1156.199951171875,1124.199951171875,1133.0,1143.300048828125,-0.9009051332309892,1403665.0,1329742.45,1.0555916297926715,2.614124521190913,0.3446297702836914
JIOFIN,JIOFIN.NS,Jio Financial Services Ltd.,Financial Services,1494576660480.0,Financial Services,Asset Management,2026-03-14,2026-03-16,235.0,238.0,230.6999969482422,234.35000610351562,235.25,-0.3825691377191798,14925209.0,13324636.75,1.1201212670957053,1.4874933489131794,0.2571904862624762
JUBLFOOD,JUBLFOOD.NS,Jubilant Foodworks Ltd.,Consumer Services,301316046848.0,Consumer Cyclical,Restaurants,2026-03-14,2026-03-16,460.0,472.20001220703125,448.3500061035156,467.79998779296875,458.1499938964844,2.1062957601315047,2084847.0,2269303.5,0.9187166899447341,1.3788295214325932,1.527596941747432
JUBLINGREA,JUBLINGREA.NS,Jubilant Ingrevia Ltd.,Chemicals,88154513408.0,Basic Materials,Specialty Chemicals,2026-03-14,2026-03-16,560.5,561.0999755859375,540.0999755859375,550.0499877929688,557.5999755859375,-1.3540150867178746,441356.0,220456.8,2.002006742364037,2.177967616536574,0.6216874284251495
JUBLPHARMA,JUBLPHARMA.NS,Jubilant Pharmova Ltd.,Healthcare,133795168256.0,Healthcare,Drug Manufacturers - Specialty & Generic,2026-03-14,2026-03-16,830.0999755859375,845.2000122070312,816.6500244140625,839.9500122070312,844.2000122070312,-0.5034351976481277,142883.0,155846.75,0.9168173221449918,1.7752461604818253,0.28358613518222664
JWL,JWL.NS,Jupiter Wagons Ltd.,Capital Goods,112035143680.0,Industrials,Railroads,2026-03-14,2026-03-16,262.0,265.29998779296875,255.39999389648438,262.29998779296875,262.1499938964844,0.05721682242099124,2183731.0,7246259.5,0.30135975671310145,4.531983947131288,0.012625115862824063
JYOTHYLAB,JYOTHYLAB.NS,Jyothy Labs Ltd.,Fast Moving Consumer Goods,80658661376.0,Consumer Defensive,Household & Personal Products,2026-03-14,2026-03-16,219.64999389648438,228.3000030517578,213.5,214.89999389648438,219.64999389648438,-2.162531359886377,1539057.0,525646.85,2.9279296546721434,1.9452174345608877,1.1117170355685948
JYOTICNC,JYOTICNC.NS,Jyoti CNC Automation Ltd.,Capital Goods,162823569408.0,Industrials,Specialty Industrial Machinery,2026-03-14,2026-03-16,715.9500122070312,721.7999877929688,686.75,705.7000122070312,715.9500122070312,-1.431664197951854,421878.0,298775.75,1.4120222273728709,1.9387281097890552,0.7384553773801874
KPRMILL,KPRMILL.NS,K.P.R. Mill Ltd.,Textiles,287444926464.0,Consumer Cyclical,Textile Manufacturing,2026-03-14,2026-03-16,844.7999877929688,858.2999877929688,807.0,826.0999755859375,839.2000122070312,-1.56101482728076,549365.0,676312.5,0.812294612327881,3.611223644488595,0.43226755830067787
KEI,KEI.NS,KEI Industries Ltd.,Capital Goods,397507264512.0,Industrials,Electrical Equipment & Parts,2026-03-14,2026-03-16,4117.0,4218.0,4063.0,4174.0,4158.0,0.3848003848003767,311504.0,481949.05,0.646342180776163,2.6878996166246045,0.14316025138007168
KPITTECH,KPITTECH.NS,KPIT Technologies Ltd.,Information Technology,179824459776.0,Technology,Software - Infrastructure,2026-03-14,2026-03-16,660.0,664.0999755859375,629.2000122070312,631.9500122070312,660.1500244140625,-4.271758110144896,3225302.0,2082852.95,1.5485020197897312,2.1854451567048394,1.9546398119574633
KSB,KSB.NS,KSB Ltd.,Capital Goods,130703450112.0,Industrials,Specialty Industrial Machinery,2026-03-14,2026-03-16,745.0499877929688,757.0,738.2999877929688,752.5999755859375,751.0,0.21304601676930268,70751.0,1125950.2,0.06283670450078521,2.5560343887810064,0.08335021535876365
KAJARIACER,KAJARIACER.NS,Kajaria Ceramics Ltd.,Consumer Durables,144961683456.0,Industrials,Building Products & Equipment,2026-03-14,2026-03-16,905.0,908.25,870.0,888.9000244140625,910.1500244140625,-2.3347799186931084,343864.0,342110.85,1.0051245086205247,1.9708557994225055,1.1846528393285998
KPIL,KPIL.NS,Kalpataru Projects International Ltd.,Construction,188191342592.0,Industrials,Engineering & Construction,2026-03-14,2026-03-16,1096.5999755859375,1099.5999755859375,1063.5,1088.0999755859375,1102.0,-1.2613452281363458,73082.0,164890.1,0.44321642111927884,2.729683415952422,0.4620848046938242
KALYANKJIL,KALYANKJIL.NS,Kalyan Jewellers India Ltd.,Consumer Durables,391580745728.0,Consumer Cyclical,Luxury Goods,2026-03-14,2026-03-16,379.0,386.70001220703125,373.75,381.6000061035156,379.0,0.6860174415608489,2535278.0,3385171.75,0.7489362984315345,1.4636728181109309,0.46869589506092474
KARURVYSYA,KARURVYSYA.NS,Karur Vysya Bank Ltd.,Financial Services,272683204608.0,Financial Services,Banks - Regional,2026-03-14,2026-03-16,277.54998779296875,286.6499938964844,272.3500061035156,284.6000061035156,282.1000061035156,0.8862105444558566,4025805.0,2754482.05,1.4615470084475592,2.641373910793337,0.33551120529909495
KAYNES,KAYNES.NS,Kaynes Technology India Ltd.,Capital Goods,233162735616.0,Technology,Electronic Components,2026-03-14,2026-03-16,3490.0,3580.10009765625,3420.0,3555.0,3475.60009765625,2.284494766739509,1484574.0,1208280.9,1.2286662811602833,2.5488908198410036,0.8962701536513881
KEC,KEC.NS,Kec International Ltd.,Construction,146157109248.0,Industrials,Engineering & Construction,2026-03-14,2026-03-16,549.0499877929688,549.5,525.3499755859375,534.5999755859375,549.0499877929688,-2.631820877570068,1502973.0,842318.65,1.7843282942862537,2.0388495322124873,1.290836246613113
KFINTECH,KFINTECH.NS,Kfin Technologies Ltd.,Financial Services,153986334720.0,Technology,Software - Application,2026-03-14,2026-03-16,893.0,913.7999877929688,889.0999755859375,901.3499755859375,892.5499877929688,0.9859378088983739,700181.0,896117.9,0.7813491952342432,2.02959408679528,0.4857807850904637
KIRLOSBROS,KIRLOSBROS.NS,Kirloskar Brothers Ltd.,Capital Goods,120739938304.0,Industrials,Specialty Industrial Machinery,2026-03-14,2026-03-16,1509.0999755859375,1529.9000244140625,1469.5,1518.4000244140625,1520.199951171875,-0.11840065883602646,54427.0,218478.55,0.24911827728625993,3.1203218376786754,0.03794501496810635
KIRLOSENG,KIRLOSENG.NS,Kirloskar Oil Eng Ltd.,Capital Goods,210960515072.0,Industrials,Specialty Industrial Machinery,2026-03-14,2026-03-16,1449.0,1509.0,1421.5,1470.199951171875,1451.300048828125,1.3022739411475248,625892.0,481254.15,1.3005435901176123,1.6722791439941036,0.7787419617260481
KOTAKBANK,KOTAKBANK.NS,Kotak Mahindra Bank Ltd.,Financial Services,3648503939072.0,Financial Services,Banks - Regional,2026-03-14,2026-03-16,366.8500061035156,373.3500061035156,364.04998779296875,369.8500061035156,366.8500061035156,0.8177729181101601,27926569.0,16447422.35,1.697929827891846,1.6168429952443113,0.5057837529775681
KIMS,KIMS.NS,Krishna Institute of Medical Sciences Ltd.,Healthcare,254048223232.0,Healthcare,Medical Care Facilities,2026-03-14,2026-03-16,634.9500122070312,652.0,627.0,646.0999755859375,634.9000244140625,1.7640495733499462,233993.0,372496.65,0.6281747768738323,2.3767001423541037,0.7422263927676919
LTF,LTF.NS,L&T Finance Ltd.,Financial Services,646131613696.0,Financial Services,Credit Services,2026-03-14,2026-03-16,257.0,262.5,255.14999389648438,260.6499938964844,258.0,1.027129417242012,3212853.0,9309653.3,0.3451098442086989,2.2032491785036434,0.46618849436703125
LTTS,LTTS.NS,L&T Technology Services Ltd.,Information Technology,363577311232.0,Technology,Information Technology Services,2026-03-14,2026-03-16,3457.0,3457.0,3240.0,3324.89990234375,3430.10009765625,-3.0669715844264145,703250.0,340949.85,2.0626200598123154,3.7714713094914747,0.8132029472709813
LICHSGFIN,LICHSGFIN.NS,LIC Housing Finance Ltd.,Financial Services,273161273344.0,Financial Services,Mortgage Finance,2026-03-14,2026-03-16,496.95001220703125,504.45001220703125,490.29998779296875,501.5,496.6000061035156,0.9867083842650892,2285986.0,1485211.95,1.5391648309859074,1.497760208604242,0.6587892898988147
LTFOODS,LTFOODS.NS,LT Foods Ltd.,Fast Moving Consumer Goods,133847891968.0,Consumer Defensive,Packaged Foods,2026-03-14,2026-03-16,385.54998779296875,388.95001220703125,375.0,383.6000061035156,385.25,-0.4282917317285806,943913.0,6609636.25,0.14280861522447624,4.809113717810311,0.08905834980412788
LTM,LTM.NS,LTIMindtree Ltd.,Information Technology,1246969200640.0,Technology,Information Technology Services,2026-03-14,2026-03-16,4214.89990234375,4274.0,4160.10009765625,4207.10009765625,4206.5,0.014265961161297191,220841.0,279234.6111111111,0.790879752052386,1.8491268843700195,0.007714971472148313
LT,LT.NS,Larsen & Toubro Ltd.,Construction,4730728218624.0,Industrials,Engineering & Construction,2026-03-14,2026-03-16,3453.5,3494.800048828125,3396.60009765625,3469.39990234375,3439.0,0.8839750608825137,8458728.0,3845222.35,2.1998020478581686,2.8392220879500067,0.31134410535695956
LATENTVIEW,LATENTVIEW.NS,Latent View Analytics Ltd.,Information Technology,57990725632.0,Industrials,Consulting Services,2026-03-14,2026-03-16,280.95001220703125,285.0,273.6499938964844,280.8500061035156,280.25,0.2140967363124524,1131230.0,642948.15,1.759442032767339,1.8993683779097579,0.1127199645958434
LAURUSLABS,LAURUSLABS.NS,Laurus Labs Ltd.,Healthcare,541822648320.0,Healthcare,Drug Manufacturers - Specialty & Generic,2026-03-14,2026-03-16,997.7000122070312,1013.9000244140625,951.7999877929688,960.7999877929688,1003.4000244140625,-4.2455686251323455,2979503.0,1555000.05,1.916079038068198,2.1839847118379647,1.9439552860053788
THELEELA,THELEELA.NS,Leela Palaces Hotels & Resorts Ltd.,Consumer Services,144336601088.0,Consumer Cyclical,Lodging,2026-03-14,2026-03-16,427.0,432.04998779296875,413.45001220703125,415.8999938964844,432.20001220703125,-3.7714062587159036,275535.0,168043.95,1.6396603388577808,1.4728140124055953,2.5606805930342436
LEMONTREE,LEMONTREE.NS,Lemon Tree Hotels Ltd.,Consumer Services,80063709184.0,Consumer Cyclical,Lodging,2026-03-14,2026-03-16,101.11000061035156,103.7699966430664,99.61000061035156,103.0199966430664,101.11000061035156,1.8890278124667592,5550585.0,4445523.35,1.2485785278801877,1.7439671373964065,1.083178559939447
LICI,LICI.NS,Life Insurance Corporation of India,Financial Services,4887325704192.0,Financial Services,Insurance - Life,2026-03-14,2026-03-16,770.0,784.9000244140625,759.0999755859375,777.3499755859375,772.7000122070312,0.601781196511797,1220451.0,972445.7,1.2550325432052403,1.3956576029981111,0.4311811114839829
LINDEINDIA,LINDEINDIA.NS,Linde India Ltd.,Chemicals,592256303104.0,Basic Materials,Specialty Chemicals,2026-03-14,2026-03-16,6850.0,7242.5,6840.0,7172.5,6944.5,3.283173734610134,89399.0,54426.7,1.6425577887323686,2.2835510947622444,1.4377491890331304
LLOYDSME,LLOYDSME.NS,Lloyds Metals And Energy Ltd.,Metals & Mining,621097910272.0,Basic Materials,Steel,2026-03-14,2026-03-16,1149.0,1157.0,1119.9000244140625,1147.199951171875,1140.800048828125,0.5610012333295611,521561.0,575780.75,0.9058326454991765,3.224745561611008,0.17396759608199847
LODHA,LODHA.NS,Lodha Developers Ltd.,Realty,865264533504.0,Real Estate,Real Estate - Development,2026-03-14,2026-03-16,868.0,874.5999755859375,831.9500122070312,848.75,866.3499755859375,-2.0315087530341502,1542863.0,1166016.55,1.3231913389222476,1.9218739015555604,1.0570458089835404
LUPIN,LUPIN.NS,Lupin Ltd.,Healthcare,1058009317376.0,Healthcare,Drug Manufacturers - Specialty & Generic,2026-03-14,2026-03-16,2301.10009765625,2312.0,2251.0,2290.39990234375,2314.89990234375,-1.0583610969612356,614804.0,924382.15,0.665097221966045,1.069929686212679,0.9891875238153325
MMTC,MMTC.NS,MMTC Ltd.,Services,80006340608.0,Industrials,Conglomerates,2026-03-14,2026-03-16,53.0,53.43000030517578,51.779998779296875,52.54999923706055,53.290000915527344,-1.388631386289163,1289853.0,1354487.2,0.9522814242910528,2.113810469844989,0.6569327790258295
MRF,MRF.NS,MRF Ltd.,Automobile and Auto Components,572215001088.0,Consumer Cyclical,Auto Parts,2026-03-14,2026-03-16,135455.0,135455.0,131100.0,132345.0,134920.0,-1.9085383931218503,7644.0,7214.0,1.0596063210424176,1.8533118180452648,1.0297988576659671
MGL,MGL.NS,Mahanagar Gas Ltd.,Oil Gas & Consumable Fuels,102234996736.0,Utilities,Utilities - Regulated Gas,2026-03-14,2026-03-16,1035.0,1042.0,989.0,1010.2000122070312,1035.0,-2.3961340862771685,311109.0,407943.6,0.762627480857648,2.568077307670381,0.9330459325038039
MAHSCOOTER,MAHSCOOTER.NS,Maharashtra Scooters Ltd.,Financial Services,144495788032.0,Financial Services,Asset Management,2026-03-14,2026-03-16,12602.0,12603.0,12206.0,12386.0,12629.0,-1.9241428458310228,3602.0,4193.7,0.8589074087321459,1.6091377340522417,1.195760192003896
MAHSEAMLES,MAHSEAMLES.NS,Maharashtra Seamless Ltd.,Capital Goods,73672785920.0,Basic Materials,Steel,2026-03-14,2026-03-16,549.7999877929688,564.0,539.2999877929688,559.9000244140625,549.7999877929688,1.837038349461917,194514.0,184531.75,1.0540950270075475,1.5965092443089488,1.150659387667424
M&MFIN,M&MFIN.NS,Mahindra & Mahindra Financial Services Ltd.,Financial Services,458805739520.0,Financial Services,Credit Services,2026-03-14,2026-03-16,328.0,330.3999938964844,314.70001220703125,319.54998779296875,330.20001220703125,-3.22532526358148,2087216.0,1680993.3,1.241656346875386,2.740018590030243,1.1771180222342508
M&M,M&M.NS,Mahindra & Mahindra Ltd.,Automobile and Auto Components,3518705958912.0,Consumer Cyclical,Auto Manufacturers,2026-03-14,2026-03-16,2902.0,3043.699951171875,2896.0,3036.10009765625,2931.10009765625,3.582272747490256,5378442.0,3221453.3,1.6695700664045015,2.4241142285769577,1.4777656536396715
MANAPPURAM,MANAPPURAM.NS,Manappuram Finance Ltd.,Financial Services,216771952640.0,Financial Services,Credit Services,2026-03-14,2026-03-16,253.85000610351562,257.04998779296875,246.9499969482422,251.1999969482422,256.1000061035156,-1.9133186405676406,5144244.0,5293606.35,0.9717843866497554,1.605734594553242,1.1915534778024612
MRPL,MRPL.NS,Mangalore Refinery & Petrochemicals Ltd.,Oil Gas & Consumable Fuels,312557076480.0,Energy,Oil & Gas Refining & Marketing,2026-03-14,2026-03-16,178.10000610351562,209.9600067138672,173.91000366210938,206.77000427246094,178.13999938964844,16.071631851861422,145182084.0,18110942.05,8.016263516231614,4.9694619091540515,3.234078889357517
MANKIND,MANKIND.NS,Mankind Pharma Ltd.,Healthcare,882948702208.0,Healthcare,Drug Manufacturers - Specialty & Generic,2026-03-14,2026-03-16,2126.300048828125,2141.60009765625,2081.0,2094.699951171875,2138.89990234375,-2.066480583006336,332057.0,603428.1,0.5502842840762636,2.3282479336042217,0.8875689539676046
MARICO,MARICO.NS,Marico Ltd.,Fast Moving Consumer Goods,974778859520.0,Consumer Defensive,Household & Personal Products,2026-03-14,2026-03-16,751.0999755859375,752.9500122070312,738.5,750.0999755859375,752.4000244140625,-0.3056949433137168,1976702.0,1644579.05,1.2019501282106202,1.5368944459831493,0.19890431910446796
MARUTI,MARUTI.NS,Maruti Suzuki India Ltd.,Automobile and Auto Components,3958642573312.0,Consumer Cyclical,Auto Manufacturers,2026-03-14,2026-03-16,12532.0,12874.0,12400.0,12757.0,12591.0,1.318402033198307,1416122.0,474454.35,2.9847381523638683,2.0332759984875857,0.6484127261517747
MFSL,MFSL.NS,Max Financial Services Ltd.,Financial Services,562234261504.0,Financial Services,Insurance - Life,2026-03-14,2026-03-16,1628.0999755859375,1656.9000244140625,1604.4000244140625,1645.199951171875,1628.0999755859375,1.050302551585225,789153.0,778433.3,1.013770865146699,1.6114742178368409,0.6517650359899002
MAXHEALTH,MAXHEALTH.NS,Max Healthcare Institute Ltd.,Healthcare,964160389120.0,Healthcare,Medical Care Facilities,2026-03-14,2026-03-16,990.0,999.5,964.2000122070312,970.5999755859375,990.0,-1.9595984256628785,4063332.0,2891245.2,1.4053916976671503,1.3654785016401036,1.4351001669445294
MAZDOCK,MAZDOCK.NS,Mazagoan Dock Shipbuilders Ltd.,Capital Goods,939068620800.0,Industrials,Aerospace & Defense,2026-03-14,2026-03-16,2328.5,2348.89990234375,2260.5,2331.800048828125,2328.0,0.16323233797788106,1971050.0,2366558.7,0.832876023738604,3.065268318725341,0.05325221840473642
METROPOLIS,METROPOLIS.NS,Metropolis Healthcare Ltd.,Healthcare,93743251456.0,Healthcare,Diagnostics & Research,2026-03-14,2026-03-16,1821.0,1914.0,1806.199951171875,1839.4000244140625,1808.5999755859375,1.7029773993083586,85646.0,38110.9,2.2472835855358966,1.6962231328378374,1.0039819445565636
MINDACORP,MINDACORP.NS,Minda Corporation Ltd.,Automobile and Auto Components,113173299200.0,Consumer Cyclical,Auto Parts,2026-03-14,2026-03-16,480.8500061035156,483.70001220703125,470.3500061035156,481.1000061035156,480.8500061035156,0.051991264807460524,231432.0,205240.75,1.1276123284484196,1.6972430564177354,0.03063277508242999
MSUMI,MSUMI.NS,Motherson Sumi Wiring India Ltd.,Automobile and Auto Components,259165372416.0,Consumer Cyclical,Auto Parts,2026-03-14,2026-03-16,38.88999938964844,39.41999816894531,37.95000076293945,39.150001525878906,39.08000183105469,0.1791189650574454,8956075.0,4372043.45,2.048487189668712,1.51510090478054,0.1182224659045996
MOTILALOFS,MOTILALOFS.NS,Motilal Oswal Financial Services Ltd.,Financial Services,409269927936.0,Financial Services,Capital Markets,2026-03-14,2026-03-16,681.4000244140625,684.3499755859375,662.25,669.9500122070312,680.25,-1.514147415357403,918943.0,701642.25,1.3097030573629225,1.6181760251028128,0.9357124267498648
MPHASIS,MPHASIS.NS,MphasiS Ltd.,Information Technology,403220627456.0,Technology,Information Technology Services,2026-03-14,2026-03-16,2116.0,2124.60009765625,2061.60009765625,2081.10009765625,2114.800048828125,-1.5935289575271794,314613.0,573421.95,0.5486588017776439,1.4894068731636727,1.0699084220971395
MCX,MCX.NS,Multi Commodity Exchange of India Ltd.,Financial Services,635979825152.0,Financial Services,Financial Data & Stock Exchanges,2026-03-14,2026-03-16,2474.0,2577.0,2440.800048828125,2555.60009765625,2498.800048828125,2.2730929933654664,3473793.0,3076863.95,1.1290044202311902,1.5454710398494158,1.470809180343455
MUTHOOTFIN,MUTHOOTFIN.NS,Muthoot Finance Ltd.,Financial Services,1338929446912.0,Financial Services,Credit Services,2026-03-14,2026-03-16,3316.60009765625,3370.0,3283.0,3361.0,3333.199951171875,0.8340348384545893,1332947.0,960573.35,1.3876576942302221,2.065317476169864,0.40382887768001113
NATCOPHARM,NATCOPHARM.NS,NATCO Pharma Ltd.,Healthcare,171296964608.0,Healthcare,Drug Manufacturers - Specialty & Generic,2026-03-14,2026-03-16,990.0,990.0,933.5,946.1500244140625,955.8499755859375,-1.0147984955409917,800678.0,3147795.9,0.2543614724194793,3.117995060820776,0.3254650747502652
NBCC,NBCC.NS,NBCC (India) Ltd.,Construction,224639991808.0,Industrials,Engineering & Construction,2026-03-14,2026-03-16,83.19999694824219,83.75,80.25,82.87999725341797,83.19999694824219,-0.3846150319251618,13946322.0,10199442.5,1.3673612062620089,1.8410554988254022,0.2089100693436711
NCC,NCC.NS,NCC Ltd.,Construction,90585702400.0,Industrials,Engineering & Construction,2026-03-14,2026-03-16,144.27999877929688,144.75,139.44000244140625,141.83999633789062,144.27999877929688,-1.691157791828568,2859745.0,4012936.85,0.7126314484614927,1.8765158481549118,0.9012222270818563
NHPC,NHPC.NS,NHPC Ltd.,Power,753176739840.0,Utilities,Utilities - Renewable,2026-03-14,2026-03-16,75.19999694824219,75.9800033569336,74.2699966430664,75.2699966430664,74.9800033569336,0.3867608337550177,26396571.0,16334499.0,1.6160012621140079,1.459696939327607,0.26495967987243624
NLCINDIA,NLCINDIA.NS,NLC India Ltd.,Power,359832223744.0,Utilities,Utilities - Regulated Electric,2026-03-14,2026-03-16,260.0,262.8999938964844,255.0,257.0,259.5,-0.9633911368015391,2231276.0,2339912.95,0.9535722258385723,2.5113053581385016,0.3836216626064344
NMDC,NMDC.NS,NMDC Ltd.,Metals & Mining,690948866048.0,Basic Materials,Steel,2026-03-14,2026-03-16,78.58999633789062,78.95999908447266,76.61000061035156,77.55999755859375,78.58999633789062,-1.3105978207054392,17442248.0,21894007.5,0.7966676726496965,1.960690611678137,0.6684368318486059
NSLNISP,NSLNISP.NS,NMDC Steel Ltd.,Metals & Mining,107284406272.0,Basic Materials,Steel,2026-03-14,2026-03-16,36.52000045776367,36.599998474121094,35.400001525878906,35.900001525878906,36.599998474121094,-1.9125600476107563,3353433.0,3661993.15,0.9157398341938461,1.7137558733148466,1.1160049557766774
NTPCGREEN,NTPCGREEN.NS,NTPC Green Energy Ltd.,Power,827044265984.0,Utilities,Utilities - Renewable,2026-03-14,2026-03-16,100.0,101.19999694824219,94.20999908447266,98.5,98.1500015258789,0.3565954851552533,45418953.0,21572955.3,2.105365369203727,3.0221714642932724,0.11799313485962065
NTPC,NTPC.NS,NTPC Ltd.,Power,3727883501568.0,Utilities,Utilities - Regulated Electric,2026-03-14,2026-03-16,384.5,388.25,375.45001220703125,382.3999938964844,384.45001220703125,-0.5332340344530673,16790507.0,13339291.85,1.25872551472813,1.635329370318634,0.3260713371454766
NH,NH.NS,Narayana Hrudayalaya Ltd.,Healthcare,338933022720.0,Healthcare,Medical Care Facilities,2026-03-14,2026-03-16,1660.0,1672.300048828125,1613.0,1640.0999755859375,1668.800048828125,-1.719802996311115,375546.0,291362.75,1.2889293500970869,1.4856751409405693,1.1575902085985776
NATIONALUM,NATIONALUM.NS,National Aluminium Co. Ltd.,Metals & Mining,712211562496.0,Basic Materials,Aluminum,2026-03-14,2026-03-16,384.25,390.29998779296875,369.6000061035156,372.25,387.3500061035156,-3.8982847206875504,17934582.0,14405253.45,1.2450028777522135,2.767179471680979,1.4087574588429057
NAVA,NAVA.NS,Nava Ltd.,Power,156131803136.0,Industrials,Conglomerates,2026-03-14,2026-03-16,547.9500122070312,554.0499877929688,529.6500244140625,538.1500244140625,551.7000122070312,-2.456042685002513,302107.0,283872.15,1.064236135880184,2.384451627673717,1.0300241181233947
NAVINFLUOR,NAVINFLUOR.NS,Navin Fluorine International Ltd.,Chemicals,316795289600.0,Basic Materials,Chemicals,2026-03-14,2026-03-16,6120.0,6233.5,6100.0,6171.5,6172.0,-0.008101101749835582,107787.0,184156.8,0.5853001355366731,2.7338793388724447,0.002963225784930502
NESTLEIND,NESTLEIND.NS,Nestle India Ltd.,Fast Moving Consumer Goods,2318219345920.0,Consumer Defensive,Packaged Foods,2026-03-14,2026-03-16,1200.0,1219.300048828125,1196.5,1213.4000244140625,1202.199951171875,0.9316314837036765,1100099.0,1012939.0,1.086046642492786,1.1879198403389115,0.7842545027599536
NETWEB,NETWEB.NS,Netweb Technologies India Ltd.,Information Technology,181004582912.0,Technology,Computer Hardware,2026-03-14,2026-03-16,3170.0,3258.89990234375,3135.10009765625,3226.60009765625,3176.0,1.5932020672622782,1423704.0,3533706.1,0.40289258917146503,3.729326324953512,0.4272090797208899
NEULANDLAB,NEULANDLAB.NS,Neuland Laboratories Ltd.,Healthcare,156065497088.0,Healthcare,Drug Manufacturers - Specialty & Generic,2026-03-14,2026-03-16,12152.0,12550.0,12010.0,12230.0,12152.0,0.6418696510862354,30920.0,47076.3,0.656806078642544,2.8978574411939535,0.22149800813589265
NEWGEN,NEWGEN.NS,Newgen Software Technologies Ltd.,Information Technology,62214270976.0,Technology,Software - Infrastructure,2026-03-14,2026-03-16,446.0,467.8999938964844,440.1499938964844,451.20001220703125,441.8999938964844,2.1045527130569397,5787693.0,11150869.15,0.5190351462423896,6.123280671033146,0.34369692100065874
NAM-INDIA,NAM-INDIA.NS,Nippon Life India Asset Management Ltd.,Financial Services,524879200256.0,Financial Services,Asset Management,2026-03-14,2026-03-16,820.0,839.7999877929688,815.0999755859375,830.75,823.6500244140625,0.8620136435967929,516019.0,607931.7,0.8488108121356397,2.8272567619038305,0.30489400722710674
NIVABUPA,NIVABUPA.NS,Niva Bupa Health Insurance Company Ltd.,Financial Services,133552463872.0,Financial Services,Insurance - Life,2026-03-14,2026-03-16,72.22000122070312,72.22000122070312,70.70999908447266,71.6500015258789,72.30000305175781,-0.8990338844295565,946439.0,1899813.5,0.4981746892523924,1.3787518033862316,0.6520636145109787
NUVAMA,NUVAMA.NS,Nuvama Wealth Management Ltd.,Financial Services,211022888960.0,Financial Services,Asset Management,2026-03-14,2026-03-16,1150.0,1171.0,1136.800048828125,1158.800048828125,1158.5999755859375,0.017268534990799722,366050.0,356153.95,1.027785877427444,1.793569198107632,0.009628028296326394
NUVOCO,NUVOCO.NS,Nuvoco Vistas Corporation Ltd.,Construction Materials,104400887808.0,Basic Materials,Building Materials,2026-03-14,2026-03-16,292.04998779296875,294.8500061035156,280.45001220703125,287.8500061035156,292.1000061035156,-1.4549811404296453,271942.0,366507.7,0.7419816827859278,2.0017905512157457,0.7268398482278743
OBEROIRLTY,OBEROIRLTY.NS,Oberoi Realty Ltd.,Realty,528065789952.0,Real Estate,Real Estate - Development,2026-03-14,2026-03-16,1464.0999755859375,1464.0999755859375,1395.5,1418.0999755859375,1452.0999755859375,-2.341436579549605,1082354.0,502158.75,2.1554020516420356,1.4164674525108727,1.653011211375951
ONGC,ONGC.NS,Oil & Natural Gas Corporation Ltd.,Oil Gas & Consumable Fuels,3322451853312.0,Energy,Oil & Gas Integrated,2026-03-14,2026-03-16,264.04998779296875,266.0,258.3500061035156,260.45001220703125,264.1000061035156,-1.382049909932126,21722605.0,26344537.7,0.8245582157245447,1.623995647780628,0.8510182350678415
OIL,OIL.NS,Oil India Ltd.,Oil Gas & Consumable Fuels,765670785024.0,Energy,Oil & Gas Integrated,2026-03-14,2026-03-16,471.0,473.70001220703125,454.3999938964844,460.1000061035156,470.54998779296875,-2.220801606746803,4234865.0,7477390.3,0.5663560186232355,1.9429723278443847,1.1429918866681203
OLAELEC,OLAELEC.NS,Ola Electric Mobility Ltd.,Automobile and Auto Components,96847724544.0,Consumer Cyclical,Auto Manufacturers,2026-03-14,2026-03-16,23.18000030517578,25.84000015258789,22.25,24.309999465942383,23.06999969482422,5.374944896060652,80200873.0,69788670.25,1.149196176294819,2.9098531928705405,1.847153289117766
OLECTRA,OLECTRA.NS,Olectra Greentech Ltd.,Automobile and Auto Components,72267988992.0,Industrials,Farm & Heavy Construction Machinery,2026-03-14,2026-03-16,885.0,906.9500122070312,866.5999755859375,897.4500122070312,880.4500122070312,1.9308307983761486,427205.0,432816.65,0.9870345791919048,2.4301911437095756,0.7945180787009304
PAYTM,PAYTM.NS,One 97 Communications Ltd.,Financial Services,624812621824.0,Technology,Software - Infrastructure,2026-03-14,2026-03-16,975.5999755859375,1019.7999877929688,972.0999755859375,1013.7999877929688,976.2000122070312,3.8516671907153466,2810942.0,2833629.9,0.9919933439437522,2.3829585801980064,1.616338287506156
ONESOURCE,ONESOURCE.NS,Onesource Specialty Pharma Ltd.,Healthcare,171606147072.0,Healthcare,Biotechnology,2026-03-14,2026-03-16,1456.0,1506.300048828125,1421.5,1493.199951171875,1491.199951171875,0.13412017606546645,186221.0,273234.4,0.6815430267931124,3.110699500559586,0.043115760953875315
OFSS,OFSS.NS,Oracle Financial Services Software Ltd.,Information Technology,567952539648.0,Technology,Software - Infrastructure,2026-03-14,2026-03-16,6516.0,6525.0,6317.0,6414.0,6526.0,-1.716212074777812,124420.0,142903.65,0.8706565577576221,1.753523592993318,0.9787219753617263
POLICYBZR,POLICYBZR.NS,PB Fintech Ltd.,Financial Services,669780606976.0,Financial Services,Insurance Brokers,2026-03-14,2026-03-16,1433.0,1484.199951171875,1431.0,1475.300048828125,1446.0,2.026282768196741,1068368.0,1756378.55,0.6082788929527749,1.6900606571819208,1.1989408543332707
PCBL,PCBL.NS,PCBL Chemical Ltd.,Chemicals,99624730624.0,Basic Materials,Specialty Chemicals,2026-03-14,2026-03-16,254.85000610351562,255.39999389648438,245.10000610351562,250.6999969482422,253.1999969482422,-0.9873617812527158,1306162.0,2184865.05,0.5978227350929524,2.784992199232953,0.35452946027089643
PGEL,PGEL.NS,PG Electroplast Ltd.,Consumer Durables,142912782336.0,Technology,Electronic Components,2026-03-14,2026-03-16,504.1499938964844,510.95001220703125,486.0,507.3500061035156,502.20001220703125,1.0254866131626628,4784183.0,3322829.8,1.4397917702555816,3.978700711129561,0.2577440947729705
PIIND,PIIND.NS,PI Industries Ltd.,Chemicals,439378083840.0,Basic Materials,Agricultural Inputs,2026-03-14,2026-03-16,2900.0,2902.800048828125,2844.0,2890.10009765625,2896.300048828125,-0.21406453293344452,135109.0,240945.2,0.5607457629369665,1.3922008766816665,0.15375980328619734
PNBHOUSING,PNBHOUSING.NS,PNB Housing Finance Ltd.,Financial Services,199002488832.0,Financial Services,Mortgage Finance,2026-03-14,2026-03-16,763.0,777.5499877929688,749.5,766.75,763.9000244140625,0.3730822744931306,534967.0,818213.25,0.6538234378384853,2.0472881253343926,0.1822324224306207
PTCIL,PTCIL.NS,PTC Industries Ltd.,Capital Goods,254858346496.0,Industrials,Metal Fabrication,2026-03-14,2026-03-16,16999.0,17239.0,16385.0,17110.0,16999.0,0.6529795870345412,20249.0,15526.35,1.304170007761,1.80767306315985,0.3612265958608241
PVRINOX,PVRINOX.NS,PVR INOX Ltd.,Media Entertainment & Publication,95636946944.0,Communication Services,Entertainment,2026-03-14,2026-03-16,977.9000244140625,980.5,956.0,977.2000122070312,973.9000244140625,0.338842561889674,328042.0,300067.6,1.0932269928509444,1.4655896484220827,0.23119879582561637
PAGEIND,PAGEIND.NS,Page Industries Ltd.,Textiles,337999888384.0,Consumer Cyclical,Apparel Manufacturing,2026-03-14,2026-03-16,30280.0,30350.0,29805.0,30200.0,30285.0,-0.28066699686313257,17643.0,20432.55,0.8634751903213256,1.3023531050423194,0.21550760371858785
PATANJALI,PATANJALI.NS,Patanjali Foods Ltd.,Fast Moving Consumer Goods,525591904256.0,Consumer Defensive,Packaged Foods,2026-03-14,2026-03-16,484.8500061035156,487.0,476.45001220703125,483.79998779296875,481.6000061035156,0.45680682341608936,1891383.0,1819254.25,1.0396474269608,1.1290631946581084,0.40458924316846145
PERSISTENT,PERSISTENT.NS,Persistent Systems Ltd.,Information Technology,725350219776.0,Technology,Information Technology Services,2026-03-14,2026-03-16,4640.0,4848.89990234375,4552.0,4638.7998046875,4638.7998046875,0.0,325770.0,935021.75,0.3484090075979516,2.2503931222489753,0.0
PETRONET,PETRONET.NS,Petronet LNG Ltd.,Oil Gas & Consumable Fuels,429450002432.0,Energy,Oil & Gas Refining & Marketing,2026-03-14,2026-03-16,285.29998779296875,288.1000061035156,280.3500061035156,283.3500061035156,286.29998779296875,-1.0303813535564421,3470998.0,5939414.75,0.5844006768511999,3.272286417511811,0.3148811632265142
PFIZER,PFIZER.NS,Pfizer Ltd.,Healthcare,211491766272.0,Healthcare,Drug Manufacturers - General,2026-03-14,2026-03-16,4600.0,4950.0,4600.0,4749.5,4623.0,2.736318407960203,119436.0,19971.4,5.980351903221607,1.688400835315489,1.6206568669748993
PHOENIXLTD,PHOENIXLTD.NS,Phoenix Mills Ltd.,Realty,560538976256.0,Real Estate,Real Estate - Diversified,2026-03-14,2026-03-16,1565.5,1566.0,1507.0,1552.300048828125,1565.5,-0.8431779732912759,788959.0,395881.75,1.9929158138762395,1.43197275171237,0.5888226380585759
PIDILITIND,PIDILITIND.NS,Pidilite Industries Ltd.,Chemicals,1363806781440.0,Basic Materials,Specialty Chemicals,2026-03-14,2026-03-16,1340.800048828125,1361.5,1328.800048828125,1353.5999755859375,1340.0,1.0149235511893728,332153.0,707787.1,0.469283771913899,1.633629172555782,0.6212692379884133
PPLPHARMA,PPLPHARMA.NS,Piramal Pharma Ltd.,Healthcare,185116688384.0,Healthcare,Drug Manufacturers - Specialty & Generic,2026-03-14,2026-03-16,140.02000427246094,141.10000610351562,134.60000610351562,138.72000122070312,139.80999755859375,-0.7796268914415871,4065344.0,2687838.35,1.5124957198411875,2.082636056935723,0.3743461988210689
POLYMED,POLYMED.NS,Poly Medicure Ltd.,Healthcare,127884451840.0,Healthcare,Medical Instruments & Supplies,2026-03-14,2026-03-16,1265.0,1274.0,1235.0,1255.5999755859375,1260.199951171875,-0.36501950199727684,119552.0,292727.35,0.4084073456067566,2.759498855019928,0.13227746093579765
POLYCAB,POLYCAB.NS,Polycab India Ltd.,Capital Goods,1084120891392.0,Industrials,Electrical Equipment & Parts,2026-03-14,2026-03-16,7203.0,7224.5,7008.0,7127.0,7193.5,-0.9244456801278944,459026.0,540919.3,0.8486034792990377,2.547103072376622,0.36294003574237893
POONAWALLA,POONAWALLA.NS,Poonawalla Fincorp Ltd.,Financial Services,329963634688.0,Financial Services,Credit Services,2026-03-14,2026-03-16,407.79998779296875,426.70001220703125,402.54998779296875,423.3999938964844,408.3500061035156,3.6855608100942794,2036727.0,1332062.25,1.5290028675461675,2.254853629820903,1.634501131848196
PFC,PFC.NS,Power Finance Corporation Ltd.,Financial Services,1338521288704.0,Financial Services,Credit Services,2026-03-14,2026-03-16,404.20001220703125,410.0,396.54998779296875,406.25,405.6000061035156,0.16025490303333,6316933.0,7559607.1,0.8356165758932101,2.3456722177835836,0.06831939339962607
POWERGRID,POWERGRID.NS,Power Grid Corporation of India Ltd.,Power,2799016869888.0,Utilities,Utilities - Regulated Electric,2026-03-14,2026-03-16,300.95001220703125,303.0,291.3999938964844,297.75,300.95001220703125,-1.063303564457041,25911562.0,16613228.2,1.559694581213301,1.638020517028441,0.6491393443508247
PRAJIND,PRAJIND.NS,Praj Industries Ltd.,Capital Goods,55585075200.0,Industrials,Engineering & Construction,2026-03-14,2026-03-16,304.5,304.6000061035156,292.25,295.04998779296875,302.3999938964844,-2.4305576229712633,1711438.0,4708679.3,0.36346454939073897,3.299974941464029,0.7365382059213303
PREMIERENE,PREMIERENE.NS,Premier Energies Ltd.,Capital Goods,351138578432.0,Technology,Solar,2026-03-14,2026-03-16,781.0,800.6500244140625,768.0499877929688,795.75,781.8499755859375,1.7778378011261697,1877010.0,2337570.05,0.802974866999173,2.328073850248602,0.7636518063790478
PRESTIGE,PRESTIGE.NS,Prestige Estates Projects Ltd.,Realty,541427924992.0,Real Estate,Real Estate - Diversified,2026-03-14,2026-03-16,1257.199951171875,1261.0,1204.0,1250.300048828125,1257.0,-0.5330112308571944,1786766.0,731242.6,2.4434654107952682,1.5402345147004346,0.3460584902948117
PGHH,PGHH.NS,Procter & Gamble Hygiene & Health Care Ltd.,Fast Moving Consumer Goods,341551874048.0,Consumer Defensive,Household & Personal Products,2026-03-14,2026-03-16,10599.0,10599.0,10078.0,10161.0,10522.0,-3.430906671735412,47400.0,10462.2,4.53059585937948,1.2470428985050397,2.751233879643112
PNB,PNB.NS,Punjab National Bank,Financial Services,1283969515520.0,Financial Services,Banks - Regional,2026-03-14,2026-03-16,112.0,112.19999694824219,108.19999694824219,110.97000122070312,111.69999694824219,-0.6535324507460083,24709147.0,21727890.35,1.1372087488466176,2.2501987370717846,0.29043321373313863
RRKABEL,RRKABEL.NS,R R Kabel Ltd.,Capital Goods,151906025472.0,Industrials,Electrical Equipment & Parts,2026-03-14,2026-03-16,1339.0999755859375,1377.699951171875,1315.0,1369.699951171875,1343.0999755859375,1.9804911078442178,212319.0,314979.25,0.67407297464833,2.308904260188753,0.8577623342781275
RBLBANK,RBLBANK.NS,RBL Bank Ltd.,Financial Services,182188343296.0,Financial Services,Banks - Regional,2026-03-14,2026-03-16,294.8500061035156,298.3999938964844,290.75,296.04998779296875,294.75,0.4410475972752348,3137937.0,6005768.7,0.5224871547250896,1.973731414519831,0.22345877155860783
RECLTD,RECLTD.NS,REC Ltd.,Financial Services,873036120064.0,Financial Services,Credit Services,2026-03-14,2026-03-16,332.0,335.3999938964844,326.70001220703125,332.45001220703125,331.5,0.28657985129147967,8085869.0,6568244.75,1.2310547654302926,2.3420715600018456,0.12236169730495076
RHIM,RHIM.NS,RHI MAGNESITA INDIA LTD.,Capital Goods,77541285888.0,Industrials,Metal Fabrication,2026-03-14,2026-03-16,376.0,377.0,363.45001220703125,370.0,375.5,-1.464713715046606,296241.0,336507.3,0.8803404859270513,2.4735028432626165,0.5921617268547827
RITES,RITES.NS,RITES Ltd.,Construction,94602043392.0,Industrials,Engineering & Construction,2026-03-14,2026-03-16,195.77999877929688,196.99000549316406,188.35000610351562,191.14999389648438,196.83999633789062,-2.8906739215941335,736583.0,520466.3,1.4152366829514227,1.839848102012092,1.5711481390408473
RADICO,RADICO.NS,Radico Khaitan Ltd,Fast Moving Consumer Goods,374915170304.0,Consumer Defensive,Beverages - Wineries & Distilleries,2026-03-14,2026-03-16,2788.0,2856.0,2757.10009765625,2827.39990234375,2800.10009765625,0.974958170615059,283160.0,407655.2,0.694606618534487,2.440707801949134,0.39945714511030916
RVNL,RVNL.NS,Rail Vikas Nigam Ltd.,Construction,565719990272.0,Industrials,Engineering & Construction,2026-03-14,2026-03-16,271.25,271.8999938964844,260.70001220703125,266.70001220703125,271.25,-1.6774148545506962,6660845.0,7564947.35,0.8804879521071618,2.3777110373632184,0.7054746469154127
RAILTEL,RAILTEL.NS,Railtel Corporation Of India Ltd.,Telecommunication,89220874240.0,Communication Services,Telecom Services,2026-03-14,2026-03-16,278.0,279.25,265.45001220703125,269.95001220703125,278.0,-2.89567906221897,1131049.0,1147621.75,0.9855590485279666,2.4686519882193796,1.1729798594688114
RAINBOW,RAINBOW.NS,Rainbow Childrens Medicare Ltd.,Healthcare,114991874048.0,Healthcare,Medical Care Facilities,2026-03-14,2026-03-16,1132.699951171875,1138.199951171875,1107.0,1118.0,1132.699951171875,-1.2977798009672914,85838.0,97618.7,0.8793192287953026,1.5861800689827419,0.8181793645910523
RKFORGE,RKFORGE.NS,Ramkrishna Forgings Ltd.,Automobile and Auto Components,101272100864.0,Industrials,Metal Fabrication,2026-03-14,2026-03-16,559.0,562.2999877929688,539.3499755859375,554.1500244140625,559.25,-0.9119312625726406,322328.0,342402.85,0.9413706690817557,1.7498739660178977,0.5211411108926192
RCF,RCF.NS,Rashtriya Chemicals & Fertilizers Ltd.,Chemicals,66974941184.0,Basic Materials,Agricultural Inputs,2026-03-14,2026-03-16,120.80000305175781,120.80000305175781,113.41000366210938,116.31999969482422,121.4000015258789,-4.1845154589819185,4356328.0,6456675.05,0.6747014471480952,4.398791083138745,0.951287610594152
REDINGTON,REDINGTON.NS,Redington Ltd.,Services,183365189632.0,Technology,Information Technology Services,2026-03-14,2026-03-16,240.75,242.0,227.10000610351562,233.0,234.5500030517578,-0.6608411987169216,4961078.0,11905970.0,0.4166882664747181,5.194637508145599,0.12721603724623148
RELIANCE,RELIANCE.NS,Reliance Industries Ltd.,Oil Gas & Consumable Fuels,18684284239872.0,Energy,Oil & Gas Refining & Marketing,2026-03-14,2026-03-16,1380.0,1397.300048828125,1363.5,1395.0999755859375,1380.699951171875,1.0429510337738757,22837025.0,16463470.15,1.3871331372991251,1.4807079742871767,0.7043597062249629
RELINFRA,RELINFRA.NS,Reliance Infrastructure Ltd.,Power,34954637312.0,Utilities,Utilities - Independent Power Producers,2026-03-14,2026-03-16,84.0999984741211,85.0,81.2300033569336,81.2300033569336,85.5,-4.994148120545505,841956.0,1667947.35,0.5047857176067337,3.764292507034702,1.3267162717064234
RPOWER,RPOWER.NS,Reliance Power Ltd.,Power,92020899840.0,Utilities,Utilities - Independent Power Producers,2026-03-14,2026-03-16,22.440000534057617,22.59000015258789,21.8799991607666,22.420000076293945,22.25,0.7640452867143654,50159816.0,42813500.1,1.1715887718322753,2.434324114148476,0.31386341788822464
SBFC,SBFC.NS,SBFC Finance Ltd.,Financial Services,100563836928.0,Financial Services,Credit Services,2026-03-14,2026-03-16,90.01000213623047,91.91999816894531,89.05000305175781,91.44000244140625,90.94999694824219,0.5387636169387866,997539.0,884255.4,1.1281118554661922,1.480249534468441,0.3639681042914546
SBICARD,SBICARD.NS,SBI Cards and Payment Services Ltd.,Financial Services,670816141312.0,Financial Services,Credit Services,2026-03-14,2026-03-16,700.0499877929688,702.8499755859375,688.0499877929688,695.5499877929688,704.9000244140625,-1.3264344300265574,1191401.0,1406549.95,0.8470378176047001,1.3461675451728503,0.9853412636361255
SBILIFE,SBILIFE.NS,SBI Life Insurance Company Ltd.,Financial Services,1910145155072.0,Financial Services,Insurance - Life,2026-03-14,2026-03-16,1901.0,1918.0,1881.0,1909.199951171875,1904.4000244140625,0.2520440399222057,902337.0,868819.9,1.0385777305515216,1.6554590003006444,0.15225024592963796
SJVN,SJVN.NS,SJVN Ltd.,Power,274653380608.0,Utilities,Utilities - Renewable,2026-03-14,2026-03-16,70.4000015258789,71.31999969482422,68.44999694824219,69.16000366210938,69.88999938964844,-1.044492393638774,7846941.0,4744170.15,1.6540176157046136,2.43079945173286,0.4296908956821509
SRF,SRF.NS,SRF Ltd.,Chemicals,740973150208.0,Industrials,Conglomerates,2026-03-14,2026-03-16,2484.89990234375,2523.39990234375,2425.89990234375,2449.0,2499.699951171875,-2.0282414754661526,973442.0,508322.35,1.915009245609602,2.459163963863319,0.8247687040272857
SAGILITY,SAGILITY.NS,Sagility Ltd.,Information Technology,177094672384.0,Healthcare,Health Information Services,2026-03-14,2026-03-16,38.15999984741211,38.619998931884766,37.11000061035156,37.68000030517578,37.83000183105469,-0.396514720112362,19261247.0,36526846.0,0.5273175515893159,2.5257507644653,0.15698885483513017
SAILIFE,SAILIFE.NS,Sai Life Sciences Ltd.,Healthcare,201825615872.0,Healthcare,Diagnostics & Research,2026-03-14,2026-03-16,953.0999755859375,984.6500244140625,946.3499755859375,976.5,953.0499877929688,2.460522796011544,672659.0,704298.2,0.9550769830165688,2.7551167690103857,0.8930738702938325
SAMMAANCAP,SAMMAANCAP.NS,Sammaan Capital Ltd.,Financial Services,114319663104.0,Financial Services,Mortgage Finance,2026-03-14,2026-03-16,141.0,141.27999877929688,137.5,138.08999633789062,140.1199951171875,-1.448757386552224,6846715.0,9658160.95,0.7089046284738091,1.9730314689446997,0.7342799186710944
MOTHERSON,MOTHERSON.NS,Samvardhana Motherson International Ltd.,Automobile and Auto Components,1201306730496.0,Consumer Cyclical,Auto Parts,2026-03-14,2026-03-16,113.81999969482422,115.0999984741211,111.0,113.31999969482422,113.81999969482422,-0.43929010836462057,17820270.0,17130876.65,1.0402427362057973,2.567884948869956,0.1710707905967275
SAPPHIRE,SAPPHIRE.NS,Sapphire Foods India Ltd.,Consumer Services,52298539008.0,Consumer Cyclical,Restaurants,2026-03-14,2026-03-16,160.10000610351562,164.9499969482422,155.0,163.05999755859375,162.5399932861328,0.3199238919282754,777776.0,721606.65,1.0778392909766006,2.6815359100312577,0.11930621205984379
SARDAEN,SARDAEN.NS,Sarda Energy and Minerals Ltd.,Metals & Mining,186885406720.0,Basic Materials,Steel,2026-03-14,2026-03-16,531.9500122070312,531.9500122070312,499.04998779296875,505.3999938964844,530.3499755859375,-4.704437227867897,737936.0,762277.7,0.9680671492816857,2.7292376984526308,1.7237183959957487
SAREGAMA,SAREGAMA.NS,Saregama India Ltd,Media Entertainment & Publication,65816219648.0,Communication Services,Entertainment,2026-03-14,2026-03-16,342.6000061035156,370.8999938964844,338.79998779296875,357.3999938964844,342.6000061035156,4.319902956597432,2522575.0,397649.55,6.343713956170704,2.4130267119342097,1.7902424930616403
SCHAEFFLER,SCHAEFFLER.NS,Schaeffler India Ltd.,Automobile and Auto Components,598736830464.0,Consumer Cyclical,Auto Parts,2026-03-14,2026-03-16,3820.5,3860.0,3749.39990234375,3773.89990234375,3830.60009765625,-1.480190932673764,116602.0,162469.75,0.7176843689363712,2.5193502943475186,0.5875288307444819
SCHNEIDER,SCHNEIDER.NS,Schneider Electric Infrastructure Ltd.,Capital Goods,211774439424.0,Industrials,Electrical Equipment & Parts,2026-03-14,2026-03-16,862.0999755859375,897.9000244140625,842.0999755859375,871.8499755859375,885.7000122070312,-1.5637390121042816,91865.0,545613.0,0.16837025510755793,3.219492016418213,0.48570985861427635
SCI,SCI.NS,Shipping Corporation of India Ltd.,Services,111279382528.0,Industrials,Marine Shipping,2026-03-14,2026-03-16,238.5,239.85000610351562,229.9499969482422,233.60000610351562,238.89999389648438,-2.2184964120448014,2851885.0,4772634.0,0.5975494873480766,2.7658226257920573,0.8021108770160139
SHREECEM,SHREECEM.NS,Shree Cement Ltd.,Construction Materials,828594388992.0,Basic Materials,Building Materials,2026-03-14,2026-03-16,22970.0,23470.0,22945.0,23315.0,22965.0,1.5240583496625382,43170.0,31558.0,1.3679574117497941,1.7259353992734312,0.8830332527533317
SHRIRAMFIN,SHRIRAMFIN.NS,Shriram Finance Ltd.,Financial Services,1888301481984.0,Financial Services,Credit Services,2026-03-14,2026-03-16,990.0,1002.9000244140625,969.2999877929688,992.0,1003.5999755859375,-1.1558365751419108,10475685.0,6218300.3,1.6846540846539688,2.722809620315545,0.4245014291553596
SHYAMMETL,SHYAMMETL.NS,Shyam Metalics and Energy Ltd.,Capital Goods,214208069632.0,Basic Materials,Steel,2026-03-14,2026-03-16,769.9000244140625,769.9000244140625,746.0,761.4500122070312,769.9000244140625,-1.0975466864625916,194157.0,137304.95,1.4140568129553959,1.8615117453189605,0.5895996569575942
ENRIN,ENRIN.NS,Siemens Energy India Ltd.,Capital Goods,996033429504.0,Utilities,Utilities - Renewable,2026-03-14,2026-03-16,2821.0,2843.5,2711.0,2787.699951171875,2796.89990234375,-0.3289338729700608,321620.0,398658.75,0.8067551508652451,1.9663622299639492,0.16728040640614392
SIEMENS,SIEMENS.NS,Siemens Ltd.,Capital Goods,1142292217856.0,Industrials,Specialty Industrial Machinery,2026-03-14,2026-03-16,3220.0,3233.10009765625,3101.0,3149.60009765625,3207.60009765625,-1.8082054568579142,681540.0,445856.85,1.5286072200079466,2.386534150052004,0.7576700533778293
SIGNATURE,SIGNATURE.NS,Signatureglobal (India) Ltd.,Realty,112928440320.0,Real Estate,Real Estate - Development,2026-03-14,2026-03-16,800.0,801.5999755859375,767.3499755859375,788.4500122070312,803.7000122070312,-1.8974741530888073,629935.0,430263.15,1.4640691400135009,2.822500390445027,0.6722671003030862
SOBHA,SOBHA.NS,Sobha Ltd.,Realty,138386292736.0,Real Estate,Real Estate - Development,2026-03-14,2026-03-16,1300.0,1300.0,1221.0999755859375,1247.199951171875,1294.4000244140625,-3.6464827218736784,268830.0,114682.9,2.3441158184873245,2.250873886952035,1.6200297773286059
SOLARINDS,SOLARINDS.NS,Solar Industries India Ltd.,Chemicals,1289573761024.0,Basic Materials,Specialty Chemicals,2026-03-14,2026-03-16,14257.0,14487.0,13902.0,14082.0,14251.0,-1.1858816925128024,226665.0,200888.2,1.12831415682952,1.7882469255483344,0.6631532119923387
SONACOMS,SONACOMS.NS,Sona BLW Precision Forgings Ltd.,Automobile and Auto Components,302248689664.0,Consumer Cyclical,Auto Parts,2026-03-14,2026-03-16,484.0,493.04998779296875,474.3999938964844,489.20001220703125,486.04998779296875,0.6480865123289048,742683.0,1307658.45,0.5679487636851963,1.966507590976458,0.32956217169093216
SONATSOFTW,SONATSOFTW.NS,Sonata Software Ltd.,Information Technology,65416724480.0,Technology,Information Technology Services,2026-03-14,2026-03-16,235.75,239.1999969482422,232.10000610351562,233.14999389648438,235.75,-1.1028657915230666,821866.0,1102960.45,0.7451454854976894,1.8080765564233998,0.6099663134312588
STARHEALTH,STARHEALTH.NS,Star Health and Allied Insurance Company Ltd.,Financial Services,272811966464.0,Financial Services,Insurance - Life,2026-03-14,2026-03-16,467.04998779296875,469.0,451.79998779296875,457.45001220703125,463.6000061035156,-1.3265732992918,272457.0,454995.6,0.5988123841197586,1.4959700823339386,0.8867645917237502
SBIN,SBIN.NS,State Bank of India,Financial Services,9664456556544.0,Financial Services,Banks - Regional,2026-03-14,2026-03-16,1048.699951171875,1073.0,1036.0999755859375,1066.699951171875,1047.0,1.8815617165114595,15320301.0,15302329.75,1.0011744126739917,1.5666681692302957,1.2009956884717146
SAIL,SAIL.NS,Steel Authority of India Ltd.,Metals & Mining,619124424704.0,Basic Materials,Steel,2026-03-14,2026-03-16,148.97000122070312,150.1300048828125,143.27000427246094,144.69000244140625,149.88999938964844,-3.4692087326816723,16056763.0,21273294.75,0.7547849634340257,2.2698195349931107,1.528407293706811
SUMICHEM,SUMICHEM.NS,Sumitomo Chemical India Ltd.,Chemicals,190299308032.0,Basic Materials,Agricultural Inputs,2026-03-14,2026-03-16,379.75,392.1000061035156,371.29998779296875,385.6000061035156,381.25,1.1409852074795168,378222.0,213659.95,1.7702054128534617,1.3611897460286801,0.8382264197981083
SUNPHARMA,SUNPHARMA.NS,Sun Pharmaceutical Industries Ltd.,Healthcare,4322641838080.0,Healthcare,Drug Manufacturers - Specialty & Generic,2026-03-14,2026-03-16,1801.5999755859375,1818.0,1768.800048828125,1783.199951171875,1801.5999755859375,-1.0213157561837938,2452341.0,2509492.85,0.9772257370647619,1.0800730595337513,0.9455987696097873
SUNTV,SUNTV.NS,Sun TV Network Ltd.,Media Entertainment & Publication,221790814208.0,Communication Services,Broadcasting,2026-03-14,2026-03-16,556.0999755859375,563.9000244140625,542.7999877929688,556.75,562.7999877929688,-1.074980086032673,142347.0,238923.3,0.5957853419905049,2.7075396354166203,0.39703207737797763
SUNDARMFIN,SUNDARMFIN.NS,Sundaram Finance Ltd.,Financial Services,566329671680.0,Financial Services,Credit Services,2026-03-14,2026-03-16,5052.5,5199.0,5015.0,5081.5,5138.5,-1.1092731341831308,64187.0,72333.7,0.8873733819782481,2.1673963775792155,0.5117998468845315
SUNDRMFAST,SUNDRMFAST.NS,Sundram Fasteners Ltd.,Automobile and Auto Components,172778045440.0,Consumer Cyclical,Auto Parts,2026-03-14,2026-03-16,825.5499877929688,825.9500122070312,791.0,808.25,822.25,-1.7026451809060483,69694.0,215740.9,0.3230449117436703,1.4498026244689635,1.1743979160816436
SUPREMEIND,SUPREMEIND.NS,Supreme Industries Ltd.,Capital Goods,493903380480.0,Industrials,Building Products & Equipment,2026-03-14,2026-03-16,3865.300048828125,3960.0,3854.89990234375,3927.60009765625,3886.5,1.0575092668532182,154645.0,311833.35,0.49592194035692466,1.8966222730361588,0.5575750542886602
SUZLON,SUZLON.NS,Suzlon Energy Ltd.,Capital Goods,567927832576.0,Industrials,Specialty Industrial Machinery,2026-03-14,2026-03-16,41.4900016784668,42.22999954223633,40.720001220703125,41.0099983215332,41.40999984741211,-0.9659539419290875,81232147.0,66611265.25,1.2194956317842949,1.8647759522685843,0.5179999992781764
SWANCORP,SWANCORP.NS,Swan Corp Ltd.,Chemicals,109189054464.0,Industrials,Conglomerates,2026-03-14,2026-03-16,345.0,345.0,327.20001220703125,337.8500061035156,346.8999938964844,-2.6088175128850755,1172166.0,1050721.75,1.1155817417884422,2.4477397436068844,1.0658067385223047
SWIGGY,SWIGGY.NS,Swiggy Ltd.,Consumer Services,732598435840.0,Consumer Cyclical,Internet Retail,2026-03-14,2026-03-16,279.6499938964844,285.79998779296875,275.6000061035156,284.6000061035156,282.1499938964844,0.8683367924970042,9307841.0,8778760.3,1.0602682704527198,1.8549959426495832,0.4681071114671634
SYNGENE,SYNGENE.NS,Syngene International Ltd.,Healthcare,169155084288.0,Healthcare,Diagnostics & Research,2026-03-14,2026-03-16,424.3500061035156,426.20001220703125,405.45001220703125,410.1499938964844,420.8500061035156,-2.5424764290960633,1806442.0,1498998.05,1.2050996330515573,1.753187397607358,1.450202318683033
SYRMA,SYRMA.NS,Syrma SGS Technology Ltd.,Capital Goods,139622285312.0,Technology,Electronic Components,2026-03-14,2026-03-16,721.0,735.9000244140625,709.0,727.7999877929688,724.5499877929688,0.44855428262440267,935904.0,900374.15,1.0394612062107735,2.5480222137214006,0.17604017743993158
TBOTEK,TBOTEK.NS,TBO Tek Ltd.,Consumer Services,123838767104.0,Consumer Cyclical,Travel Services,2026-03-14,2026-03-16,1168.199951171875,1190.5,1125.0,1179.800048828125,1162.4000244140625,1.4969050282697127,55829.0,127298.9,0.4385662405566741,2.14970765319781,0.6963295804631775
TVSMOTOR,TVSMOTOR.NS,TVS Motor Company Ltd.,Automobile and Auto Components,1579004854272.0,Consumer Cyclical,Auto Manufacturers,2026-03-14,2026-03-16,3329.89990234375,3389.699951171875,3287.300048828125,3374.800048828125,3324.5,1.5130109438449502,985487.0,881658.4,1.1177651117484957,2.4917041501149146,0.6072193377272225
TATACHEM,TATACHEM.NS,Tata Chemicals Ltd.,Chemicals,170890510336.0,Basic Materials,Chemicals,2026-03-14,2026-03-16,670.0,673.0,650.5,656.8499755859375,670.7999877929688,-2.079608297687785,610580.0,459253.9,1.3295042241339703,1.072305740686583,1.939379990968098
TATACOMM,TATACOMM.NS,Tata Communications Ltd.,Telecommunication,398458486784.0,Communication Services,Telecom Services,2026-03-14,2026-03-16,1400.0,1425.0,1377.300048828125,1412.0,1398.0999755859375,0.9942081865953245,344381.0,303830.15,1.1334655234182651,2.066653534873398,0.48107153415835086
TCS,TCS.NS,Tata Consultancy Services Ltd.,Information Technology,8721399808000.0,Technology,Information Technology Services,2026-03-14,2026-03-16,2410.0,2425.0,2366.10009765625,2409.199951171875,2410.5,-0.05393274541070081,3807451.0,3689130.55,1.0320727196818773,1.1764860187656343,0.045842232334632325
TATACONSUM,TATACONSUM.NS,Tata Consumer Products Ltd.,Fast Moving Consumer Goods,1072284958720.0,Consumer Defensive,Packaged Foods,2026-03-14,2026-03-16,1083.5999755859375,1099.699951171875,1071.0,1092.699951171875,1083.5999755859375,0.8397910475234971,1527840.0,1064349.1,1.435468870129171,1.2780293428366378,0.6570984087576165
TATAELXSI,TATAELXSI.NS,Tata Elxsi Ltd.,Information Technology,265072394240.0,Technology,Software - Application,2026-03-14,2026-03-16,4233.7001953125,4255.0,4118.2001953125,4202.2001953125,4255.0,-1.2408884767920125,407393.0,294984.8,1.3810643802663731,1.5915474011850446,0.7796742188564814
TATAINVEST,TATAINVEST.NS,Tata Investment Corporation Ltd.,Financial Services,314550976512.0,Financial Services,Asset Management,2026-03-14,2026-03-16,621.7000122070312,632.75,611.25,621.5999755859375,621.7000122070312,-0.016090818582847888,531963.0,2671198.65,0.19914767477139897,2.728823542994026,0.005896613807865815
TMPV,TMPV.NS,Tata Motors Passenger Vehicles Ltd.,Automobile and Auto Components,1156634771456.0,Consumer Cyclical,Auto Manufacturers,2026-03-14,2026-03-16,313.0,316.45001220703125,306.8999938964844,314.3999938964844,314.1000061035156,0.09550709555539161,10393000.0,10468425.25,0.9927949764937186,2.4799654451818665,0.03851146222256644
TATAPOWER,TATAPOWER.NS,Tata Power Co. Ltd.,Power,1261999357952.0,Utilities,Utilities - Independent Power Producers,2026-03-14,2026-03-16,395.54998779296875,398.8999938964844,385.0,390.54998779296875,394.95001220703125,-1.1140712186523571,8027656.0,5861784.55,1.3694901154290975,1.8260294367709045,0.6101058374077732
TATASTEEL,TATASTEEL.NS,Tata Steel Ltd.,Metals & Mining,2288708747264.0,Basic Materials,Steel,2026-03-14,2026-03-16,183.0,187.64999389648438,181.25,186.94000244140625,183.50999450683594,1.869112330251066,44780977.0,33651550.35,1.3307255248048326,2.5512102871910325,0.732637501359804
TATATECH,TATATECH.NS,Tata Technologies Ltd.,Information Technology,219370913792.0,Technology,Information Technology Services,2026-03-14,2026-03-16,540.0,541.25,521.5499877929688,528.1500244140625,540.3499755859375,-2.257786938667994,1234495.0,857677.95,1.439345619180253,1.4816665753121243,1.5238158005908813
TTML,TTML.NS,Tata Teleservices (Maharashtra) Ltd.,Telecommunication,74786603008.0,Communication Services,Telecom Services,2026-03-14,2026-03-16,38.04999923706055,38.83000183105469,37.099998474121094,38.119998931884766,38.2400016784668,-0.3138147000908864,2430707.0,1770565.8,1.372841946907593,1.7421474762372977,0.1801309615697206
TECHM,TECHM.NS,Tech Mahindra Ltd.,Information Technology,1180485550080.0,Technology,Information Technology Services,2026-03-14,2026-03-16,1324.0,1346.4000244140625,1315.9000244140625,1339.5,1332.800048828125,0.5026973984406657,2062055.0,2041817.4,1.009911562121079,1.6744995856724534,0.30020753826510516
TECHNOE,TECHNOE.NS,Techno Electric & Engineering Company Ltd.,Construction,126371119104.0,Industrials,Engineering & Construction,2026-03-14,2026-03-16,1076.4000244140625,1092.300048828125,1057.5999755859375,1077.5999755859375,1086.5999755859375,-0.8282716917186406,178533.0,295176.7,0.6048343246604492,2.29198700954382,0.3613771318378866
TEJASNET,TEJASNET.NS,Tejas Networks Ltd.,Telecommunication,75283685376.0,Technology,Communication Equipment,2026-03-14,2026-03-16,441.6499938964844,463.0,434.45001220703125,446.8500061035156,424.45001220703125,5.277416245086242,28663452.0,32325217.25,0.886721093885301,7.033195916844496,0.7503582023709642
NIACL,NIACL.NS,The New India Assurance Company Ltd.,Financial Services,222022369280.0,Financial Services,Insurance - Diversified,2026-03-14,2026-03-16,134.25999450683594,134.44000244140625,130.6999969482422,132.2100067138672,134.61000061035156,-1.782923917689827,467056.0,357961.45,1.3047661975891538,1.604692063449499,1.1110691940840007
RAMCOCEM,RAMCOCEM.NS,The Ramco Cements Ltd.,Construction Materials,230857654272.0,Basic Materials,Building Materials,2026-03-14,2026-03-16,965.0,995.0,940.0,981.0,977.0,0.4094165813715467,264678.0,158240.7,1.6726291023737887,1.8281350459693042,0.2239531386230102
THERMAX,THERMAX.NS,Thermax Ltd.,Capital Goods,362840621056.0,Industrials,Conglomerates,2026-03-14,2026-03-16,3261.0,3330.0,3226.199951171875,3259.199951171875,3221.0,1.1859655750349196,614176.0,145658.5,4.216547609648596,2.2848410452124943,0.5190582414999564
TIMKEN,TIMKEN.NS,Timken India Ltd.,Capital Goods,259650519040.0,Industrials,Tools & Accessories,2026-03-14,2026-03-16,3475.10009765625,3610.0,3385.0,3447.89990234375,3445.39990234375,0.07256051752655424,337748.0,70065.0,4.820495254406622,2.20821850549705,0.032859301444093963
TITAGARH,TITAGARH.NS,Titagarh Rail Systems Ltd.,Capital Goods,86110404608.0,Industrials,Railroads,2026-03-14,2026-03-16,635.0,636.0,610.0,627.9500122070312,639.4000244140625,-1.7907431607504076,1118558.0,570142.2,1.9618930154617569,2.05419357527269,0.8717499569205351
TITAN,TITAN.NS,Titan Company Ltd.,Consumer Durables,3613112664064.0,Consumer Cyclical,Luxury Goods,2026-03-14,2026-03-16,4057.0,4125.0,4002.199951171875,4090.800048828125,4073.199951171875,0.43209510623671843,1013575.0,669551.4,1.513812083732481,1.147439440373048,0.37657334324871955
TORNTPHARM,TORNTPHARM.NS,Torrent Pharmaceuticals Ltd.,Healthcare,1485775437824.0,Healthcare,Drug Manufacturers - Specialty & Generic,2026-03-14,2026-03-16,4390.0,4443.89990234375,4244.2001953125,4266.60009765625,4390.0,-2.8109317162585468,397005.0,455029.8,0.8724813188059332,1.5358119039182576,1.830257799856301
TORNTPOWER,TORNTPOWER.NS,Torrent Power Ltd.,Power,736354304000.0,Utilities,Utilities - Independent Power Producers,2026-03-14,2026-03-16,1462.0,1477.0999755859375,1425.800048828125,1445.800048828125,1461.300048828125,-1.0606993418244337,499903.0,681166.05,0.7338930059711578,2.324992744490809,0.4562161943678387
TARIL,TARIL.NS,Transformers And Rectifiers (India) Ltd.,Capital Goods,83100909568.0,Industrials,Electrical Equipment & Parts,2026-03-14,2026-03-16,278.20001220703125,278.75,258.20001220703125,266.04998779296875,276.8500061035156,-3.9010359662078886,3645650.0,6936148.8,0.5256014692187688,3.735670920959983,1.0442664915477646
TRENT,TRENT.NS,Trent Ltd.,Consumer Services,1239869161472.0,Consumer Cyclical,Apparel Retail,2026-03-14,2026-03-16,3487.800048828125,3612.39990234375,3427.89990234375,3596.10009765625,3487.800048828125,3.105110594413607,1303869.0,740562.95,1.7606457357878895,1.5854757803303965,1.95847242382128
TRIDENT,TRIDENT.NS,Trident Ltd.,Textiles,117019222016.0,Consumer Cyclical,Textile Manufacturing,2026-03-14,2026-03-16,22.899999618530273,23.0,22.15999984741211,22.59000015258789,22.940000534057617,-1.5257208950370416,7600445.0,7398919.75,1.02723711795901,1.891358735264256,0.8066798046240929
TRIVENI,TRIVENI.NS,Triveni Engineering & Industries Ltd.,Fast Moving Consumer Goods,76368838656.0,Consumer Defensive,Confectioners,2026-03-14,2026-03-16,347.20001220703125,349.20001220703125,339.1000061035156,343.25,348.70001220703125,-1.5629515389278037,243517.0,383897.6,0.6343280083022139,1.768120390363314,0.8839621710412195
TRITURBINE,TRITURBINE.NS,Triveni Turbine Ltd.,Capital Goods,146055495680.0,Industrials,Specialty Industrial Machinery,2026-03-14,2026-03-16,456.0,466.0,447.5,462.04998779296875,459.45001220703125,0.5658886749067893,230276.0,286243.9,0.8044747853142022,1.5829353964613693,0.3574932218786855
TIINDIA,TIINDIA.NS,Tube Investments of India Ltd.,Automobile and Auto Components,475772125184.0,Industrials,Conglomerates,2026-03-14,2026-03-16,2441.300048828125,2459.10009765625,2361.0,2422.300048828125,2458.199951171875,-1.460414248508779,1346471.0,640259.15,2.103009382997494,2.3717950700617525,0.6157421722234862
UCOBANK,UCOBANK.NS,UCO Bank,Financial Services,317717250048.0,Financial Services,Banks - Regional,2026-03-14,2026-03-16,25.31999969482422,25.389999389648438,24.600000381469727,25.15999984741211,25.31999969482422,-0.6319109373639331,9003123.0,9550574.55,0.9426786789492156,2.249479810462388,0.2809142515638057
UNOMINDA,UNOMINDA.NS,UNO Minda Ltd.,Automobile and Auto Components,585038299136.0,Consumer Cyclical,Auto Parts,2026-03-14,2026-03-16,1010.2999877929688,1032.300048828125,994.0,1018.5,1013.2000122070312,0.5230939329958995,675736.0,894966.35,0.7550406783450574,2.208256312375238,0.23688098617195877
UPL,UPL.NS,UPL Ltd.,Chemicals,515116204032.0,Basic Materials,Agricultural Inputs,2026-03-14,2026-03-16,610.0,621.4500122070312,601.7999877929688,608.7999877929688,609.4000244140625,-0.09846350460367415,2470789.0,3875775.65,0.6374953617348826,3.547456356828553,0.02775608624871177
UTIAMC,UTIAMC.NS,UTI Asset Management Company Ltd.,Financial Services,122653925376.0,Financial Services,Asset Management,2026-03-14,2026-03-16,960.0,964.0,935.0,959.8499755859375,952.6500244140625,0.7557813454425188,81619.0,77747.55,1.0497951382390827,1.9370536886194163,0.39017057187567267
ULTRACEMCO,ULTRACEMCO.NS,UltraTech Cement Ltd.,Construction Materials,3122950045696.0,Basic Materials,Building Materials,2026-03-14,2026-03-16,10670.0,11151.0,10652.0,11099.0,10616.0,4.549736247174074,728029.0,316496.3,2.3002764961233355,2.4027803430070027,1.8935298269837788
UNIONBANK,UNIONBANK.NS,Union Bank of India,Financial Services,1327676653568.0,Financial Services,Banks - Regional,2026-03-14,2026-03-16,172.1999969482422,176.97000122070312,171.25,175.60000610351562,173.8800048828125,0.9891886199694611,13770257.0,19027922.8,0.7236868230304151,2.5955758231816812,0.3811056533717071
UBL,UBL.NS,United Breweries Ltd.,Fast Moving Consumer Goods,434338332672.0,Consumer Defensive,Beverages - Brewers,2026-03-14,2026-03-16,1642.699951171875,1648.0,1585.0999755859375,1616.699951171875,1642.699951171875,-1.5827601371420252,67953.0,117428.25,0.5786767664510031,2.0483806529768454,0.7726884819195354
UNITDSPR,UNITDSPR.NS,United Spirits Ltd.,Fast Moving Consumer Goods,956096184320.0,Consumer Defensive,Beverages - Wineries & Distilleries,2026-03-14,2026-03-16,1309.9000244140625,1363.4000244140625,1302.5999755859375,1317.4000244140625,1314.4000244140625,0.2282410182803618,885109.0,878461.9,1.0075667481993242,2.2227050256411753,0.1026861484755594
USHAMART,USHAMART.NS,Usha Martin Ltd.,Capital Goods,124270231552.0,Basic Materials,Steel,2026-03-14,2026-03-16,408.29998779296875,412.70001220703125,392.0,397.25,407.54998779296875,-2.5272943446144946,373337.0,816931.6,0.456999092702498,2.192077336210632,1.1529220720758606
VGUARD,VGUARD.NS,V-Guard Industries Ltd.,Consumer Durables,139630280704.0,Industrials,Electrical Equipment & Parts,2026-03-14,2026-03-16,320.0,328.6000061035156,312.1499938964844,321.6499938964844,320.0,0.5156230926513627,204217.0,146014.0,1.3986124618187297,1.8476060552785927,0.2790763167171013
DBREALTY,DBREALTY.NS,Valor Estate Ltd.,Consumer Services,53654876160.0,Real Estate,Real Estate - Development,2026-03-14,2026-03-16,99.0,99.8499984741211,94.91999816894531,99.05999755859375,98.91999816894531,0.14152789348957917,1953827.0,1524349.75,1.2817445602624988,2.4268084466744932,0.05831852682213869
VTL,VTL.NS,Vardhman Textiles Ltd.,Textiles,155248132096.0,Consumer Cyclical,Textile Manufacturing,2026-03-14,2026-03-16,530.0,533.75,522.0,531.2999877929688,536.75,-1.0153725583663231,256449.0,472827.85,0.5423728741866622,1.2274305937172845,0.8272341943924163
VBL,VBL.NS,Varun Beverages Ltd.,Fast Moving Consumer Goods,1357234438144.0,Consumer Defensive,Beverages - Non-Alcoholic,2026-03-14,2026-03-16,401.6000061035156,416.3999938964844,401.1000061035156,407.1499938964844,401.29998779296875,1.4577638378931779,8026782.0,4761792.6,1.685663924128069,1.9798219527577074,0.7363105737173228
MANYAVAR,MANYAVAR.NS,Vedant Fashions Ltd.,Consumer Services,83193987072.0,Consumer Cyclical,Apparel Manufacturing,2026-03-14,2026-03-16,342.3999938964844,342.3999938964844,329.20001220703125,337.1000061035156,342.3999938964844,-1.547893658716315,673121.0,465171.2,1.4470392836013923,2.2783243756509965,0.6794000341913684
VEDL,VEDL.NS,Vedanta Ltd.,Metals & Mining,2694879117312.0,Basic Materials,Other Industrial Metals & Mining,2026-03-14,2026-03-16,688.0,697.5,677.25,685.5999755859375,689.5499877929688,-0.5728391381274567,11108193.0,12601949.2,0.8814662576167186,2.0385526425732574,0.28100286750719566
VENTIVE,VENTIVE.NS,Ventive Hospitality Ltd.,Consumer Services,151580180480.0,Consumer Cyclical,Lodging,2026-03-14,2026-03-16,655.0999755859375,655.0999755859375,626.0,646.5,649.0499877929688,-0.39288003095721,44389.0,79973.25,0.5550480942065003,1.1402745664446392,0.34454862233944644
VIJAYA,VIJAYA.NS,Vijaya Diagnostic Centre Ltd.,Healthcare,95776251904.0,Healthcare,Diagnostics & Research,2026-03-14,2026-03-16,925.0,948.7999877929688,905.0,938.4000244140625,930.7999877929688,0.816505878896101,97231.0,102026.6,0.9529965714823389,1.6920036117784791,0.4825674562466595
VMM,VMM.NS,Vishal Mega Mart Ltd.,Consumer Services,480337985536.0,Consumer Cyclical,Department Stores,2026-03-14,2026-03-16,102.05000305175781,106.8499984741211,100.79000091552734,106.0999984741211,102.79000091552734,3.2201551990586053,14133497.0,53020064.55,0.2665688380418994,2.999828972302964,1.073446262700269
IDEA,IDEA.NS,Vodafone Idea Ltd.,Telecommunication,1004339986432.0,Communication Services,Telecom Services,2026-03-14,2026-03-16,9.319999694824219,9.739999771118164,9.289999961853027,9.390000343322754,9.270000457763672,1.2944970834233516,550605571.0,412479871.2,1.3348665218454423,1.7407281290338152,0.7436526484706474
VOLTAS,VOLTAS.NS,Voltas Ltd.,Consumer Durables,467937165312.0,Consumer Cyclical,"Furnishings, Fixtures & Appliances",2026-03-14,2026-03-16,1410.5999755859375,1421.5999755859375,1361.0,1406.4000244140625,1414.199951171875,-0.5515434186904811,814438.0,918387.5,0.8868130282696575,1.9718241660643514,0.2797122726167467
WAAREEENER,WAAREEENER.NS,Waaree Energies Ltd.,Capital Goods,784281698304.0,Technology,Solar,2026-03-14,2026-03-16,2755.60009765625,2818.0,2681.199951171875,2790.699951171875,2726.60009765625,2.3509077686428848,1862944.0,2145177.45,0.8684335181688582,2.948065714600632,0.7974407615813126
WELCORP,WELCORP.NS,Welspun Corp Ltd.,Capital Goods,211015892992.0,Basic Materials,Steel,2026-03-14,2026-03-16,800.0,813.2999877929688,784.0,795.7999877929688,800.2000122070312,-0.5498655769732852,393833.0,467543.5,0.8423451507720672,2.470060433903058,0.22261219580948344
WELSPUNLIV,WELSPUNLIV.NS,Welspun Living Ltd.,Textiles,107235303424.0,Consumer Cyclical,Textile Manufacturing,2026-03-14,2026-03-16,112.11000061035156,112.8499984741211,108.01000213623047,109.44000244140625,112.0999984741211,-2.37287784917225,1876389.0,2140325.25,0.8766840460345922,2.009044053668224,1.1810979678816491
WHIRLPOOL,WHIRLPOOL.NS,Whirlpool of India Ltd.,Consumer Durables,106314825728.0,Consumer Cyclical,"Furnishings, Fixtures & Appliances",2026-03-14,2026-03-16,842.2999877929688,843.4000244140625,810.0,819.3499755859375,837.6500244140625,-2.1846891058023843,244490.0,282874.3,0.8643061600152435,1.9940244234973667,1.095618027571902
WIPRO,WIPRO.NS,Wipro Ltd.,Information Technology,2070168862720.0,Technology,Information Technology Services,2026-03-14,2026-03-16,196.24000549316406,198.2899932861328,192.77000427246094,195.11000061035156,197.5800018310547,-1.250127137267243,12628581.0,17720606.65,0.7126494735438418,1.2354067589795668,1.0119154101923766
WOCKPHARMA,WOCKPHARMA.NS,Wockhardt Ltd.,Healthcare,196826775552.0,Healthcare,Drug Manufacturers - Specialty & Generic,2026-03-14,2026-03-16,1202.0,1236.800048828125,1175.199951171875,1196.4000244140625,1211.300048828125,-1.2300853474312645,711158.0,386980.95,1.8377080318811558,2.334317724108442,0.5269571210153396
YESBANK,YESBANK.NS,Yes Bank Ltd.,Financial Services,590230257664.0,Financial Services,Banks - Regional,2026-03-14,2026-03-16,18.610000610351562,18.84000015258789,18.190000534057617,18.540000915527344,18.799999237060547,-1.3829698515129052,125274052.0,84130698.6,1.4890409099729027,1.2948851895962727,1.068025074828523
ZFCVINDIA,ZFCVINDIA.NS,ZF Commercial Vehicle Control Systems India Ltd.,Automobile and Auto Components,258035007488.0,Consumer Cyclical,Auto Parts,2026-03-14,2026-03-16,13605.0,13847.0,13530.0,13670.0,13604.0,0.4851514260511669,8858.0,14000.4,0.6326962086797521,1.606548847253638,0.30198361343355556
ZEEL,ZEEL.NS,Zee Entertainment Enterprises Ltd.,Media Entertainment & Publication,74978140160.0,Communication Services,Broadcasting,2026-03-14,2026-03-16,78.05999755859375,78.44999694824219,74.62999725341797,75.38999938964844,78.05999755859375,-3.420443572190923,10369199.0,6859368.85,1.511684125282168,1.7647426205843313,1.938211007256325
ZENTEC,ZENTEC.NS,Zen Technologies Ltd.,Capital Goods,122774568960.0,Industrials,Aerospace & Defense,2026-03-14,2026-03-16,1364.699951171875,1431.5,1330.0,1416.5,1364.699951171875,3.795709729720742,540642.0,594479.95,0.9094368952224546,1.7835320182796117,2.1281982553820757
ZENSARTECH,ZENSARTECH.NS,Zensar Technolgies Ltd.,Information Technology,125361414144.0,Technology,Information Technology Services,2026-03-14,2026-03-16,547.1500244140625,562.75,538.5,556.5999755859375,552.8499755859375,0.6783033672065564,622598.0,527018.5,1.1813589086531118,2.158663591580626,0.31422374929198027
ZYDUSLIFE,ZYDUSLIFE.NS,Zydus Lifesciences Ltd.,Healthcare,911846473728.0,Healthcare,Drug Manufacturers - Specialty & Generic,2026-03-14,2026-03-16,907.0999755859375,911.9000244140625,877.0999755859375,886.9000244140625,905.9000244140625,-2.0973616831823416,726457.0,618368.5,1.1747962582181983,1.2384526866969103,1.6935339603293496
ECLERX,ECLERX.NS,eClerx Services Ltd.,Services,292108959744.0,Technology,Information Technology Services,2026-03-14,2026-03-16,1555.0,1567.4000244140625,1493.0999755859375,1528.5999755859375,1576.5999755859375,-3.044526242756096,182299.0,283864.1,0.6422051960779824,2.3959430342299313,1.2707005964916953
