symbol,ticker,company_name,industry_constituent,market_cap,sector,industry,meta_updated_at,date,open,high,low,close,prev_close,pct_change,volume,avg_volume_20,unusual_volume_ratio,volatility_20d_pct,move_vs_vol
360ONE,360ONE.NS,360 ONE WAM Ltd.,Financial Services,417075101696.0,Financial Services,Asset Management,2026-03-14,2026-03-13,1041.9000244140625,1041.9000244140625,1021.5,1027.4000244140625,1043.4000244140625,-1.5334483060784887,582449.0,746384.0,0.7803610473965144,1.4994549271212196,1.0226704906845931
3MINDIA,3MINDIA.NS,3M India Ltd.,Diversified,371578339328.0,Industrials,Conglomerates,2026-03-14,2026-03-13,34250.0,34305.0,32750.0,32985.0,34305.0,-3.847835592479232,7690.0,4282.45,1.7957010589732514,2.6170901439740466,1.4702724708734336
ABB,ABB.NS,ABB India Ltd.,Capital Goods,1354702913536.0,Industrials,Specialty Industrial Machinery,2026-03-14,2026-03-13,6439.5,6554.0,6339.5,6392.5,6409.0,-0.25745046029022056,1070933.0,592894.25,1.8062799563328535,2.054534067795053,0.1253084406463598
ACC,ACC.NS,ACC Ltd.,Construction Materials,258470395904.0,Basic Materials,Building Materials,2026-03-14,2026-03-13,1430.0,1430.0999755859375,1360.0,1376.4000244140625,1433.4000244140625,-3.976559162073412,418470.0,172770.75,2.4221113817008955,1.3567722161009856,2.9308966640701266
ACMESOLAR,ACMESOLAR.NS,ACME Solar Holdings Ltd.,Power,154892451840.0,Utilities,Utilities - Renewable,2026-03-14,2026-03-13,243.0,262.79998779296875,239.00999450683594,255.61000061035156,240.0800018310547,6.468676549838337,14626211.0,1184053.6,12.352659541763988,2.5509300274348288,2.5358110494089585
AIAENG,AIAENG.NS,AIA Engineering Ltd.,Capital Goods,342047162368.0,Industrials,Specialty Industrial Machinery,2026-03-14,2026-03-13,3729.0,3729.0,3640.0,3665.300048828125,3722.800048828125,-1.5445363502157528,23041.0,42252.5,0.5453168451570913,2.0892259889667675,0.7392863952355904
APLAPOLLO,APLAPOLLO.NS,APL Apollo Tubes Ltd.,Capital Goods,536852168704.0,Basic Materials,Steel,2026-03-14,2026-03-13,2006.800048828125,2013.5,1908.5,1933.199951171875,2009.199951171875,-3.7826001317426194,560832.0,678554.6,0.8265097605999576,1.7867925896793562,2.116977736303135
AUBANK,AUBANK.NS,AU Small Finance Bank Ltd.,Financial Services,660769275904.0,Financial Services,Banks - Regional,2026-03-14,2026-03-13,900.0,905.8499755859375,881.9000244140625,884.3499755859375,902.2000122070312,-1.9785010396339509,2558046.0,3870505.7,0.6609074364623723,2.0716679790733386,0.9550280545046309
AWL,AWL.NS,AWL Agri Business Ltd.,Fast Moving Consumer Goods,224130220032.0,Consumer Defensive,Packaged Foods,2026-03-14,2026-03-13,177.0,179.64999389648438,172.2100067138672,172.88999938964844,176.14999389648438,-1.8506923756986815,3317323.0,3866358.6,0.8579967207387333,1.3658009339291568,1.355023510179175
AADHARHFC,AADHARHFC.NS,Aadhar Housing Finance Ltd.,Financial Services,199803944960.0,Financial Services,Mortgage Finance,2026-03-14,2026-03-13,470.0,475.0,453.0,459.75,475.95001220703125,-3.403721355507494,425613.0,573740.25,0.7418217564481487,2.3524756258354937,1.4468678519458178
AARTIIND,AARTIIND.NS,Aarti Industries Ltd.,Chemicals,152792727552.0,Basic Materials,Specialty Chemicals,2026-03-14,2026-03-13,447.95001220703125,447.95001220703125,419.25,420.75,446.20001220703125,-5.703722884530704,1148080.0,839808.45,1.3670736463773376,2.687050507094929,2.122670515299399
AAVAS,AAVAS.NS,Aavas Financiers Ltd.,Financial Services,92638658560.0,Financial Services,Mortgage Finance,2026-03-14,2026-03-13,1172.0,1181.800048828125,1145.0,1169.800048828125,1179.800048828125,-0.8476012532744659,135772.0,210835.1,0.6439724694797023,1.3240096153030085,0.6401775662939476
ABBOTINDIA,ABBOTINDIA.NS,Abbott India Ltd.,Healthcare,572881174528.0,Healthcare,Drug Manufacturers - Specialty & Generic,2026-03-14,2026-03-13,26430.0,27260.0,26290.0,26960.0,26685.0,1.0305415027168863,7309.0,8168.85,0.8947403857336099,1.2629266091306115,0.8159947658607832
ACE,ACE.NS,Action Construction Equipment Ltd.,Capital Goods,100044587008.0,Industrials,Farm & Heavy Construction Machinery,2026-03-14,2026-03-13,873.25,873.25,837.2999877929688,840.5499877929688,865.8499755859375,-2.9219828499559397,175704.0,188673.75,0.9312583228986544,1.840697161040651,1.587432692243615
ADANIENSOL,ADANIENSOL.NS,Adani Energy Solutions Ltd.,Power,1194237231104.0,Utilities,Utilities - Independent Power Producers,2026-03-14,2026-03-13,1008.0999755859375,1027.300048828125,980.0,992.2999877929688,1004.4000244140625,-1.2047029397627251,2240469.0,1357624.35,1.6502863991795667,2.215911779302818,0.5436601542601823
ADANIENT,ADANIENT.NS,Adani Enterprises Ltd.,Metals & Mining,2670887436288.0,Energy,Thermal Coal,2026-03-14,2026-03-13,1999.9000244140625,2008.5999755859375,1945.0,1961.0999755859375,2002.0,-2.042958262440686,1195216.0,1385280.2,0.8627972882309298,1.8343296709888997,1.1137356031205194
ADANIGREEN,ADANIGREEN.NS,Adani Green Energy Ltd.,Power,1418795155456.0,Utilities,Utilities - Renewable,2026-03-14,2026-03-13,865.25,878.75,844.0,861.3499755859375,866.5499877929688,-0.6000821972515724,6756314.0,2944022.5,2.2949260747837354,2.34347569413151,0.25606503995509217
ADANIPORTS,ADANIPORTS.NS,Adani Ports and Special Economic Zone Ltd.,Services,3140756963328.0,Industrials,Marine Shipping,2026-03-14,2026-03-13,1388.699951171875,1390.0,1354.0,1363.199951171875,1391.5,-2.0337800092076863,2688551.0,2412665.85,1.1143486778328626,2.119313182039908,0.9596410886521768
ADANIPOWER,ADANIPOWER.NS,Adani Power Ltd.,Power,2826755375104.0,Utilities,Utilities - Independent Power Producers,2026-03-14,2026-03-13,151.0,153.89999389648438,145.3000030517578,146.57000732421875,149.11000061035156,-1.7034359035181135,54413670.0,19722787.0,2.7589239796586558,2.6299255462351225,0.6477125962583511
ATGL,ATGL.NS,Adani Total Gas Ltd.,Oil Gas & Consumable Fuels,622712061952.0,Utilities,Utilities - Regulated Gas,2026-03-14,2026-03-13,624.0,644.8499755859375,554.0,565.9000244140625,607.5999755859375,-6.863060047305258,31842032.0,5296869.85,6.01148091263749,5.363552995645171,1.2795734567883605
ABCAPITAL,ABCAPITAL.NS,Aditya Birla Capital Ltd.,Financial Services,814087405568.0,Financial Services,Financial Conglomerates,2026-03-14,2026-03-13,319.0,320.1499938964844,309.5,310.75,319.95001220703125,-2.8754529945378304,3871472.0,10755901.25,0.35993934027611124,2.0478393385118214,1.404139934447905
ABFRL,ABFRL.NS,Aditya Birla Fashion and Retail Ltd.,Consumer Services,72107458560.0,Consumer Cyclical,Apparel Manufacturing,2026-03-14,2026-03-13,62.0,62.0099983215332,59.0099983215332,59.279998779296875,62.06999969482422,-4.494926581673553,3563024.0,3934445.1,0.9055975898608929,2.1011924932299406,2.1392264612386747
ABLBL,ABLBL.NS,Aditya Birla Lifestyle Brands Ltd.,Consumer Services,118518833152.0,Consumer Cyclical,Apparel Retail,2026-03-14,2026-03-13,100.0999984741211,101.31999969482422,95.8499984741211,97.41999816894531,101.0999984741211,-3.6399607920051147,2644451.0,3047882.25,0.8676355525217551,2.3913508859543735,1.5221357992189544
ABREL,ABREL.NS,Aditya Birla Real Estate Ltd.,Forest Materials,125374078976.0,Real Estate,Real Estate Services,2026-03-14,2026-03-13,1189.800048828125,1189.800048828125,1124.0,1134.0,1189.800048828125,-4.6898677540889615,183323.0,153668.75,1.1929751494692318,1.7555036559867405,2.671522635737755
ABSLAMC,ABSLAMC.NS,Aditya Birla Sun Life AMC Ltd.,Financial Services,269379239936.0,Financial Services,Asset Management,2026-03-14,2026-03-13,990.0999755859375,996.0,922.2999877929688,932.7999877929688,1000.1500244140625,-6.7339933986954374,345939.0,781415.75,0.44270799507176556,3.823857705533734,1.7610470674550132
AEGISLOG,AEGISLOG.NS,Aegis Logistics Ltd.,Oil Gas & Consumable Fuels,211266912256.0,Energy,Oil & Gas Refining & Marketing,2026-03-14,2026-03-13,639.9500122070312,646.9500122070312,600.0499877929688,601.9000244140625,637.25,-5.547269609405648,549222.0,940619.85,0.5838936952053478,2.6138442709415406,2.1222647695868466
AEGISVOPAK,AEGISVOPAK.NS,Aegis Vopak Terminals Ltd.,Oil Gas & Consumable Fuels,213631844352.0,Energy,Oil & Gas Equipment & Services,2026-03-14,2026-03-13,193.47000122070312,195.5500030517578,191.6999969482422,192.80999755859375,193.47000122070312,-0.3411400516592056,339721.0,1221775.65,0.2780551404834431,4.080489337217246,0.08360273081655727
AFCONS,AFCONS.NS,Afcons Infrastructure Ltd.,Construction,102556745728.0,Industrials,Engineering & Construction,2026-03-14,2026-03-13,278.3999938964844,281.95001220703125,274.5,278.8500061035156,278.5,0.1256754411187222,931574.0,537444.65,1.7333394238829989,1.2881100829550098,0.09756576148399865
AFFLE,AFFLE.NS,Affle 3i Ltd.,Information Technology,188178923520.0,Communication Services,Advertising Agencies,2026-03-14,2026-03-13,1377.5,1377.5,1305.0,1338.0999755859375,1377.800048828125,-2.8814103523914114,237234.0,299392.3,0.7923851081006426,2.7298525874769375,1.0555186626595654
AJANTPHARM,AJANTPHARM.NS,Ajanta Pharmaceuticals Ltd.,Healthcare,378814529536.0,Healthcare,Drug Manufacturers - Specialty & Generic,2026-03-14,2026-03-13,3136.800048828125,3228.0,3006.5,3030.60009765625,3119.5,-2.8498125450793443,154558.0,121212.55,1.2750989893373252,1.5328287080771703,1.859185263208073
AKUMS,AKUMS.NS,Akums Drugs and Pharmaceuticals Ltd.,Healthcare,72051539968.0,Healthcare,Drug Manufacturers - Specialty & Generic,2026-03-14,2026-03-13,497.8999938964844,497.8999938964844,468.0,470.29998779296875,498.95001220703125,-5.7420630750830925,208271.0,372901.25,0.558515156492503,2.7256929831117334,2.1066433786419263
AKZOINDIA,AKZOINDIA.NS,Akzo Nobel India Ltd.,Consumer Durables,130518532096.0,Basic Materials,Specialty Chemicals,2026-03-14,2026-03-13,2901.10009765625,2924.39990234375,2840.300048828125,2866.0,2916.89990234375,-1.744999967357519,20205.0,38845.25,0.5201408151575804,2.1750490910698215,0.8022807276038179
APLLTD,APLLTD.NS,Alembic Pharmaceuticals Ltd.,Healthcare,133582823424.0,Healthcare,Drug Manufacturers - Specialty & Generic,2026-03-14,2026-03-13,703.2999877929688,704.9500122070312,675.0,677.9500122070312,703.2999877929688,-3.604432820408321,45302.0,57502.3,0.7878293563909617,1.3104261291872252,2.7505807005267235
ALKEM,ALKEM.NS,Alkem Laboratories Ltd.,Healthcare,640330366976.0,Healthcare,Drug Manufacturers - Specialty & Generic,2026-03-14,2026-03-13,5422.0,5471.5,5335.5,5355.5,5444.0,-1.62564290962528,103318.0,134080.8,0.7705652114247529,2.3766872693779217,0.6839952948672033
ALKYLAMINE,ALKYLAMINE.NS,Alkyl Amines Chemicals Ltd.,Chemicals,65382555648.0,Basic Materials,Specialty Chemicals,2026-03-14,2026-03-13,1295.0,1297.5999755859375,1250.0999755859375,1278.4000244140625,1304.0999755859375,-1.9707040605017934,70539.0,35847.65,1.9677440501678631,1.5778317263764274,1.2489950782189034
ALOKINDS,ALOKINDS.NS,Alok Industries Ltd.,Textiles,64697081856.0,Consumer Cyclical,Textile Manufacturing,2026-03-14,2026-03-13,13.180000305175781,13.180000305175781,12.949999809265137,13.029999732971191,13.210000038146973,-1.3626063940650135,3416480.0,4016764.55,0.8505552061795606,1.4495174522393601,0.9400413854692969
ARE&M,ARE&M.NS,Amara Raja Energy & Mobility Ltd.,Automobile and Auto Components,141622296576.0,Industrials,Electrical Equipment & Parts,2026-03-14,2026-03-13,788.9500122070312,794.5999755859375,770.0,773.7000122070312,789.7999877929688,-2.0384876974900434,441696.0,281755.9,1.5676548388161524,1.3124464998751382,1.5531967952095407
AMBER,AMBER.NS,Amber Enterprises India Ltd.,Consumer Durables,226845491200.0,Consumer Cyclical,"Furnishings, Fixtures & Appliances",2026-03-14,2026-03-13,6860.0,6950.0,6426.0,6446.0,6929.5,-6.97741539793636,578482.0,305268.05,1.894996872420812,2.88483805124281,2.41865063965391
AMBUJACEM,AMBUJACEM.NS,Ambuja Cements Ltd.,Construction Materials,1051390050304.0,Basic Materials,Building Materials,2026-03-14,2026-03-13,445.0,446.29998779296875,424.3999938964844,425.3500061035156,446.45001220703125,-4.726174381585857,4855118.0,2274894.65,2.134216632844954,1.7619841413093973,2.6823024514134715
ANANDRATHI,ANANDRATHI.NS,Anand Rathi Wealth Ltd.,Financial Services,252348956672.0,Financial Services,Asset Management,2026-03-14,2026-03-13,3068.0,3076.699951171875,2992.10009765625,3039.300048828125,3075.10009765625,-1.1641913333296339,203434.0,169634.45,1.1992493270087532,1.0217833039765765,1.1393720457154015
ANANTRAJ,ANANTRAJ.NS,Anant Raj Ltd.,Realty,162033385472.0,Real Estate,Real Estate - Development,2026-03-14,2026-03-13,469.6000061035156,473.04998779296875,448.0,450.0,469.6000061035156,-4.173766151782187,1588928.0,2113827.65,0.751682853613917,2.0296074634320638,2.0564400885303966
ANGELONE,ANGELONE.NS,Angel One Ltd.,Financial Services,195974119424.0,Financial Services,Capital Markets,2026-03-14,2026-03-13,212.82000732421875,218.3800048828125,208.6300048828125,215.5800018310547,213.07000732421875,1.1780139956613311,10399621.0,8066679.85,1.289207107928053,2.1294641130389462,0.5531973929253938
APARINDS,APARINDS.NS,Apar Industries Ltd.,Capital Goods,361085927424.0,Industrials,Electrical Equipment & Parts,2026-03-14,2026-03-13,9305.0,9332.0,8886.0,8989.0,9456.0,-4.938663282571909,149896.0,150126.5,0.9984646281635821,3.669041864860054,1.3460362308404137
APOLLOHOSP,APOLLOHOSP.NS,Apollo Hospitals Enterprise Ltd.,Healthcare,1085574152192.0,Healthcare,Medical Care Facilities,2026-03-14,2026-03-13,7556.0,7616.0,7485.5,7550.0,7574.5,-0.3234536933130916,394081.0,417428.15,0.9440690571539078,0.8720863492789335,0.37089640673831503
APOLLOTYRE,APOLLOTYRE.NS,Apollo Tyres Ltd.,Automobile and Auto Components,253518708736.0,Consumer Cyclical,Auto Parts,2026-03-14,2026-03-13,413.04998779296875,417.04998779296875,396.20001220703125,400.29998779296875,417.6499938964844,-4.154197619314671,2645439.0,1220214.45,2.168011532726891,1.835265941082287,2.263539864345148
APTUS,APTUS.NS,Aptus Value Housing Finance India Ltd.,Financial Services,111169888256.0,Financial Services,Mortgage Finance,2026-03-14,2026-03-13,227.25,227.77999877929688,219.22999572753906,222.00999450683594,227.24000549316406,-2.301536199569165,1505284.0,1466124.65,1.0267094274692128,2.2602950321168738,1.018245922265142
ASAHIINDIA,ASAHIINDIA.NS,Asahi India Glass Ltd.,Automobile and Auto Components,211589578752.0,Consumer Cyclical,Auto Parts,2026-03-14,2026-03-13,852.0,852.0,825.0,830.0,856.2000122070312,-3.0600340847339313,33608.0,75313.9,0.4462390076732184,2.359636951792745,1.2968241077972
ASHOKLEY,ASHOKLEY.NS,Ashok Leyland Ltd.,Capital Goods,1002373251072.0,Industrials,Farm & Heavy Construction Machinery,2026-03-14,2026-03-13,176.60000610351562,176.60000610351562,169.41000366210938,170.64999389648438,178.47000122070312,-4.38169287316148,27169894.0,18069647.25,1.5036206088638504,2.5080832338207366,1.7470284933433187
ASIANPAINT,ASIANPAINT.NS,Asian Paints Ltd.,Consumer Durables,2105839976448.0,Basic Materials,Specialty Chemicals,2026-03-14,2026-03-13,2204.699951171875,2219.699951171875,2190.0,2196.800048828125,2221.199951171875,-1.0985009400381496,949095.0,1095634.9,0.8662511572057444,1.4124874041235271,0.7777067157068126
ASTERDM,ASTERDM.NS,Aster DM Healthcare Ltd.,Healthcare,344853020672.0,Healthcare,Medical Care Facilities,2026-03-14,2026-03-13,684.0499877929688,684.0499877929688,662.0,666.9500122070312,684.0499877929688,-2.4998137403830945,441863.0,762689.65,0.5793483627318137,1.654630704331305,1.5107985932083605
ASTRAZEN,ASTRAZEN.NS,AstraZenca Pharma India Ltd.,Healthcare,210025005056.0,Healthcare,Drug Manufacturers - Specialty & Generic,2026-03-14,2026-03-13,8575.0,8579.0,8292.0,8401.0,8609.0,-2.416076199326289,6947.0,4828.05,1.4388831930075288,0.9834246818201472,2.4567984147546045
ASTRAL,ASTRAL.NS,Astral Ltd.,Capital Goods,433010376704.0,Industrials,Building Products & Equipment,2026-03-14,2026-03-13,1679.699951171875,1688.0999755859375,1606.9000244140625,1611.800048828125,1696.0,-4.964619762492628,535679.0,804178.8,0.6661192759620124,2.4682610678589465,2.0113835716734405
ATHERENERG,ATHERENERG.NS,Ather Energy Ltd.,Automobile and Auto Components,269575192576.0,Consumer Cyclical,Auto Manufacturers,2026-03-14,2026-03-13,710.0,721.0,692.0999755859375,705.0,710.5499877929688,-0.7810833703913667,2014465.0,1468081.8,1.3721749019707212,1.6873453256057287,0.46290664900557377
ATUL,ATUL.NS,Atul Ltd.,Chemicals,190311514112.0,Basic Materials,Specialty Chemicals,2026-03-14,2026-03-13,6210.0,6538.0,5990.0,6464.0,6302.5,2.562475208250703,55392.0,26154.15,2.1179048066941575,1.7456057944117191,1.4679575517302144
AUROPHARMA,AUROPHARMA.NS,Aurobindo Pharma Ltd.,Healthcare,753009295360.0,Healthcare,Drug Manufacturers - Specialty & Generic,2026-03-14,2026-03-13,1304.300048828125,1317.800048828125,1288.0999755859375,1296.5,1311.9000244140625,-1.173871798724957,1634581.0,1874454.25,0.8720303523012098,1.7180706212280443,0.683250027222918
AIIL,AIIL.NS,Authum Investment & Infrastructure Ltd.,Financial Services,403212238848.0,Financial Services,Capital Markets,2026-03-14,2026-03-13,447.0,488.3999938964844,443.20001220703125,474.79998779296875,449.45001220703125,5.640221358868369,4091334.0,942214.2,4.342254659290849,5.644117174048975,0.9993097565021296
DMART,DMART.NS,Avenue Supermarts Ltd.,Consumer Services,2495105728512.0,Consumer Defensive,Discount Stores,2026-03-14,2026-03-13,3945.0,4056.0,3825.0,3834.300048828125,3953.60009765625,-3.0175041957037574,913442.0,398262.1,2.2935699882062592,1.2903387153326566,2.338536509714682
AXISBANK,AXISBANK.NS,Axis Bank Ltd.,Financial Services,3720286044160.0,Financial Services,Banks - Regional,2026-03-14,2026-03-13,1224.0,1234.5,1194.300048828125,1197.300048828125,1234.5,-3.0133617798197676,9097157.0,6402410.2,1.4208956808172022,1.7321644734257262,1.7396510701204946
BASF,BASF.NS,BASF India Ltd.,Chemicals,149915484160.0,Basic Materials,Specialty Chemicals,2026-03-14,2026-03-13,3458.89990234375,3499.0,3421.60009765625,3463.39990234375,3469.699951171875,-0.1815733036511502,22375.0,21519.25,1.039766720494441,2.059375662317153,0.08816910240011719
BEML,BEML.NS,BEML Ltd.,Capital Goods,127079784448.0,Industrials,Conglomerates,2026-03-14,2026-03-13,1614.199951171875,1614.199951171875,1521.0,1525.4000244140625,1614.199951171875,-5.501172682686906,295044.0,207004.95,1.4252992500903963,2.0471054068153474,2.6872933188354975
BLS,BLS.NS,BLS International Services Ltd.,Consumer Services,101667110912.0,Industrials,Specialty Business Services,2026-03-14,2026-03-13,250.0,250.5,240.3000030517578,246.9499969482422,251.75,-1.906654638235472,1339430.0,2533188.2,0.528752660382675,2.8406360698167785,0.6712069379441667
BSE,BSE.NS,BSE Ltd.,Financial Services,1135943090176.0,Financial Services,Financial Data & Stock Exchanges,2026-03-14,2026-03-13,2852.0,2878.5,2787.5,2797.0,2850.60009765625,-1.8803092619101403,3313095.0,4632610.6,0.7151680307427524,2.7698263691743987,0.6788545602844425
BAJAJ-AUTO,BAJAJ-AUTO.NS,Bajaj Auto Ltd.,Automobile and Auto Components,2478366261248.0,Consumer Cyclical,Auto Manufacturers,2026-03-14,2026-03-13,9075.0,9119.5,8832.5,8875.0,9162.0,-3.1325038201266087,435603.0,295205.25,1.475593675925479,1.9616479485404557,1.5968735992904928
BAJFINANCE,BAJFINANCE.NS,Bajaj Finance Ltd.,Financial Services,5315286269952.0,Financial Services,Credit Services,2026-03-14,2026-03-13,861.0,868.3499755859375,848.7999877929688,855.0499877929688,863.0999755859375,-0.9326831213850806,6667230.0,8181948.65,0.8148706726483794,1.7979077716362475,0.518760270186863
BAJAJFINSV,BAJAJFINSV.NS,Bajaj Finserv Ltd.,Financial Services,2776450203648.0,Financial Services,Financial Conglomerates,2026-03-14,2026-03-13,1760.0999755859375,1779.199951171875,1726.0999755859375,1738.0,1770.800048828125,-1.85227286670967,1390677.0,1063395.85,1.3077698206175996,1.5435964314827335,1.1999722394605634
BAJAJHLDNG,BAJAJHLDNG.NS,Bajaj Holdings & Investment Ltd.,Financial Services,1057956102144.0,Financial Services,Asset Management,2026-03-14,2026-03-13,9768.0,9856.0,9482.0,9506.0,9789.0,-2.891000102155483,60848.0,64475.9,0.9437324643781629,1.7301759637576377,1.6709283695496149
BAJAJHFL,BAJAJHFL.NS,Bajaj Housing Finance Ltd.,Financial Services,684199575552.0,Financial Services,Mortgage Finance,2026-03-14,2026-03-13,83.19999694824219,84.0,81.9000015258789,82.1500015258789,83.68000030517578,-1.828392416009872,4898279.0,4492673.0,1.0902816652803353,0.934162172512977,1.9572537508036087
BALKRISIND,BALKRISIND.NS,Balkrishna Industries Ltd.,Automobile and Auto Components,430266056704.0,Consumer Cyclical,Auto Parts,2026-03-14,2026-03-13,2274.800048828125,2296.10009765625,2211.0,2225.699951171875,2280.199951171875,-2.390141266865242,105890.0,157575.45,0.6719955424528377,1.9668365416962903,1.2152211005820923
BALRAMCHIN,BALRAMCHIN.NS,Balrampur Chini Mills Ltd.,Fast Moving Consumer Goods,98214166528.0,Consumer Defensive,Confectioners,2026-03-14,2026-03-13,508.0,511.5,482.6499938964844,486.0,509.29998779296875,-4.574904447561112,516438.0,956201.5,0.5400932753190619,2.634578309583249,1.736484518573598
BANDHANBNK,BANDHANBNK.NS,Bandhan Bank Ltd.,Financial Services,282725482496.0,Financial Services,Banks - Regional,2026-03-14,2026-03-13,176.8000030517578,177.99000549316406,173.1999969482422,175.5,178.00999450683594,-1.4100301018432737,9423986.0,9242162.9,1.0196732195663851,2.516014293425745,0.5604221349328705
BANKBARODA,BANKBARODA.NS,Bank of Baroda,Financial Services,1453411270656.0,Financial Services,Banks - Regional,2026-03-14,2026-03-13,286.1499938964844,287.5,280.0,281.04998779296875,289.20001220703125,-2.8181272718024952,6234216.0,10773571.15,0.5786582659733954,2.145116633472001,1.3137408138228763
BANKINDIA,BANKINDIA.NS,Bank of India,Financial Services,683810684928.0,Financial Services,Banks - Regional,2026-03-14,2026-03-13,154.05999755859375,154.64999389648438,149.6999969482422,150.1999969482422,154.77999877929688,-2.9590398418243846,9550461.0,10005639.65,0.9545077910136409,2.4350852336000943,1.2151688988108487
MAHABANK,MAHABANK.NS,Bank of Maharashtra,Financial Services,492951732224.0,Financial Services,Banks - Regional,2026-03-14,2026-03-13,67.0,67.08000183105469,63.79999923706055,64.08999633789062,67.11000061035156,-4.500080829972619,17863503.0,26064754.7,0.6853508964732363,3.187221734965335,1.411913322692487
BATAINDIA,BATAINDIA.NS,Bata India Ltd.,Consumer Durables,89892159488.0,Consumer Cyclical,Footwear & Accessories,2026-03-14,2026-03-13,710.8499755859375,713.5999755859375,696.7999877929688,699.4000244140625,713.9500122070312,-2.0379560955521847,170919.0,146056.1,1.17022842592675,1.6499376429293766,1.2351715862024348
BAYERCROP,BAYERCROP.NS,Bayer Cropscience Ltd.,Chemicals,202633543680.0,Basic Materials,Agricultural Inputs,2026-03-14,2026-03-13,4522.5,4552.7998046875,4445.0,4506.10009765625,4502.5,0.0799577491671366,17148.0,16017.6,1.0705723703925683,1.5904268317730434,0.05027439651404643
BERGEPAINT,BERGEPAINT.NS,Berger Paints India Ltd.,Consumer Durables,476648177664.0,Basic Materials,Specialty Chemicals,2026-03-14,2026-03-13,417.8500061035156,418.8500061035156,404.6000061035156,407.79998779296875,422.70001220703125,-3.5249642734253683,356434.0,387573.85,0.9196544090887453,1.2808231586994256,2.7521084776486164
BDL,BDL.NS,Bharat Dynamics Ltd.,Capital Goods,480930004992.0,Industrials,Aerospace & Defense,2026-03-14,2026-03-13,1344.0,1350.9000244140625,1295.5,1312.0,1349.4000244140625,-2.771603952675361,1412397.0,1617854.4,0.8730062482754938,2.417035845842464,1.1466954275596652
BEL,BEL.NS,Bharat Electronics Ltd.,Capital Goods,3211916738560.0,Industrials,Aerospace & Defense,2026-03-14,2026-03-13,451.8999938964844,452.3999938964844,433.6499938964844,439.3999938964844,453.54998779296875,-3.1198311712761884,19498075.0,18612820.55,1.0475615421973217,1.853480002833463,1.6832289350340017
BHARATFORG,BHARATFORG.NS,Bharat Forge Ltd.,Automobile and Auto Components,800846249984.0,Consumer Cyclical,Auto Parts,2026-03-14,2026-03-13,1764.0,1775.5,1666.0999755859375,1675.0999755859375,1779.5999755859375,-5.872106171814995,1361208.0,1837393.65,0.7408363471812369,2.214473735483349,2.651693753565021
BHEL,BHEL.NS,Bharat Heavy Electricals Ltd.,Capital Goods,900113367040.0,Industrials,Specialty Industrial Machinery,2026-03-14,2026-03-13,265.8500061035156,270.29998779296875,256.6000061035156,258.5,267.8500061035156,-3.4907619527558054,11233270.0,12166544.75,0.9232917176423487,2.398998030404356,1.4550916293030178
BPCL,BPCL.NS,Bharat Petroleum Corporation Ltd.,Oil Gas & Consumable Fuels,1385284763648.0,Energy,Oil & Gas Refining & Marketing,2026-03-14,2026-03-13,323.6499938964844,325.3500061035156,318.1499938964844,319.29998779296875,326.3500061035156,-2.16026296267654,7555774.0,9640716.25,0.7837357519987169,2.2058813636541554,0.9793196489488237
BHARTIARTL,BHARTIARTL.NS,Bharti Airtel Ltd.,Telecommunication,10985360326656.0,Communication Services,Telecom Services,2026-03-14,2026-03-13,1781.0999755859375,1816.0,1776.5999755859375,1803.4000244140625,1801.300048828125,0.11658110969927638,8970514.0,8864262.6,1.011986490562678,1.2717181408568201,0.09167212918794243
BHARTIHEXA,BHARTIHEXA.NS,Bharti Hexacom Ltd.,Telecommunication,736249970688.0,Communication Services,Telecom Services,2026-03-14,2026-03-13,1505.0,1517.800048828125,1464.5,1472.5,1521.9000244140625,-3.2459441238974707,218280.0,90953.25,2.399914241657115,1.4090540989380178,2.303633427803722
BIKAJI,BIKAJI.NS,Bikaji Foods International Ltd.,Fast Moving Consumer Goods,151220174848.0,Consumer Defensive,Packaged Foods,2026-03-14,2026-03-13,618.1500244140625,618.3499755859375,601.0,603.4500122070312,619.0,-2.512114344582994,93557.0,136856.1,0.6836158563629973,1.2397475386078272,2.0263112176886993
BIOCON,BIOCON.NS,Biocon Ltd.,Healthcare,621094502400.0,Healthcare,Biotechnology,2026-03-14,2026-03-13,393.3999938964844,398.70001220703125,382.6000061035156,383.54998779296875,392.20001220703125,-2.2055135504423173,4757666.0,3176168.6,1.4979261491345264,1.1970135248210845,1.8425134760043513
BSOFT,BSOFT.NS,Birlasoft Ltd.,Information Technology,100656979968.0,Technology,Information Technology Services,2026-03-14,2026-03-13,373.95001220703125,374.45001220703125,354.0,360.1499938964844,374.6000061035156,-3.8574511403072886,806403.0,2212352.55,0.3645002239810287,2.7552244688048875,1.400049681607432
BLUEDART,BLUEDART.NS,Blue Dart Express Ltd.,Services,123847950336.0,Industrials,Integrated Freight & Logistics,2026-03-14,2026-03-13,5250.0,5276.0,5195.0,5219.5,5303.5,-1.5838597152823652,8102.0,7923.9,1.0224763058594883,1.2188407168878679,1.299480476272995
BLUEJET,BLUEJET.NS,Blue Jet Healthcare Ltd.,Healthcare,62170005504.0,Healthcare,Biotechnology,2026-03-14,2026-03-13,380.0,380.0,357.0,358.3999938964844,377.3500061035156,-5.0218661456263085,636980.0,1276468.75,0.49901730849266773,4.5481867212913345,1.104146872888386
BLUESTARCO,BLUESTARCO.NS,Blue Star Ltd.,Consumer Durables,376889081856.0,Industrials,Building Products & Equipment,2026-03-14,2026-03-13,1938.0,1939.9000244140625,1820.0,1833.199951171875,1953.5,-6.158180129415147,979635.0,495130.75,1.978537992237404,2.4892941464909786,2.47386599052426
BBTC,BBTC.NS,Bombay Burmah Trading Corporation Ltd.,Fast Moving Consumer Goods,106562633728.0,Consumer Defensive,Packaged Foods,2026-03-14,2026-03-13,1560.0,1564.5999755859375,1505.300048828125,1527.300048828125,1570.9000244140625,-2.7754774274830196,39303.0,36881.5,1.0656562233097895,2.056393365771518,1.3496821540472708
BOSCHLTD,BOSCHLTD.NS,Bosch Ltd.,Automobile and Auto Components,890521255936.0,Consumer Cyclical,Auto Parts,2026-03-14,2026-03-13,31000.0,31325.0,30100.0,30185.0,31305.0,-3.5777032422935617,20427.0,21721.55,0.9404025035045842,2.1967989389470177,1.6285984023683329
FIRSTCRY,FIRSTCRY.NS,Brainbees Solutions Ltd.,Consumer Services,108506480640.0,Consumer Cyclical,Internet Retail,2026-03-14,2026-03-13,223.1699981689453,234.89999389648438,221.11000061035156,223.64999389648438,223.1699981689453,0.21508075972456187,7690833.0,5437909.05,1.4142996746148229,3.4966126414964003,0.06151117718104357
BRIGADE,BRIGADE.NS,Brigade Enterprises Ltd.,Realty,159890751488.0,Real Estate,Real Estate - Development,2026-03-14,2026-03-13,653.2999877929688,661.4500122070312,646.6500244140625,653.7000122070312,665.0,-1.6992462846569523,190122.0,342710.55,0.5547596944418548,1.6638282629610632,1.0212870657893842
BRITANNIA,BRITANNIA.NS,Britannia Industries Ltd.,Fast Moving Consumer Goods,1399083499520.0,Consumer Defensive,Packaged Foods,2026-03-14,2026-03-13,5750.0,5881.0,5727.0,5808.5,5787.0,0.3715223777432275,738510.0,307957.5,2.3980906456248023,1.219304644736403,0.3047002070787203
MAPMYINDIA,MAPMYINDIA.NS,C.E. Info Systems Ltd.,Information Technology,51120979968.0,Technology,Software - Infrastructure,2026-03-14,2026-03-13,961.0,965.5,929.7000122070312,934.2000122070312,967.0999755859375,-3.4019195749615316,142382.0,217350.95,0.6550788022780668,2.0046956794107733,1.6969755608798613
CCL,CCL.NS,CCL Products (I) Ltd.,Fast Moving Consumer Goods,136208310272.0,Consumer Defensive,Packaged Foods,2026-03-14,2026-03-13,1065.5,1066.0999755859375,1016.5999755859375,1022.5999755859375,1060.5999755859375,-3.582877698918163,189912.0,402835.55,0.4714380347017536,1.9617425662454266,1.826375060910985
CESC,CESC.NS,CESC Ltd.,Power,211733364736.0,Utilities,Utilities - Regulated Electric,2026-03-14,2026-03-13,160.1199951171875,165.60000610351562,158.74000549316406,159.72999572753906,159.4199981689453,0.19445336981200878,7289177.0,2641328.35,2.759663333791878,1.9351381460349875,0.10048552358416124
CGPOWER,CGPOWER.NS,CG Power and Industrial Solutions Ltd.,Capital Goods,1118031839232.0,Industrials,Electrical Equipment & Parts,2026-03-14,2026-03-13,740.5499877929688,749.0,706.4500122070312,709.9000244140625,737.2999877929688,-3.71625713177145,5430435.0,2757111.15,1.969610474354652,2.2422043000750147,1.657412364987044
CRISIL,CRISIL.NS,CRISIL Ltd.,Financial Services,304774381568.0,Financial Services,Financial Data & Stock Exchanges,2026-03-14,2026-03-13,4193.0,4236.10009765625,4144.0,4164.10009765625,4235.2998046875,-1.6811019364543767,21997.0,41718.75,0.5272689138576779,1.8332733281526716,0.9169947059385667
CAMPUS,CAMPUS.NS,Campus Activewear Ltd.,Consumer Durables,72456151040.0,Consumer Cyclical,Footwear & Accessories,2026-03-14,2026-03-13,237.85000610351562,239.8000030517578,232.4499969482422,237.10000610351562,240.0,-1.208330790201828,156255.0,224672.6,0.6954786654002313,1.4128491853036762,0.855244001108378
CANFINHOME,CANFINHOME.NS,Can Fin Homes Ltd.,Financial Services,109169123328.0,Financial Services,Mortgage Finance,2026-03-14,2026-03-13,864.0,871.4000244140625,803.8499755859375,819.6500244140625,872.5499877929688,-6.062685705000304,205205.0,130221.9,1.5758102131822682,2.5387190608959798,2.388088464920819
CANBK,CANBK.NS,Canara Bank,Financial Services,1221635211264.0,Financial Services,Banks - Regional,2026-03-14,2026-03-13,139.0,139.6699981689453,134.33999633789062,134.67999267578125,140.33999633789062,-4.033065277044779,21031031.0,25043935.8,0.8397654093970325,2.361265474136688,1.7080100993385017
CAPLIPOINT,CAPLIPOINT.NS,Caplin Point Laboratories Ltd.,Healthcare,126559715328.0,Healthcare,Drug Manufacturers - Specialty & Generic,2026-03-14,2026-03-13,1690.0,1690.0,1656.0,1662.199951171875,1687.5999755859375,-1.5050974627588198,64757.0,55560.3,1.165526464039971,0.9850018368996529,1.5280148791358565
CGCL,CGCL.NS,Capri Global Capital Ltd.,Financial Services,163652763648.0,Financial Services,Credit Services,2026-03-14,2026-03-13,169.0,172.67999267578125,165.0,170.08999633789062,169.0500030517578,0.6151986201469617,2898726.0,1893541.85,1.5308486580320366,2.8094624522725806,0.21897378256446393
CARBORUNIV,CARBORUNIV.NS,Carborundum Universal Ltd.,Capital Goods,143915024384.0,Industrials,Conglomerates,2026-03-14,2026-03-13,781.0,783.9500122070312,752.0,755.5999755859375,787.5,-4.050796750992058,164686.0,136476.1,1.2067021258667268,1.3488527442739038,3.003142313487028
CASTROLIND,CASTROLIND.NS,Castrol India Ltd.,Oil Gas & Consumable Fuels,184194367488.0,Energy,Oil & Gas Refining & Marketing,2026-03-14,2026-03-13,185.39999389648438,186.61000061035156,185.39999389648438,186.22000122070312,185.58999633789062,0.33946058259815004,2155739.0,1340776.25,1.607829046792856,0.4554641241023746,0.7453069619196825
CEATLTD,CEATLTD.NS,Ceat Ltd.,Automobile and Auto Components,140005244928.0,Consumer Cyclical,Auto Parts,2026-03-14,2026-03-13,3745.0,3745.0,3453.5,3470.5,3806.5,-8.827006436358865,415420.0,148408.55,2.7991648729133196,3.610192733084759,2.4450236009467994
CENTRALBK,CENTRALBK.NS,Central Bank of India,Financial Services,321496580096.0,Financial Services,Banks - Regional,2026-03-14,2026-03-13,36.45000076293945,36.5,35.220001220703125,35.5,36.61000061035156,-3.031960097912989,7376054.0,11388896.35,0.6476530976594584,2.1383736003910054,1.417881373656404
CDSL,CDSL.NS,Central Depository Services (India) Ltd.,Financial Services,245888499712.0,Financial Services,Capital Markets,2026-03-14,2026-03-13,1205.0,1208.0,1172.199951171875,1176.5,1210.800048828125,-2.8328417116700977,2193094.0,1671104.95,1.312361620375788,1.8497541736898166,1.5314692903323779
CENTURYPLY,CENTURYPLY.NS,Century Plyboards (India) Ltd.,Consumer Durables,146511986688.0,Basic Materials,Lumber & Wood Production,2026-03-14,2026-03-13,680.0,683.9500122070312,657.0,659.4500122070312,685.0,-3.7299252252509074,33951.0,42316.75,0.802306415308359,1.7855019317102898,2.0890065471271155
CERA,CERA.NS,Cera Sanitaryware Ltd,Consumer Durables,58330869760.0,Industrials,Building Products & Equipment,2026-03-14,2026-03-13,4615.39990234375,4651.60009765625,4512.0,4524.2998046875,4667.89990234375,-3.076331983557501,11687.0,13752.95,0.849781319644149,1.4689043216629705,2.094303855049412
CHALET,CHALET.NS,Chalet Hotels Ltd.,Consumer Services,160714702848.0,Consumer Cyclical,Lodging,2026-03-14,2026-03-13,768.7999877929688,770.0,728.0,733.4000244140625,774.5499877929688,-5.312757604730001,69485.0,137090.35,0.5068555153590314,2.2051189753452665,2.4092838817906213
CHAMBLFERT,CHAMBLFERT.NS,Chambal Fertilizers & Chemicals Ltd.,Chemicals,166491045888.0,Basic Materials,Agricultural Inputs,2026-03-14,2026-03-13,432.6499938964844,436.79998779296875,413.1499938964844,415.54998779296875,434.1000061035156,-4.273213095998763,850235.0,758742.6,1.1205842402944028,2.084518329320258,2.049976263529531
CHENNPETRO,CHENNPETRO.NS,Chennai Petroleum Corporation Ltd.,Oil Gas & Consumable Fuels,136861270016.0,Energy,Oil & Gas Refining & Marketing,2026-03-14,2026-03-13,943.7999877929688,949.5999755859375,908.0,918.2000122070312,943.7999877929688,-2.712436524374384,1154740.0,2049446.8,0.5634398511832559,3.1395845487637706,0.8639475963284446
CHOICEIN,CHOICEIN.NS,Choice International Ltd.,Financial Services,139287592960.0,Financial Services,Capital Markets,2026-03-14,2026-03-13,653.0,653.1500244140625,621.4000244140625,624.5999755859375,645.25,-3.200313741040295,566064.0,618336.85,0.9154621789078234,2.8660325910037363,1.1166355020127274
CHOLAHLDNG,CHOLAHLDNG.NS,Cholamandalam Financial Holdings Ltd.,Financial Services,292173676544.0,Financial Services,Credit Services,2026-03-14,2026-03-13,1486.5999755859375,1563.9000244140625,1451.4000244140625,1553.9000244140625,1486.5999755859375,4.527112197859351,589104.0,152469.6,3.8637472650285694,2.3965701862940327,1.888996293014856
CHOLAFIN,CHOLAFIN.NS,Cholamandalam Investment and Finance Company Ltd.,Financial Services,1289700245504.0,Financial Services,Credit Services,2026-03-14,2026-03-13,1515.9000244140625,1531.800048828125,1500.0,1514.0,1526.0999755859375,-0.7928691291205769,1452052.0,1705125.4,0.8515807693674612,1.8331606580868118,0.4325148074845001
CIPLA,CIPLA.NS,Cipla Ltd.,Healthcare,1061989187584.0,Healthcare,Drug Manufacturers - Specialty & Generic,2026-03-14,2026-03-13,1324.300048828125,1327.5,1301.0,1314.699951171875,1324.300048828125,-0.72491862133095,1346313.0,1508807.0,0.8923029917013906,1.0990391765736633,0.6595930670924196
CUB,CUB.NS,City Union Bank Ltd.,Financial Services,172015435776.0,Financial Services,Banks - Regional,2026-03-14,2026-03-13,242.5500030517578,242.5500030517578,229.3000030517578,231.5,243.85000610351562,-5.0645912628244805,2489023.0,1908229.05,1.304362806970159,2.7164137800649075,1.8644402778370033
CLEAN,CLEAN.NS,Clean Science and Technology Ltd.,Chemicals,74541146112.0,Basic Materials,Specialty Chemicals,2026-03-14,2026-03-13,723.0,728.6500244140625,695.0,700.1500244140625,733.9000244140625,-4.598719018567365,205193.0,263106.1,0.7798868973391344,2.230654503988639,2.0616007590347962
COALINDIA,COALINDIA.NS,Coal India Ltd.,Oil Gas & Consumable Fuels,2877994303488.0,Energy,Thermal Coal,2026-03-14,2026-03-13,473.0,476.0,462.29998779296875,467.0,470.1000061035156,-0.6594354527264201,20212133.0,11624751.45,1.738715282381371,1.9461259080485345,0.33884521551211705
COCHINSHIP,COCHINSHIP.NS,Cochin Shipyard Ltd.,Capital Goods,364599672832.0,Industrials,Aerospace & Defense,2026-03-14,2026-03-13,1435.0,1439.5999755859375,1375.0,1385.5,1444.300048828125,-4.071179591514529,714386.0,1117468.0,0.6392898946547015,2.136956761775554,1.9051296050238604
COFORGE,COFORGE.NS,Coforge Ltd.,Information Technology,366039728128.0,Technology,Information Technology Services,2026-03-14,2026-03-13,1100.0,1100.0,1073.0,1089.699951171875,1107.9000244140625,-1.6427541150938252,2703073.0,4193065.85,0.6446531241573513,1.9097021855536855,0.8602148164885388
COHANCE,COHANCE.NS,Cohance Lifesciences Ltd.,Healthcare,113386332160.0,Healthcare,Drug Manufacturers - Specialty & Generic,2026-03-14,2026-03-13,286.70001220703125,303.29998779296875,283.75,296.1000061035156,289.3500061035156,2.3328148808074323,1568602.0,1865076.05,0.8410391629874825,3.3837056163883266,0.689426074629215
COLPAL,COLPAL.NS,Colgate Palmolive (India) Ltd.,Fast Moving Consumer Goods,532330250240.0,Consumer Defensive,Household & Personal Products,2026-03-14,2026-03-13,1969.699951171875,1995.0,1951.0,1957.199951171875,1975.800048828125,-0.9413957483846547,660955.0,457184.5,1.4457073675944832,2.209340430479915,0.4260980948871532
CAMS,CAMS.NS,Computer Age Management Services Ltd.,Financial Services,159858311168.0,Technology,Information Technology Services,2026-03-14,2026-03-13,657.2000122070312,662.1500244140625,641.7000122070312,644.5,663.75,-2.900188323917141,878471.0,1480474.45,0.5933712668935286,2.1586163968174135,1.3435403938342518
CONCORDBIO,CONCORDBIO.NS,Concord Biotech Ltd.,Healthcare,123677278208.0,Healthcare,Biotechnology,2026-03-14,2026-03-13,1174.5999755859375,1194.800048828125,1150.0,1182.199951171875,1174.5,0.6555939695082946,131765.0,929143.35,0.14181342416108345,3.808559290329506,0.1721369997240018
CONCOR,CONCOR.NS,Container Corporation of India Ltd.,Services,345317572608.0,Industrials,Railroads,2026-03-14,2026-03-13,465.0,466.1000061035156,452.0,453.3999938964844,467.1499938964844,-2.9433801090976486,1590105.0,1296658.05,1.226310205686071,1.6278665676798314,1.808121235202216
COROMANDEL,COROMANDEL.NS,Coromandel International Ltd.,Chemicals,590144012288.0,Basic Materials,Agricultural Inputs,2026-03-14,2026-03-13,1990.199951171875,2037.0,1970.5,2002.4000244140625,2008.5,-0.30370802021097987,317321.0,356680.2,0.8896512898669452,2.0880312409532698,0.14545185639671032
CRAFTSMAN,CRAFTSMAN.NS,Craftsman Automation Ltd.,Automobile and Auto Components,159212175360.0,Consumer Cyclical,Auto Parts,2026-03-14,2026-03-13,7307.0,7307.0,6632.5,6674.0,7354.0,-9.246668479738918,123430.0,41281.35,2.9899700470066994,2.6890796761187863,3.4385996673348327
CREDITACC,CREDITACC.NS,CreditAccess Grameen Ltd.,Financial Services,185873350656.0,Financial Services,Credit Services,2026-03-14,2026-03-13,1170.0,1172.5,1147.0,1160.9000244140625,1177.199951171875,-1.3846353579599069,203150.0,278236.5,0.7301342562891641,2.496495934350161,0.5546315293000179
CROMPTON,CROMPTON.NS,Crompton Greaves Consumer Electricals Ltd.,Consumer Durables,160948469760.0,Consumer Cyclical,"Furnishings, Fixtures & Appliances",2026-03-14,2026-03-13,246.60000610351562,247.85000610351562,239.0,246.25,247.1999969482422,-0.3843029773342166,3033623.0,2363139.95,1.2837254941248823,1.5040463384279,0.2555127242528366
CUMMINSIND,CUMMINSIND.NS,Cummins India Ltd.,Capital Goods,1288896905216.0,Industrials,Specialty Industrial Machinery,2026-03-14,2026-03-13,4710.0,4732.7998046875,4621.5,4649.7001953125,4753.60009765625,-2.1857097822548743,1324505.0,743864.6,1.7805727009996175,2.316473888503892,0.9435503646736668
CYIENT,CYIENT.NS,Cyient Ltd.,Information Technology,96071729152.0,Industrials,Conglomerates,2026-03-14,2026-03-13,903.0,909.4500122070312,867.4500122070312,870.0999755859375,902.5499877929688,-3.5953700787678455,151895.0,255843.55,0.5937026749355222,2.205978130418223,1.6298303365710218
DCMSHRIRAM,DCMSHRIRAM.NS,DCM Shriram Ltd.,Diversified,157872553984.0,Industrials,Conglomerates,2026-03-14,2026-03-13,1021.5,1023.9000244140625,990.0,1018.2000122070312,1015.7000122070312,0.2461356670231618,46151.0,53756.2,0.8585242260427635,1.7092357380346732,0.14400334696147615
DLF,DLF.NS,DLF Ltd.,Realty,1343964053504.0,Real Estate,Real Estate - Development,2026-03-14,2026-03-13,557.25,558.9000244140625,540.4500122070312,542.75,558.0999755859375,-2.750398899376749,5007471.0,4154802.15,1.2052248986152085,2.0185770965676526,1.3625433995330034
DOMS,DOMS.NS,DOMS Industries Ltd.,Fast Moving Consumer Goods,126409990144.0,Industrials,Business Equipment & Supplies,2026-03-14,2026-03-13,2172.300048828125,2205.89990234375,2050.0,2082.5,2154.0,-3.3194057567316637,390992.0,399632.35,0.9783792528307581,1.8428539384023797,1.8012310620826233
DABUR,DABUR.NS,Dabur India Ltd.,Fast Moving Consumer Goods,804368482304.0,Consumer Defensive,Household & Personal Products,2026-03-14,2026-03-13,454.79998779296875,462.45001220703125,452.04998779296875,453.5,459.3500061035156,-1.2735400077903414,1711936.0,1543205.9,1.1093373865405778,1.7158886667704827,0.7422043355454425
DALBHARAT,DALBHARAT.NS,Dalmia Bharat Ltd.,Construction Materials,345402212352.0,Basic Materials,Building Materials,2026-03-14,2026-03-13,1895.0,1908.800048828125,1829.800048828125,1839.9000244140625,1894.5,-2.8820256313506154,159481.0,228357.7,0.6983824061986962,1.6196930217307461,1.7793653443483912
DATAPATTNS,DATAPATTNS.NS,Data Patterns (India) Ltd.,Capital Goods,179988463616.0,Industrials,Aerospace & Defense,2026-03-14,2026-03-13,3318.60009765625,3339.0,3172.0,3215.0,3332.0,-3.511404561824727,804380.0,1191339.95,0.6751893109938939,2.7730371672954126,1.2662666780083067
DEEPAKFERT,DEEPAKFERT.NS,Deepak Fertilisers & Petrochemicals Corp. Ltd.,Chemicals,119232004096.0,Basic Materials,Chemicals,2026-03-14,2026-03-13,973.5499877929688,982.7000122070312,940.0,943.5499877929688,978.2999877929688,-3.5520801833388016,305878.0,230988.75,1.3242116769756103,2.0771056050417425,1.7101105378161152
DEEPAKNTR,DEEPAKNTR.NS,Deepak Nitrite Ltd.,Chemicals,197551685632.0,Basic Materials,Chemicals,2026-03-14,2026-03-13,1462.0,1485.5999755859375,1442.0,1448.4000244140625,1480.5,-2.168184774463866,95623.0,98784.9,0.9679920716627745,1.6317927840755617,1.3287132996437288
DELHIVERY,DELHIVERY.NS,Delhivery Ltd.,Services,302850965504.0,Industrials,Integrated Freight & Logistics,2026-03-14,2026-03-13,406.20001220703125,406.95001220703125,395.6499938964844,403.25,408.20001220703125,-1.2126438165123599,2207245.0,1676553.45,1.316537209117908,1.8258684223510149,0.6641463325987871
DEVYANI,DEVYANI.NS,Devyani International Ltd.,Consumer Services,138015277056.0,Consumer Cyclical,Restaurants,2026-03-14,2026-03-13,116.93000030517578,116.93000030517578,108.72000122070312,111.94000244140625,116.95999908447266,-4.292062826916398,3274921.0,1938031.6,1.689818163955634,2.4410620189479157,1.758276845733831
DIVISLAB,DIVISLAB.NS,Divi's Laboratories Ltd.,Healthcare,1611659739136.0,Healthcare,Drug Manufacturers - Specialty & Generic,2026-03-14,2026-03-13,6275.0,6326.0,6055.0,6071.0,6282.0,-3.3588029290035015,200922.0,269237.8,0.746262226180722,1.1830595833533164,2.8390817979625016
DIXON,DIXON.NS,Dixon Technologies (India) Ltd.,Consumer Durables,627625820160.0,Technology,Consumer Electronics,2026-03-14,2026-03-13,10699.0,10833.0,10300.0,10338.0,10803.0,-4.304359900027766,847916.0,732519.25,1.1575340852817178,3.538240134118082,1.21652565593902
AGARWALEYE,AGARWALEYE.NS,Dr. Agarwal's Health Care Ltd.,Healthcare,135625302016.0,Healthcare,Medical Instruments & Supplies,2026-03-14,2026-03-13,437.45001220703125,439.3500061035156,420.0,428.1000061035156,435.29998779296875,-1.6540275422377126,106183.0,132953.55,0.7986473471374026,1.4057059030750254,1.1766526260005568
LALPATHLAB,LALPATHLAB.NS,Dr. Lal Path Labs Ltd.,Healthcare,226265743360.0,Healthcare,Diagnostics & Research,2026-03-14,2026-03-13,1374.0,1377.0,1343.300048828125,1355.0999755859375,1377.0,-1.5904157163444066,250448.0,262510.1,0.954050910803051,1.5585269118977907,1.0204608622431712
DRREDDY,DRREDDY.NS,Dr. Reddy's Laboratories Ltd.,Healthcare,1076111802368.0,Healthcare,Drug Manufacturers - Specialty & Generic,2026-03-14,2026-03-13,1310.0,1319.9000244140625,1280.9000244140625,1292.300048828125,1319.0,-2.0242571017342725,1574444.0,1581855.9,0.9953144278186149,1.2417069294612069,1.630221313665878
EIDPARRY,EIDPARRY.NS,E.I.D. Parry (India) Ltd.,Fast Moving Consumer Goods,140534415360.0,Basic Materials,Agricultural Inputs,2026-03-14,2026-03-13,810.3499755859375,815.7999877929688,782.2000122070312,789.5499877929688,810.3499755859375,-2.566790697800536,158488.0,271315.0,0.5841475775390229,1.7065072109303672,1.5041194560210225
EIHOTEL,EIHOTEL.NS,EIH Ltd.,Consumer Services,198740721664.0,Consumer Cyclical,Lodging,2026-03-14,2026-03-13,329.70001220703125,329.70001220703125,315.04998779296875,317.79998779296875,331.79998779296875,-4.219409437933885,223474.0,646684.8,0.34556866034272027,2.1730420020694603,1.9417063424984888
EICHERMOT,EICHERMOT.NS,Eicher Motors Ltd.,Automobile and Auto Components,1849152110592.0,Consumer Cyclical,Auto Manufacturers,2026-03-14,2026-03-13,6865.0,6942.5,6670.0,6741.0,6975.5,-3.361766181635728,819230.0,550395.3,1.4884393089839247,2.2987906623737535,1.462406402053302
ELECON,ELECON.NS,Elecon Engineering Co. Ltd.,Capital Goods,85417836544.0,Industrials,Specialty Industrial Machinery,2026-03-14,2026-03-13,390.0,392.95001220703125,374.8500061035156,380.6499938964844,391.0,-2.6470603845308527,417858.0,321288.85,1.3005680091294798,1.746931553706843,1.5152627925885311
ELGIEQUIP,ELGIEQUIP.NS,Elgi Equipments Ltd.,Capital Goods,148264108032.0,Industrials,Specialty Industrial Machinery,2026-03-14,2026-03-13,490.0,490.0,467.04998779296875,469.5,490.6499938964844,-4.310607186300408,417414.0,674186.05,0.6191376994525473,2.7067644282875403,1.592531341572105
EMAMILTD,EMAMILTD.NS,Emami Ltd.,Fast Moving Consumer Goods,181622996992.0,Consumer Defensive,Household & Personal Products,2026-03-14,2026-03-13,428.04998779296875,429.75,415.0,416.04998779296875,428.1000061035156,-2.814767142898178,245325.0,415770.7,0.5900487937221165,1.4746317047036794,1.9087933169481073
EMCURE,EMCURE.NS,Emcure Pharmaceuticals Ltd.,Healthcare,272629776384.0,Healthcare,Drug Manufacturers - Specialty & Generic,2026-03-14,2026-03-13,1519.800048828125,1524.0,1433.0999755859375,1438.0,1514.199951171875,-5.032357259878529,204232.0,331368.15,0.6163296019849825,2.538066485668815,1.9827523385591823
ENDURANCE,ENDURANCE.NS,Endurance Technologies Ltd.,Automobile and Auto Components,338069061632.0,Consumer Cyclical,Auto Parts,2026-03-14,2026-03-13,2440.10009765625,2455.0,2339.60009765625,2403.39990234375,2460.5,-2.320670500152411,47271.0,80392.6,0.5880018807701206,2.3394656055449334,0.9919660689398575
ENGINERSIN,ENGINERSIN.NS,Engineers India Ltd.,Construction,106316087296.0,Industrials,Engineering & Construction,2026-03-14,2026-03-13,198.0,199.91000366210938,185.0,189.00999450683594,200.69000244140625,-5.8199251544582715,3772195.0,24235817.2,0.15564546344242933,4.736255235102469,1.2288031082709074
ERIS,ERIS.NS,Eris Lifesciences Ltd.,Healthcare,179956137984.0,Healthcare,Drug Manufacturers - Specialty & Generic,2026-03-14,2026-03-13,1341.5,1353.0,1310.0,1321.0999755859375,1351.5999755859375,-2.2565848291598134,93067.0,73962.75,1.2582955609411495,1.9973195364769467,1.1298066172927854
ESCORTS,ESCORTS.NS,Escorts Kubota Ltd.,Capital Goods,343343988736.0,Industrials,Farm & Heavy Construction Machinery,2026-03-14,2026-03-13,3215.0,3229.800048828125,3081.699951171875,3120.60009765625,3229.800048828125,-3.3810127413768654,149919.0,99936.4,1.5001440916422846,2.4456503500849114,1.3824595741003938
ETERNAL,ETERNAL.NS,Eternal Ltd.,Consumer Services,1965307592704.0,Consumer Cyclical,Internet Retail,2026-03-14,2026-03-13,220.89999389648438,222.99000549316406,214.27999877929688,215.67999267578125,221.1699981689453,-2.482255974415848,65459438.0,50071396.9,1.3073219852590132,1.3592959270729057,1.826133607095486
EXIDEIND,EXIDEIND.NS,Exide Industries Ltd.,Automobile and Auto Components,252179611648.0,Consumer Cyclical,Auto Parts,2026-03-14,2026-03-13,307.0,309.3500061035156,295.5,296.6000061035156,310.0,-4.322578676285282,2542237.0,1320948.3,1.9245545037606695,1.8172869104010254,2.378589011754565
NYKAA,NYKAA.NS,FSN E-Commerce Ventures Ltd.,Consumer Services,681837264896.0,Consumer Cyclical,Internet Retail,2026-03-14,2026-03-13,243.8000030517578,245.14999389648438,235.0500030517578,238.14999389648438,244.9499969482422,-2.7760780308132227,7248285.0,4183552.1,1.7325671646350478,1.8260903394007617,1.5202303910792294
FEDERALBNK,FEDERALBNK.NS,Federal Bank Ltd.,Financial Services,648012169216.0,Financial Services,Banks - Regional,2026-03-14,2026-03-13,268.6499938964844,269.75,262.1499938964844,263.04998779296875,270.25,-2.6642043319264563,7257853.0,7285214.05,0.996244303899348,1.6474859296516584,1.6171332841001993
FACT,FACT.NS,Fertilisers and Chemicals Travancore Ltd.,Chemicals,550981795840.0,Basic Materials,Agricultural Inputs,2026-03-14,2026-03-13,830.0,916.5,825.0999755859375,851.5,845.0999755859375,0.757309738368539,10757546.0,2460903.5,4.371380673805373,5.810298073005697,0.1303392233673786
FINCABLES,FINCABLES.NS,Finolex Cables Ltd.,Capital Goods,130916081664.0,Industrials,Electrical Equipment & Parts,2026-03-14,2026-03-13,894.5499877929688,894.5999755859375,850.0499877929688,856.0,894.4500122070312,-4.298732369867919,417052.0,857650.0,0.48627295516819213,3.4618301086320433,1.2417513959304551
FINPIPE,FINPIPE.NS,Finolex Industries Ltd.,Capital Goods,114029453312.0,Industrials,Building Products & Equipment,2026-03-14,2026-03-13,187.10000610351562,187.10000610351562,181.80999755859375,184.4199981689453,188.30999755859375,-2.0657423610438097,496436.0,563193.75,0.8814657477999356,1.7948402029486443,1.1509338589865077
FSL,FSL.NS,Firstsource Solutions Ltd.,Services,155663958016.0,Technology,Information Technology Services,2026-03-14,2026-03-13,222.0,228.4199981689453,217.5500030517578,225.2100067138672,222.05999755859375,1.4185396694162522,1675577.0,2207869.15,0.7589113693626274,3.115192849533639,0.4553617505987198
FIVESTAR,FIVESTAR.NS,Five-Star Business Finance Ltd.,Financial Services,104076222464.0,Financial Services,Credit Services,2026-03-14,2026-03-13,367.0,368.0,343.25,353.20001220703125,368.8500061035156,-4.242915450052154,2897598.0,981282.25,2.9528690649402862,1.8570088577651103,2.284811637979183
FORCEMOT,FORCEMOT.NS,Force Motors Ltd.,Automobile and Auto Components,266753425408.0,Consumer Cyclical,Auto Manufacturers,2026-03-14,2026-03-13,21500.0,21660.0,20100.0,20245.0,21560.0,-6.099257884972175,87688.0,124863.85,0.7022689112981859,3.831659385583551,1.5918058656049552
FORTIS,FORTIS.NS,Fortis Healthcare Ltd.,Healthcare,633976127488.0,Healthcare,Medical Care Facilities,2026-03-14,2026-03-13,859.0,863.5999755859375,837.9500122070312,839.75,859.5,-2.2978475858057013,1002659.0,1462816.35,0.6854305395205624,1.6515145658954375,1.3913577471596972
GAIL,GAIL.NS,GAIL (India) Ltd.,Oil Gas & Consumable Fuels,971665244160.0,Utilities,Utilities - Regulated Gas,2026-03-14,2026-03-13,152.5,153.2899932861328,147.4499969482422,147.77999877929688,152.35000610351562,-2.9996764956567334,11375832.0,15021851.65,0.7572856040020872,2.2267740298259,1.3470951499696011
GVT&D,GVT&D.NS,GE Vernova T&D India Ltd.,Capital Goods,922868514816.0,Industrials,Specialty Industrial Machinery,2026-03-14,2026-03-13,3746.60009765625,3781.300048828125,3582.300048828125,3604.300048828125,3749.800048828125,-3.8802068938441403,313254.0,521221.55,0.600999709240725,2.4978838671083357,1.5533976358700954
GMRAIRPORT,GMRAIRPORT.NS,GMR Airports Ltd.,Services,942494253056.0,Industrials,Airports & Air Services,2026-03-14,2026-03-13,93.0,93.01000213623047,88.8499984741211,89.26000213623047,93.29000091552734,-4.319861442541928,10706301.0,14502221.7,0.7382524706542033,2.725320882834147,1.5850836023571535
GRSE,GRSE.NS,Garden Reach Shipbuilders & Engineers Ltd.,Capital Goods,264566767616.0,Industrials,Aerospace & Defense,2026-03-14,2026-03-13,2423.800048828125,2425.5,2301.0,2309.199951171875,2423.800048828125,-4.728116814407102,600787.0,1014126.55,0.5924181750295364,2.463649700928516,1.9191514169506887
GICRE,GICRE.NS,General Insurance Corporation of India,Financial Services,631320870912.0,Financial Services,Insurance - Reinsurance,2026-03-14,2026-03-13,367.0,369.29998779296875,358.5,359.8500061035156,369.29998779296875,-2.558890333554742,218259.0,328731.05,0.6639439748694259,1.3785609380371586,1.8562040044440662
GILLETTE,GILLETTE.NS,Gillette India Ltd.,Fast Moving Consumer Goods,260013735936.0,Consumer Defensive,Household & Personal Products,2026-03-14,2026-03-13,7990.0,8037.0,7851.0,7979.5,7991.5,-0.15015954451604863,32734.0,15127.55,2.163866587781895,1.462088053606502,0.10270212122016402
GLAND,GLAND.NS,Gland Pharma Ltd.,Healthcare,267992776704.0,Healthcare,Drug Manufacturers - Specialty & Generic,2026-03-14,2026-03-13,1640.0999755859375,1656.9000244140625,1601.699951171875,1626.5999755859375,1655.300048828125,-1.7338290579104298,111001.0,82898.4,1.3390005114694614,1.671282062062858,1.0374245600233214
GLAXO,GLAXO.NS,Glaxosmithkline Pharmaceuticals Ltd.,Healthcare,410691043328.0,Healthcare,Drug Manufacturers - General,2026-03-14,2026-03-13,2500.0,2500.0,2397.699951171875,2424.300048828125,2504.39990234375,-3.1983651429096205,51258.0,52235.7,0.9812829157070739,1.3622983045698762,2.347771506564014
GLENMARK,GLENMARK.NS,Glenmark Pharmaceuticals Ltd.,Healthcare,612783947776.0,Healthcare,Drug Manufacturers - Specialty & Generic,2026-03-14,2026-03-13,2242.0,2266.0,2163.699951171875,2170.699951171875,2256.39990234375,-3.7980834462391755,516519.0,548196.0,0.9422159227721472,2.1292244835530325,1.7837872312558238
MEDANTA,MEDANTA.NS,Global Health Ltd.,Healthcare,288069910528.0,Healthcare,Medical Care Facilities,2026-03-14,2026-03-13,1090.0,1097.199951171875,1065.0,1072.0999755859375,1103.199951171875,-2.8190697029039535,102353.0,116328.85,0.8798591235106338,1.5750689135219214,1.7898072133240146
GODIGIT,GODIGIT.NS,Go Digit General Insurance Ltd.,Financial Services,309312684032.0,Financial Services,Insurance - Property & Casualty,2026-03-14,2026-03-13,344.0,344.0,331.79998779296875,334.6499938964844,344.5,-2.859218027145316,132053.0,451010.9,0.2927933670782679,1.8174991520272714,1.5731605838473666
GPIL,GPIL.NS,Godawari Power & Ispat Ltd.,Capital Goods,163172417536.0,Basic Materials,Steel,2026-03-14,2026-03-13,264.0,264.3999938964844,249.0,251.5500030517578,264.70001220703125,-4.967891404926849,3308904.0,1872305.75,1.7672882754325783,2.4889578605608476,1.995972484567261
GODFRYPHLP,GODFRYPHLP.NS,Godfrey Phillips India Ltd.,Fast Moving Consumer Goods,314552811520.0,Consumer Defensive,Tobacco,2026-03-14,2026-03-13,2080.0,2097.699951171875,2010.0,2016.5999755859375,2091.60009765625,-3.585777326858708,313876.0,1983342.4,0.15825608326630844,5.713743426659567,0.6275705888591265
GODREJAGRO,GODREJAGRO.NS,Godrej Agrovet Ltd.,Fast Moving Consumer Goods,109521362944.0,Consumer Defensive,Packaged Foods,2026-03-14,2026-03-13,583.0,586.0,561.25,568.9500122070312,586.5499877929688,-3.0005926097043334,146918.0,228573.75,0.6427597219715737,2.0714550860756447,1.4485434079041184
GODREJCP,GODREJCP.NS,Godrej Consumer Products Ltd.,Fast Moving Consumer Goods,1051793162240.0,Consumer Defensive,Household & Personal Products,2026-03-14,2026-03-13,1039.4000244140625,1055.9000244140625,1025.300048828125,1027.9000244140625,1052.300048828125,-2.3187326125504892,1966754.0,1279740.95,1.5368375920142276,1.9031739293037844,1.218350344573459
GODREJIND,GODREJIND.NS,Godrej Industries Ltd.,Diversified,282225606656.0,Industrials,Conglomerates,2026-03-14,2026-03-13,890.0,895.0,830.2000122070312,837.9500122070312,892.8499755859375,-6.148845257332047,97152.0,122193.05,0.7950697686979742,2.368209714095674,2.596410791127951
GODREJPROP,GODREJPROP.NS,Godrej Properties Ltd.,Realty,475125088256.0,Real Estate,Real Estate - Development,2026-03-14,2026-03-13,1601.0,1606.0,1567.0,1577.4000244140625,1616.300048828125,-2.4067328614056804,958376.0,1489000.8,0.6436369946879813,2.126129128851189,1.1319786878166285
GRANULES,GRANULES.NS,Granules India Ltd.,Healthcare,139311431680.0,Healthcare,Drug Manufacturers - Specialty & Generic,2026-03-14,2026-03-13,585.0,585.0,554.9500122070312,562.2000122070312,586.75,-4.184062683079459,431617.0,605410.75,0.7129325007856236,2.242875448004058,1.8654904296192056
GRAPHITE,GRAPHITE.NS,Graphite India Ltd.,Capital Goods,121511395328.0,Industrials,Electrical Equipment & Parts,2026-03-14,2026-03-13,640.7000122070312,647.0,613.0999755859375,621.5499877929688,645.7000122070312,-3.74013070427498,1438355.0,1807896.65,0.7955958101919156,2.9690765163130894,1.2596949535404236
GRASIM,GRASIM.NS,Grasim Industries Ltd.,Construction Materials,1741749092352.0,Basic Materials,Building Materials,2026-03-14,2026-03-13,2655.0,2664.0,2563.10009765625,2568.60009765625,2673.10009765625,-3.9093186256520918,1309473.0,814764.7,1.607179348835314,1.6602580346445504,2.3546452082004525
GRAVITA,GRAVITA.NS,Gravita India Ltd.,Metals & Mining,103428415488.0,Industrials,Metal Fabrication,2026-03-14,2026-03-13,1532.0,1547.9000244140625,1412.300048828125,1420.0,1503.199951171875,-5.5348558990448,401988.0,150048.3,2.6790573435353817,1.7957743589251018,3.082155545620889
GESHIP,GESHIP.NS,Great Eastern Shipping Co. Ltd.,Services,208425795584.0,Industrials,Marine Shipping,2026-03-14,2026-03-13,1487.699951171875,1509.0,1445.0,1459.9000244140625,1486.5,-1.789436635448205,1202399.0,570779.85,2.1065897823828226,2.3598413445666617,0.7582868397353212
FLUOROCHEM,FLUOROCHEM.NS,Gujarat Fluorochemicals Ltd.,Chemicals,337305436160.0,Basic Materials,Specialty Chemicals,2026-03-14,2026-03-13,3174.0,3183.800048828125,2991.0,3070.60009765625,3185.300048828125,-3.600915123021875,91908.0,53007.5,1.7338678488893082,1.8479143329390029,1.9486374767681054
GUJGASLTD,GUJGASLTD.NS,Gujarat Gas Ltd.,Oil Gas & Consumable Fuels,257664417792.0,Utilities,Utilities - Regulated Gas,2026-03-14,2026-03-13,390.29998779296875,397.75,371.3999938964844,374.29998779296875,388.3999938964844,-3.6302796923507463,2708054.0,2101318.55,1.2887403482922664,2.535711236655594,1.4316613184783624
GMDCLTD,GMDCLTD.NS,Gujarat Mineral Development Corporation Ltd.,Metals & Mining,168170586112.0,Energy,Thermal Coal,2026-03-14,2026-03-13,554.0,557.8499755859375,527.2000122070312,528.75,555.5,-4.815481548154821,1812058.0,2362962.25,0.7668586326336784,2.9247884380993687,1.6464375629452679
GSPL,GSPL.NS,Gujarat State Petronet Ltd.,Oil Gas & Consumable Fuels,153289850880.0,Utilities,Utilities - Regulated Gas,2026-03-14,2026-03-13,278.95001220703125,283.45001220703125,268.20001220703125,271.6000061035156,278.79998779296875,-2.582489958643641,738540.0,894215.65,0.8259081576127637,2.2707465116455774,1.1372867668844937
HEG,HEG.NS,H.E.G. Ltd.,Capital Goods,95726501888.0,Industrials,Electrical Equipment & Parts,2026-03-14,2026-03-13,518.0,519.9500122070312,491.1000061035156,496.04998779296875,519.1500244140625,-4.449587890738438,1333615.0,1671921.65,0.7976540048990932,2.5705517258091315,1.7309855491578732
HBLENGINE,HBLENGINE.NS,HBL Engineering Ltd.,Capital Goods,182532866048.0,Industrials,Electrical Equipment & Parts,2026-03-14,2026-03-13,682.5499877929688,684.2000122070312,656.0,658.5,689.7999877929688,-4.537545425756495,1073623.0,1093458.35,0.9818599857964411,2.530100410427198,1.7934250384119526
HCLTECH,HCLTECH.NS,HCL Technologies Ltd.,Information Technology,3586071986176.0,Technology,Information Technology Services,2026-03-14,2026-03-13,1350.0,1356.699951171875,1321.0,1325.4000244140625,1358.0999755859375,-2.407772016766807,2190295.0,3425076.95,0.6394878223100944,1.7637203892987539,1.3651665147014176
HDFCAMC,HDFCAMC.NS,HDFC Asset Management Company Ltd.,Financial Services,1019925037056.0,Financial Services,Asset Management,2026-03-14,2026-03-13,2417.10009765625,2417.10009765625,2357.300048828125,2381.0,2429.0,-1.9761218608480902,1177113.0,809827.1,1.4535361930960324,1.8215362355598044,1.0848655229967346
HDFCBANK,HDFCBANK.NS,HDFC Bank Ltd.,Financial Services,12573860691968.0,Financial Services,Banks - Regional,2026-03-14,2026-03-13,820.0,823.7999877929688,812.0,817.0,832.75,-1.8913239267487225,41693319.0,33448949.5,1.2464761860458429,1.2629694378726524,1.4975215314271353
HDFCLIFE,HDFCLIFE.NS,HDFC Life Insurance Company Ltd.,Financial Services,1349790334976.0,Financial Services,Insurance - Life,2026-03-14,2026-03-13,638.25,640.5999755859375,624.0,625.75,645.7000122070312,-3.0896719575459253,3167010.0,3006202.0,1.0534920807051555,1.6495652124854994,1.8730220146256178
HFCL,HFCL.NS,HFCL Ltd.,Telecommunication,110127587328.0,Technology,Communication Equipment,2026-03-14,2026-03-13,76.0,77.19999694824219,71.4000015258789,71.97000122070312,74.47000122070312,-3.357056477803555,70909010.0,21291617.45,3.330372160147937,2.6013171416756387,1.2905217991379194
HAPPSTMNDS,HAPPSTMNDS.NS,Happiest Minds Technologies Ltd.,Information Technology,59078389760.0,Technology,Information Technology Services,2026-03-14,2026-03-13,415.0,420.45001220703125,387.1000061035156,393.25,409.04998779296875,-3.862605614100534,4346189.0,6019918.8,0.7219680438214549,4.532707772135753,0.8521629472443409
HAVELLS,HAVELLS.NS,Havells India Ltd.,Consumer Durables,821880160256.0,Industrials,Electrical Equipment & Parts,2026-03-14,2026-03-13,1340.9000244140625,1353.199951171875,1303.5,1310.199951171875,1354.0,-3.23486328125,1599343.0,709084.3,2.2555047404095676,1.6554369969335636,1.954084200873893
HEROMOTOCO,HEROMOTOCO.NS,Hero MotoCorp Ltd.,Automobile and Auto Components,1041667391488.0,Consumer Cyclical,Auto Manufacturers,2026-03-14,2026-03-13,5338.0,5377.5,5168.0,5206.0,5394.5,-3.494299749745111,496038.0,443131.75,1.1193916933282257,2.253500849574901,1.5506094663351353
HEXT,HEXT.NS,Hexaware Technologies Ltd.,Information Technology,250654474240.0,Technology,Information Technology Services,2026-03-14,2026-03-13,418.70001220703125,422.29998779296875,408.1000061035156,411.3500061035156,418.70001220703125,-1.7554348911462014,732919.0,1523263.2,0.48115059826824413,2.640384930025861,0.6648405204800983
HSCL,HSCL.NS,Himadri Speciality Chemical Ltd.,Chemicals,222966972416.0,Basic Materials,Specialty Chemicals,2026-03-14,2026-03-13,449.5,449.5,433.0,438.8500061035156,453.04998779296875,-3.134307928939206,1503478.0,1659183.75,0.9061552103556945,2.4925153203442676,1.2574879293044
HINDALCO,HINDALCO.NS,Hindalco Industries Ltd.,Metals & Mining,2034758320128.0,Basic Materials,Aluminum,2026-03-14,2026-03-13,967.0,968.1500244140625,904.2999877929688,910.0499877929688,969.75,-6.156227090181099,10346730.0,6534864.35,1.5833121310314575,2.5210590453657553,2.44192102580761
HAL,HAL.NS,Hindustan Aeronautics Ltd.,Capital Goods,2617852821504.0,Industrials,Aerospace & Defense,2026-03-14,2026-03-13,4000.0,4004.10009765625,3892.39990234375,3914.39990234375,4013.5,-2.4691689960446017,2113406.0,1891359.55,1.1174004435063656,1.7219991525724874,1.4338967544530556
HINDCOPPER,HINDCOPPER.NS,Hindustan Copper Ltd.,Metals & Mining,480119226368.0,Basic Materials,Copper,2026-03-14,2026-03-13,526.2999877929688,528.3499755859375,493.54998779296875,496.29998779296875,527.3499755859375,-5.887928174922008,10831060.0,11680158.75,0.9273041772655701,2.919619111818315,2.0166768161943747
HINDPETRO,HINDPETRO.NS,Hindustan Petroleum Corporation Ltd.,Oil Gas & Consumable Fuels,784634544128.0,Energy,Oil & Gas Refining & Marketing,2026-03-14,2026-03-13,379.54998779296875,379.54998779296875,366.29998779296875,368.75,384.3500061035156,-4.058802095950565,5816478.0,6583599.0,0.8834799932377413,2.6625121905038642,1.5244257323691206
HINDUNILVR,HINDUNILVR.NS,Hindustan Unilever Ltd.,Fast Moving Consumer Goods,5075854426112.0,Consumer Defensive,Household & Personal Products,2026-03-14,2026-03-13,2136.0,2191.89990234375,2120.300048828125,2160.0,2136.89990234375,1.081009813838918,2298617.0,1721269.85,1.335419312666169,1.4705976257011204,0.7350819795615656
HINDZINC,HINDZINC.NS,Hindustan Zinc Ltd.,Metals & Mining,2332164882432.0,Basic Materials,Other Industrial Metals & Mining,2026-03-14,2026-03-13,578.0,581.1500244140625,545.5499877929688,551.9500122070312,583.0,-5.325898420749353,6883669.0,6007186.1,1.1459057344669246,2.381914883948262,2.2359734416374883
POWERINDIA,POWERINDIA.NS,Hitachi Energy India Ltd.,Capital Goods,1077888221184.0,Industrials,Electrical Equipment & Parts,2026-03-14,2026-03-13,24990.0,25175.0,24100.0,24165.0,24880.0,-2.87379421221865,102168.0,121997.7,0.8374584111011929,2.293014332223259,1.2532822720877976
HOMEFIRST,HOMEFIRST.NS,Home First Finance Company India Ltd.,Financial Services,102963798016.0,Financial Services,Mortgage Finance,2026-03-14,2026-03-13,994.0999755859375,999.4000244140625,978.0999755859375,987.7000122070312,1002.5999755859375,-1.4861324298555356,345820.0,701423.95,0.4930256516048533,2.9732477636430525,0.4998347087074276
HONASA,HONASA.NS,Honasa Consumer Ltd.,Fast Moving Consumer Goods,87538778112.0,Consumer Defensive,Household & Personal Products,2026-03-14,2026-03-13,279.6499938964844,279.6499938964844,267.5,268.95001220703125,280.5,-4.117642706940727,433833.0,1805037.0,0.2403457657654663,1.9912114441447835,2.067908317345593
HONAUT,HONAUT.NS,Honeywell Automation India Ltd.,Capital Goods,265863135232.0,Industrials,Electrical Equipment & Parts,2026-03-14,2026-03-13,30580.0,30700.0,29960.0,30050.0,30580.0,-1.733158927403533,2101.0,5190.85,0.4047506670391169,1.275995382570551,1.3582799366499314
HUDCO,HUDCO.NS,Housing & Urban Development Corporation Ltd.,Financial Services,345728122880.0,Financial Services,Credit Services,2026-03-14,2026-03-13,176.0,176.30999755859375,172.05999755859375,172.6999969482422,176.66000366210938,-2.2415977763938777,3006973.0,3942267.15,0.7627522148010695,1.6298985288939065,1.37529897515466
HYUNDAI,HYUNDAI.NS,Hyundai Motor India Ltd.,Automobile and Auto Components,1639707967488.0,Consumer Cyclical,Auto Manufacturers,2026-03-14,2026-03-13,1984.800048828125,2024.0,1981.199951171875,2018.0,1994.699951171875,1.168097929437284,383812.0,499901.6,0.7677750981393139,2.405205234751569,0.4856541606346269
ICICIBANK,ICICIBANK.NS,ICICI Bank Ltd.,Financial Services,8981072314368.0,Financial Services,Banks - Regional,2026-03-14,2026-03-13,1251.9000244140625,1262.300048828125,1248.699951171875,1254.800048828125,1266.5,-0.9238019085570426,17342777.0,15444623.05,1.1229006330458806,1.3343532260344924,0.6923218609081871
ICICIGI,ICICIGI.NS,ICICI Lombard General Insurance Company Ltd.,Financial Services,915326173184.0,Financial Services,Insurance - Diversified,2026-03-14,2026-03-13,1840.0999755859375,1860.0,1832.4000244140625,1837.0999755859375,1855.300048828125,-0.9809773493879459,348465.0,545785.8,0.6384647603510387,1.2228089130865962,0.8022327437177222
ICICIPRULI,ICICIPRULI.NS,ICICI Prudential Life Insurance Company Ltd.,Financial Services,845644103680.0,Financial Services,Insurance - Life,2026-03-14,2026-03-13,586.0,591.4000244140625,580.0999755859375,583.75,592.9500122070312,-1.5515662395869878,1483427.0,1138028.4,1.3035061339418244,1.544147449456548,1.0048044570698549
IDBI,IDBI.NS,IDBI Bank Ltd.,Financial Services,991252643840.0,Financial Services,Banks - Regional,2026-03-14,2026-03-13,98.0,98.31999969482422,91.55999755859375,92.18000030517578,98.80999755859375,-6.709844567586821,20375685.0,19126492.15,1.0653121774867642,3.0785737371631807,2.1795302436932222
IDFCFIRSTB,IDFCFIRSTB.NS,IDFC First Bank Ltd.,Financial Services,538051411968.0,Financial Services,Banks - Regional,2026-03-14,2026-03-13,64.30000305175781,64.5999984741211,61.9900016784668,62.56999969482422,64.77999877929688,-3.411545424695117,44901647.0,87555888.1,0.5128341220034979,4.023284260575473,0.8479503817627704
IFCI,IFCI.NS,IFCI Ltd.,Financial Services,154374832128.0,Financial Services,Credit Services,2026-03-14,2026-03-13,55.0,59.83000183105469,55.0,57.209999084472656,53.95000076293945,6.0426288701234565,216993505.0,26342053.95,8.23753172064246,2.8307201993883133,2.134661303306911
IIFL,IIFL.NS,IIFL Finance Ltd.,Financial Services,203025088512.0,Financial Services,Credit Services,2026-03-14,2026-03-13,480.6000061035156,483.70001220703125,472.1499938964844,477.45001220703125,480.70001220703125,-0.6760973408505455,727219.0,1267685.2,0.5736589809520534,2.026177315796431,0.33368123094636043
INOXINDIA,INOXINDIA.NS,INOX India Ltd.,Capital Goods,103152721920.0,Industrials,Specialty Industrial Machinery,2026-03-14,2026-03-13,1192.0,1194.4000244140625,1126.5,1136.5,1196.5,-5.014625992478061,70165.0,64116.7,1.0943326777579008,1.8640786263530111,2.6901365219175113
IRB,IRB.NS,IRB Infrastructure Developers Ltd.,Construction,250980843520.0,Industrials,Infrastructure Operations,2026-03-14,2026-03-13,42.349998474121094,42.630001068115234,41.119998931884766,41.560001373291016,42.56999969482422,-2.372558911847966,6465775.0,7142235.05,0.9052873441906676,1.9819974782276464,1.1970544553717444
IRCON,IRCON.NS,IRCON International Ltd.,Construction,122473955328.0,Industrials,Engineering & Construction,2026-03-14,2026-03-13,134.55999755859375,136.2899932861328,129.80999755859375,130.22000122070312,136.5500030517578,-4.635665829062907,3251723.0,5568756.5,0.5839226405392299,3.2515164774457324,1.4256934760190756
ITCHOTELS,ITCHOTELS.NS,ITC Hotels Ltd.,Consumer Services,319101665280.0,Consumer Cyclical,Resorts & Casinos,2026-03-14,2026-03-13,157.9600067138672,158.39999389648438,151.72000122070312,153.1199951171875,157.9600067138672,-3.064074063662836,4280301.0,3757354.7,1.1391793806424504,1.683775896110468,1.8197635865561828
ITC,ITC.NS,ITC Ltd.,Fast Moving Consumer Goods,3776936411136.0,Consumer Defensive,Tobacco,2026-03-14,2026-03-13,304.0,306.0,300.6499938964844,301.45001220703125,304.1000061035156,-0.8714218491604808,25655940.0,18778542.95,1.3662369901813922,1.1996499491258679,0.7263967708208945
ITI,ITI.NS,ITI Ltd.,Telecommunication,233675505664.0,Technology,Communication Equipment,2026-03-14,2026-03-13,261.0,261.0,240.4499969482422,242.3000030517578,258.95001220703125,-6.429815937587868,487356.0,268516.0,1.814997988946655,2.143379534530158,2.9998494592313647
INDGN,INDGN.NS,Indegene Ltd.,Healthcare,103156121600.0,Healthcare,Health Information Services,2026-03-14,2026-03-13,443.1000061035156,443.5,427.25,429.25,443.45001220703125,-3.2021675084319856,827500.0,508796.7,1.6263863346597962,1.7978356000161204,1.7811236513523667
INDIACEM,INDIACEM.NS,India Cements Ltd.,Construction Materials,164694654976.0,Basic Materials,Building Materials,2026-03-14,2026-03-13,366.0,371.0,352.70001220703125,354.29998779296875,365.95001220703125,-3.1835015782078036,308650.0,289884.85,1.0647331173050265,1.6574919765783804,1.9206738995983672
INDIAMART,INDIAMART.NS,Indiamart Intermesh Ltd.,Consumer Services,126260658176.0,Communication Services,Internet Content & Information,2026-03-14,2026-03-13,2100.0,2147.60009765625,2083.0,2101.89990234375,2100.300048828125,0.07617261717047796,62736.0,120945.9,0.5187112585048357,1.4090640904339415,0.05405901526240692
INDIANB,INDIANB.NS,Indian Bank,Financial Services,1172682833920.0,Financial Services,Banks - Regional,2026-03-14,2026-03-13,909.5999755859375,909.5999755859375,867.5499877929688,870.2999877929688,909.5999755859375,-4.320579248878376,2204699.0,1830599.8,1.20435881179491,2.434726016635342,1.774564866583707
IEX,IEX.NS,Indian Energy Exchange Ltd.,Financial Services,106938359808.0,Financial Services,Capital Markets,2026-03-14,2026-03-13,122.5,124.19000244140625,119.9800033569336,120.25,122.76000213623047,-2.044641652453738,5203464.0,6190239.15,0.8405917564590376,1.528328205839174,1.3378289065410964
INDHOTEL,INDHOTEL.NS,Indian Hotels Co. Ltd.,Consumer Services,868080091136.0,Consumer Cyclical,Lodging,2026-03-14,2026-03-13,617.2000122070312,624.9500122070312,607.0499877929688,609.8499755859375,624.9500122070312,-2.4161991081122602,2888581.0,2748394.35,1.051006745083725,1.5017382467455267,1.6089349214808213
IOC,IOC.NS,Indian Oil Corporation Ltd.,Oil Gas & Consumable Fuels,2210538455040.0,Energy,Oil & Gas Refining & Marketing,2026-03-14,2026-03-13,158.99000549316406,160.33999633789062,155.8000030517578,156.5399932861328,160.16000366210938,-2.260246187065351,11956153.0,19410699.5,0.6159568334979376,2.153151371238502,1.0497386376347744
IOB,IOB.NS,Indian Overseas Bank,Financial Services,628305035264.0,Financial Services,Banks - Regional,2026-03-14,2026-03-13,33.5,33.880001068115234,32.5,32.61000061035156,33.86000061035156,-3.691671522350337,5748254.0,7755473.3,0.7411867435608347,1.8498265201047484,1.9956852614164555
IRCTC,IRCTC.NS,Indian Railway Catering And Tourism Corporation Ltd.,Consumer Services,422079987712.0,Consumer Cyclical,Travel Services,2026-03-14,2026-03-13,535.0,536.5,525.0,527.5999755859375,536.7000122070312,-1.6955536452612274,2008102.0,4155536.5,0.4832353175095442,1.864945307983944,0.9091707075818575
IRFC,IRFC.NS,Indian Railway Finance Corporation Ltd.,Financial Services,1270504751104.0,Financial Services,Credit Services,2026-03-14,2026-03-13,98.69999694824219,99.68000030517578,97.0,97.19999694824219,99.91999816894531,-2.7221790137587187,11410131.0,18515614.0,0.616243728131295,1.902566422718284,1.4307931545798105
IREDA,IREDA.NS,Indian Renewable Energy Development Agency Ltd.,Financial Services,322640216064.0,Financial Services,Credit Services,2026-03-14,2026-03-13,117.0,118.94000244140625,114.20999908447266,114.8499984741211,117.02999877929688,-1.8627705100527026,11392821.0,7936071.9,1.4355743173143378,1.9819069938038205,0.9398879543169367
IGL,IGL.NS,Indraprastha Gas Ltd.,Oil Gas & Consumable Fuels,219316944896.0,Utilities,Utilities - Regulated Gas,2026-03-14,2026-03-13,161.89999389648438,165.2899932861328,156.0500030517578,156.50999450683594,161.91000366210938,-3.335191793672454,3077252.0,3474419.35,0.8856881366378528,2.189725240759861,1.5231097178726871
INDUSTOWER,INDUSTOWER.NS,Indus Towers Ltd.,Telecommunication,1118021222400.0,Communication Services,Telecom Services,2026-03-14,2026-03-13,439.1499938964844,440.79998779296875,422.70001220703125,423.95001220703125,442.04998779296875,-4.09455402912815,2702067.0,4253176.5,0.6353056356819426,1.5548710229512974,2.6333721374241614
INDUSINDBK,INDUSINDBK.NS,IndusInd Bank Ltd.,Financial Services,634504019968.0,Financial Services,Banks - Regional,2026-03-14,2026-03-13,827.0,833.1500244140625,804.7999877929688,814.4000244140625,831.3499755859375,-2.0388466553966755,5606645.0,3799812.0,1.4755058934494654,2.0131483055524537,1.012765254190833
NAUKRI,NAUKRI.NS,Info Edge (India) Ltd.,Consumer Services,616679342080.0,Communication Services,Internet Content & Information,2026-03-14,2026-03-13,948.9000244140625,970.0999755859375,947.2999877929688,952.4000244140625,955.4000244140625,-0.31400459737688236,889050.0,1936869.55,0.4590138762829949,1.7357087240790166,0.1809085781622122
INFY,INFY.NS,Infosys Ltd.,Information Technology,5051129528320.0,Technology,Information Technology Services,2026-03-14,2026-03-13,1251.0,1269.5999755859375,1242.5999755859375,1248.300048828125,1265.800048828125,-1.3825248321171602,7365621.0,15584073.3,0.472637728160583,1.340046593133936,1.0316990761372566
INOXWIND,INOXWIND.NS,Inox Wind Ltd.,Capital Goods,137628385280.0,Industrials,Specialty Industrial Machinery,2026-03-14,2026-03-13,83.30000305175781,83.9800033569336,79.33000183105469,79.58999633789062,83.68000030517578,-4.887672027209811,12553742.0,13500071.95,0.9299018587823157,1.880848903324809,2.598652139770392
INTELLECT,INTELLECT.NS,Intellect Design Arena Ltd.,Information Technology,91797004288.0,Technology,Software - Application,2026-03-14,2026-03-13,666.0,669.2999877929688,656.5999755859375,660.75,667.0999755859375,-0.9518776522754457,290627.0,487491.05,0.596168893767383,1.813958759501299,0.5247515398515123
INDIGO,INDIGO.NS,InterGlobe Aviation Ltd.,Services,1607613415424.0,Industrials,Airlines,2026-03-14,2026-03-13,4226.0,4234.0,4130.0,4158.2001953125,4251.7001953125,-2.19912025083715,1848332.0,1510062.15,1.2240105481751198,2.350929144926751,0.9354260019204743
IGIL,IGIL.NS,International Gemmological Institute (India) Ltd.,Services,133472518144.0,Basic Materials,Other Precious Metals & Mining,2026-03-14,2026-03-13,318.0,319.95001220703125,303.6000061035156,308.8500061035156,320.8999938964844,-3.755060150252243,540978.0,622530.4,0.8689985260157576,1.3586330927439103,2.763851528648167
IKS,IKS.NS,Inventurus Knowledge Solutions Ltd.,Information Technology,222338596864.0,Healthcare,Health Information Services,2026-03-14,2026-03-13,1367.0999755859375,1367.0999755859375,1321.199951171875,1327.300048828125,1373.9000244140625,-3.3918025153112152,136289.0,254359.0,0.5358135548575046,2.6076939796588667,1.3006903961004366
IPCALAB,IPCALAB.NS,Ipca Laboratories Ltd.,Healthcare,397546127360.0,Healthcare,Drug Manufacturers - Specialty & Generic,2026-03-14,2026-03-13,1567.0,1576.699951171875,1537.4000244140625,1561.300048828125,1560.800048828125,0.032034852918894074,590956.0,203241.55,2.9076534793205426,1.402386606713035,0.02284309673634044
JBCHEPHARM,JBCHEPHARM.NS,J.B. Chemicals & Pharmaceuticals Ltd.,Healthcare,340673462272.0,Healthcare,Drug Manufacturers - Specialty & Generic,2026-03-14,2026-03-13,2130.0,2139.199951171875,2097.10009765625,2121.800048828125,2131.39990234375,-0.45040133036829966,757896.0,406953.85,1.8623635087860702,1.3886653160929232,0.32434116784563
JKCEMENT,JKCEMENT.NS,J.K. Cement Ltd.,Construction Materials,386495774720.0,Basic Materials,Building Materials,2026-03-14,2026-03-13,5150.0,5188.0,4934.0,5002.0,5199.0,-3.7891902288901713,77915.0,64403.15,1.209801073394702,2.3365502676338608,1.6217028502996198
JBMA,JBMA.NS,JBM Auto Ltd.,Automobile and Auto Components,116945698816.0,Consumer Cyclical,Auto Parts,2026-03-14,2026-03-13,511.0,511.8999938964844,491.0,494.29998779296875,514.0499877929688,-3.8420388034235753,329969.0,233526.1,1.4129855292406288,1.9346584257468005,1.9859003286021946
JKTYRE,JKTYRE.NS,JK Tyre & Industries Ltd.,Automobile and Auto Components,118797664256.0,Consumer Cyclical,Auto Parts,2026-03-14,2026-03-13,427.20001220703125,429.29998779296875,410.0,411.75,430.70001220703125,-4.3998169653922,1272643.0,1867260.4,0.6815562521435147,3.104810212528316,1.4170969122809383
JMFINANCIL,JMFINANCIL.NS,JM Financial Ltd.,Financial Services,113271767040.0,Financial Services,Capital Markets,2026-03-14,2026-03-13,122.0,122.44999694824219,117.5,118.44000244140625,123.37999725341797,-4.0038863040863575,2738542.0,3009233.05,0.9100464983926719,2.6385232803398004,1.5174724187276147
JSWCEMENT,JSWCEMENT.NS,JSW Cement Ltd.,Construction Materials,155020328960.0,Basic Materials,Building Materials,2026-03-14,2026-03-13,119.01000213623047,119.66000366210938,114.8499984741211,115.80999755859375,119.83999633789062,-3.3628161736038775,2949667.0,2756770.5,1.0699719109733654,2.0520251364913253,1.6387792302358541
JSWENERGY,JSWENERGY.NS,JSW Energy Ltd.,Power,900805165056.0,Utilities,Utilities - Independent Power Producers,2026-03-14,2026-03-13,521.5,530.5,509.0,512.9500122070312,518.2999877929688,-1.0322160354891863,4916865.0,3133208.25,1.5692748798296443,2.24600777311999,0.459578122499241
JSWINFRA,JSWINFRA.NS,JSW Infrastructure Ltd.,Services,528163962880.0,Industrials,Marine Shipping,2026-03-14,2026-03-13,257.95001220703125,262.54998779296875,252.5,253.39999389648438,258.95001220703125,-2.1432778717575873,1115063.0,1443189.2,0.7726381267265581,2.145995873285156,0.9987334544481636
JSWSTEEL,JSWSTEEL.NS,JSW Steel Ltd.,Metals & Mining,2734295351296.0,Basic Materials,Steel,2026-03-14,2026-03-13,1166.699951171875,1169.199951171875,1115.5,1119.300048828125,1172.5999755859375,-4.545448393957119,2284425.0,1428857.25,1.5987776245667649,2.0490091088214144,2.2183641714368223
JPPOWER,JPPOWER.NS,Jaiprakash Power Ventures Ltd.,Power,95318523904.0,Utilities,Utilities - Independent Power Producers,2026-03-14,2026-03-13,14.289999961853027,14.600000381469727,13.850000381469727,13.899999618530273,14.170000076293945,-1.9054372357793836,42448096.0,32639077.95,1.3005298760285597,2.364005868137826,0.8060205185870938
J&KBANK,J&KBANK.NS,Jammu & Kashmir Bank Ltd.,Financial Services,133033852928.0,Financial Services,Banks - Regional,2026-03-14,2026-03-13,126.20999908447266,127.73999786376953,119.62000274658203,120.80999755859375,127.51000213623047,-5.254493345924738,7636179.0,10157876.7,0.7517495265521387,3.655673205986655,1.4373531357561722
JINDALSAW,JINDALSAW.NS,Jindal Saw Ltd.,Capital Goods,121952444416.0,Basic Materials,Steel,2026-03-14,2026-03-13,196.0,196.85000610351562,189.0,191.3300018310547,198.8000030517578,-3.757545827983866,13095266.0,12674519.95,1.0331962119007119,5.3384078166096405,0.7038701345170438
JSL,JSL.NS,Jindal Stainless Ltd.,Metals & Mining,582891536384.0,Basic Materials,Steel,2026-03-14,2026-03-13,744.0,744.7000122070312,700.0999755859375,707.4500122070312,746.6500244140625,-5.250118653353509,672098.0,1005657.25,0.6683171627311393,2.919074891288108,1.7985556550886486
JINDALSTEL,JINDALSTEL.NS,Jindal Steel Ltd.,Metals & Mining,1163294277632.0,Basic Materials,Steel,2026-03-14,2026-03-13,1216.300048828125,1222.4000244140625,1136.0999755859375,1143.300048828125,1225.0,-6.6693837691326525,1866299.0,1324681.7,1.4088659939968975,2.627518310043655,2.538282509255604
JIOFIN,JIOFIN.NS,Jio Financial Services Ltd.,Financial Services,1494576660480.0,Financial Services,Asset Management,2026-03-14,2026-03-13,240.0,240.60000610351562,234.25,235.25,242.1999969482422,-2.869528090756912,13318377.0,13188998.65,1.009809565792927,1.4962457296564595,1.9178187338357586
JUBLFOOD,JUBLFOOD.NS,Jubilant Foodworks Ltd.,Consumer Services,301316046848.0,Consumer Cyclical,Restaurants,2026-03-14,2026-03-13,462.3999938964844,467.04998779296875,453.0,458.1499938964844,461.75,-0.7796439856016524,1905771.0,2240745.1,0.8505077172767219,1.2257211727587944,0.6360696077778171
JUBLINGREA,JUBLINGREA.NS,Jubilant Ingrevia Ltd.,Chemicals,88154513408.0,Basic Materials,Specialty Chemicals,2026-03-14,2026-03-13,575.0,577.7999877929688,547.8499755859375,557.5999755859375,577.9500122070312,-3.521072098153022,366852.0,203489.2,1.8028082080031764,2.2425140796080343,1.5701449235799068
JUBLPHARMA,JUBLPHARMA.NS,Jubilant Pharmova Ltd.,Healthcare,133795168256.0,Healthcare,Drug Manufacturers - Specialty & Generic,2026-03-14,2026-03-13,827.6500244140625,855.0,799.25,844.2000122070312,827.6500244140625,1.9996359940525954,259043.0,153105.5,1.6919248492052865,1.883099292933367,1.0618855848741227
JWL,JWL.NS,Jupiter Wagons Ltd.,Capital Goods,112035143680.0,Industrials,Railroads,2026-03-14,2026-03-13,269.8999938964844,271.1499938964844,261.0,262.1499938964844,272.20001220703125,-3.6921446950204384,1546195.0,7182927.4,0.2152597282272406,4.542373566421122,0.8128227766897279
JYOTHYLAB,JYOTHYLAB.NS,Jyothy Labs Ltd.,Fast Moving Consumer Goods,80658661376.0,Consumer Defensive,Household & Personal Products,2026-03-14,2026-03-13,229.10000610351562,229.14999389648438,218.3000030517578,219.64999389648438,229.10000610351562,-4.124841534382762,873686.0,461957.95,1.8912673761756886,1.9265794791482267,2.1410180991891514
JYOTICNC,JYOTICNC.NS,Jyoti CNC Automation Ltd.,Capital Goods,162823569408.0,Industrials,Specialty Industrial Machinery,2026-03-14,2026-03-13,763.2000122070312,763.2000122070312,711.5499877929688,715.9500122070312,759.7999877929688,-5.771252473076616,595781.0,292809.25,2.034706895359351,1.9918527295064548,2.89742930668706
KPRMILL,KPRMILL.NS,K.P.R. Mill Ltd.,Textiles,287444926464.0,Consumer Cyclical,Textile Manufacturing,2026-03-14,2026-03-13,890.0,897.5499877929688,813.1500244140625,839.2000122070312,909.4000244140625,-7.719376547439827,3559048.0,842626.9,4.223753122526707,3.71911570038645,2.075594622301671
KEI,KEI.NS,KEI Industries Ltd.,Capital Goods,397507264512.0,Industrials,Electrical Equipment & Parts,2026-03-14,2026-03-13,4330.0,4330.0,4144.0,4158.0,4330.0,-3.9722863741339487,526877.0,475571.0,1.1078829449230505,2.6813717771470196,1.4814381235713843
KPITTECH,KPITTECH.NS,KPIT Technologies Ltd.,Information Technology,179824459776.0,Technology,Software - Infrastructure,2026-03-14,2026-03-13,670.2000122070312,671.0,652.9000244140625,660.1500244140625,671.25,-1.6536276478119172,2471526.0,2222922.85,1.1118361575166678,2.1330219705090454,0.7752511088375142
KSB,KSB.NS,KSB Ltd.,Capital Goods,130703450112.0,Industrials,Specialty Industrial Machinery,2026-03-14,2026-03-13,764.3499755859375,768.9500122070312,747.2999877929688,751.0,768.1500244140625,-2.2326399621147464,97058.0,1124045.55,0.08634703460193406,2.5903796308816776,0.8618968183265212
KAJARIACER,KAJARIACER.NS,Kajaria Ceramics Ltd.,Consumer Durables,144961683456.0,Industrials,Building Products & Equipment,2026-03-14,2026-03-13,929.25,940.0,905.0,910.1500244140625,940.0,-3.1755293176529253,226018.0,328169.65,0.6887230430967641,1.9373466673220916,1.6391125920908718
KPIL,KPIL.NS,Kalpataru Projects International Ltd.,Construction,188191342592.0,Industrials,Engineering & Construction,2026-03-14,2026-03-13,1153.5,1163.0,1091.0,1102.0,1147.0999755859375,-3.9316516908563637,97542.0,164568.25,0.5927145728292061,2.7160534132364504,1.4475605198689394
KALYANKJIL,KALYANKJIL.NS,Kalyan Jewellers India Ltd.,Consumer Durables,391580745728.0,Consumer Cyclical,Luxury Goods,2026-03-14,2026-03-13,388.95001220703125,389.45001220703125,377.0,379.0,389.95001220703125,-2.8080553569050037,2574767.0,3588557.2,0.7174936489795954,1.5728376340867904,1.7853434429901573
KARURVYSYA,KARURVYSYA.NS,Karur Vysya Bank Ltd.,Financial Services,272683204608.0,Financial Services,Banks - Regional,2026-03-14,2026-03-13,294.0,294.8999938964844,281.29998779296875,282.1000061035156,295.70001220703125,-4.599257876930263,2161672.0,2649327.55,0.8159323296962658,2.6225443714491057,1.7537388221152996
KAYNES,KAYNES.NS,Kaynes Technology India Ltd.,Capital Goods,233162735616.0,Technology,Electronic Components,2026-03-14,2026-03-13,3672.0,3688.199951171875,3456.0,3475.60009765625,3700.300048828125,-6.0724792099775,1952248.0,1228533.05,1.5890887103118634,2.5477832427838436,2.3834363567531693
KEC,KEC.NS,Kec International Ltd.,Construction,146157109248.0,Industrials,Engineering & Construction,2026-03-14,2026-03-13,558.0999755859375,558.0999755859375,532.7000122070312,549.0499877929688,560.5499877929688,-2.051556551678557,1251169.0,789819.0,1.584121172066005,1.999510086434481,1.0260296087512544
KFINTECH,KFINTECH.NS,Kfin Technologies Ltd.,Financial Services,153986334720.0,Technology,Software - Application,2026-03-14,2026-03-13,902.5999755859375,905.8499755859375,889.75,892.5499877929688,907.5999755859375,-1.6582181795732898,514401.0,901261.95,0.570756371108311,2.0268071987928926,0.8181430283851746
KIRLOSBROS,KIRLOSBROS.NS,Kirloskar Brothers Ltd.,Capital Goods,120739938304.0,Industrials,Specialty Industrial Machinery,2026-03-14,2026-03-13,1570.0,1586.699951171875,1510.0,1520.199951171875,1590.0,-4.3899401778695,46884.0,217408.0,0.21564983809243451,3.123558363048842,1.405429214898539
KIRLOSENG,KIRLOSENG.NS,Kirloskar Oil Eng Ltd.,Capital Goods,210960515072.0,Industrials,Specialty Industrial Machinery,2026-03-14,2026-03-13,1464.0,1500.5,1427.5,1451.300048828125,1468.9000244140625,-1.1981738235015693,455555.0,529276.55,0.8607126085597405,1.7813487733350692,0.6726216906183562
KOTAKBANK,KOTAKBANK.NS,Kotak Mahindra Bank Ltd.,Financial Services,3648503939072.0,Financial Services,Banks - Regional,2026-03-14,2026-03-13,373.0,373.6000061035156,363.3999938964844,366.8500061035156,375.29998779296875,-2.251527301971157,32178086.0,16212690.55,1.9847468192131748,1.5864260888490604,1.4192450047292289
KIMS,KIMS.NS,Krishna Institute of Medical Sciences Ltd.,Healthcare,254048223232.0,Healthcare,Medical Care Facilities,2026-03-14,2026-03-13,660.0,661.0999755859375,631.0,634.9000244140625,664.4000244140625,-4.440096164357643,349682.0,390058.6,0.8964858100808443,2.3411307970357003,1.8965604869149628
LTF,LTF.NS,L&T Finance Ltd.,Financial Services,646131613696.0,Financial Services,Credit Services,2026-03-14,2026-03-13,264.0,264.54998779296875,256.29998779296875,258.0,265.5,-2.824858757062143,3511128.0,9365126.2,0.3749151826699356,2.2168041961416085,1.2742933101529064
LTTS,LTTS.NS,L&T Technology Services Ltd.,Information Technology,363577311232.0,Technology,Information Technology Services,2026-03-14,2026-03-13,3129.0,3584.0,3010.0,3430.10009765625,3129.5,9.605371390198126,3432185.0,318529.05,10.775108267205143,3.889111359807317,2.469811353170925
LICHSGFIN,LICHSGFIN.NS,LIC Housing Finance Ltd.,Financial Services,273161273344.0,Financial Services,Mortgage Finance,2026-03-14,2026-03-13,495.3500061035156,503.8999938964844,490.25,496.6000061035156,498.5,-0.38114220591461967,1637550.0,1419261.85,1.1538040002977603,1.527115789978446,0.24958304302517834
LTFOODS,LTFOODS.NS,LT Foods Ltd.,Fast Moving Consumer Goods,133847891968.0,Consumer Defensive,Packaged Foods,2026-03-14,2026-03-13,388.0,404.5,381.0,385.25,390.0,-1.2179487179487136,5018197.0,6619690.9,0.7580711963454365,4.82805600660922,0.2522648279724676
LTM,LTM.NS,LTIMindtree Ltd.,Information Technology,1246969200640.0,Technology,Information Technology Services,2026-03-14,2026-03-13,4299.0,4299.0,4197.0,4206.5,4323.60009765625,-2.7083933530237414,160248.0,282667.9411764706,0.5669125381995711,1.888389517889268,1.434234477244412
LT,LT.NS,Larsen & Toubro Ltd.,Construction,4730728218624.0,Industrials,Engineering & Construction,2026-03-14,2026-03-13,3696.0,3697.0,3424.5,3439.0,3719.5,-7.5413362011023,10777943.0,3533965.4,3.049815654675057,2.8128652897123083,2.6810157701770376
LATENTVIEW,LATENTVIEW.NS,Latent View Analytics Ltd.,Information Technology,57990725632.0,Industrials,Consulting Services,2026-03-14,2026-03-13,296.79998779296875,296.79998779296875,279.3500061035156,280.25,295.04998779296875,-5.01609503653111,690130.0,625941.05,1.1025479156543574,1.8738041577701288,2.676958003178081
LAURUSLABS,LAURUSLABS.NS,Laurus Labs Ltd.,Healthcare,541822648320.0,Healthcare,Drug Manufacturers - Specialty & Generic,2026-03-14,2026-03-13,1037.0,1050.5,980.7999877929688,1003.4000244140625,1046.800048828125,-4.145970805279198,3067874.0,1458678.55,2.1031871621064147,1.9762850404680838,2.0978607439629373
THELEELA,THELEELA.NS,Leela Palaces Hotels & Resorts Ltd.,Consumer Services,144336601088.0,Consumer Cyclical,Lodging,2026-03-14,2026-03-13,423.0,434.8999938964844,421.04998779296875,432.20001220703125,435.45001220703125,-0.7463543251561178,194669.0,165819.0,1.1739848871359735,1.2320058929111468,0.6058041844203625
LEMONTREE,LEMONTREE.NS,Lemon Tree Hotels Ltd.,Consumer Services,80063709184.0,Consumer Cyclical,Lodging,2026-03-14,2026-03-13,104.94999694824219,104.94999694824219,100.81999969482422,101.11000061035156,105.44000244140625,-4.1066025519687415,6101753.0,4347057.6,1.4036512881724872,1.6385872995153679,2.5061847807457798
LICI,LICI.NS,Life Insurance Corporation of India,Financial Services,4887325704192.0,Financial Services,Insurance - Life,2026-03-14,2026-03-13,793.0,798.0,770.0999755859375,772.7000122070312,796.6500244140625,-3.0063404849132502,1249510.0,955160.8,1.3081671693394452,1.4134904402977368,2.1268912751047657
LINDEINDIA,LINDEINDIA.NS,Linde India Ltd.,Chemicals,592256303104.0,Basic Materials,Specialty Chemicals,2026-03-14,2026-03-13,7200.0,7248.0,6925.0,6944.5,7189.5,-3.407747409416506,70491.0,70169.25,1.004585341869836,2.6830494124057602,1.2701023669783793
LLOYDSME,LLOYDSME.NS,Lloyds Metals And Energy Ltd.,Metals & Mining,621097910272.0,Basic Materials,Steel,2026-03-14,2026-03-13,1195.0,1203.199951171875,1136.0,1140.800048828125,1205.0,-5.327796777748961,398632.0,565515.7,0.7048999700627233,3.2766906505565574,1.6259688038735107
LODHA,LODHA.NS,Lodha Developers Ltd.,Realty,865264533504.0,Real Estate,Real Estate - Development,2026-03-14,2026-03-13,865.0,877.5499877929688,857.0499877929688,866.3499755859375,869.0499877929688,-0.31068548932244866,640732.0,1178647.75,0.5436161906727434,1.9107084541670798,0.1626022476871718
LUPIN,LUPIN.NS,Lupin Ltd.,Healthcare,1058009317376.0,Healthcare,Drug Manufacturers - Specialty & Generic,2026-03-14,2026-03-13,2348.0,2361.89990234375,2297.199951171875,2314.89990234375,2357.300048828125,-1.7986741444074195,695835.0,949946.65,0.7324990303402827,1.0433314800780362,1.7239718907675317
MMTC,MMTC.NS,MMTC Ltd.,Services,80006340608.0,Industrials,Conglomerates,2026-03-14,2026-03-13,55.619998931884766,55.619998931884766,53.02000045776367,53.290000915527344,55.630001068115234,-4.206363666473267,1212019.0,1354902.95,0.8945430371968709,2.1439196658201305,1.9619968665496492
MRF,MRF.NS,MRF Ltd.,Automobile and Auto Components,572215001088.0,Consumer Cyclical,Auto Parts,2026-03-14,2026-03-13,136500.0,137930.0,134500.0,134920.0,138005.0,-2.2354262526720015,4971.0,7188.3,0.6915404198489211,1.8284709467978035,1.2225659131127555
MGL,MGL.NS,Mahanagar Gas Ltd.,Oil Gas & Consumable Fuels,102234996736.0,Utilities,Utilities - Regulated Gas,2026-03-14,2026-03-13,1054.0,1054.800048828125,1022.0999755859375,1035.0,1050.199951171875,-1.4473387810496452,314100.0,401010.1,0.7832720422752445,2.6562420661456647,0.5448821097656222
MAHSCOOTER,MAHSCOOTER.NS,Maharashtra Scooters Ltd.,Financial Services,144495788032.0,Financial Services,Asset Management,2026-03-14,2026-03-13,12970.0,12970.0,12525.0,12629.0,12816.0,-1.4591136079900147,4532.0,4079.1,1.111029393738815,1.5693868665317559,0.9297348149819566
MAHSEAMLES,MAHSEAMLES.NS,Maharashtra Seamless Ltd.,Capital Goods,73672785920.0,Basic Materials,Steel,2026-03-14,2026-03-13,556.9000244140625,558.6500244140625,544.0,549.7999877929688,561.5,-2.0837065373163433,159311.0,178048.2,0.8947633281324944,1.6228527547584854,1.2839775704890999
M&MFIN,M&MFIN.NS,Mahindra & Mahindra Financial Services Ltd.,Financial Services,458805739520.0,Financial Services,Credit Services,2026-03-14,2026-03-13,346.0,347.95001220703125,327.79998779296875,330.20001220703125,346.29998779296875,-4.649141251359989,2655551.0,1627816.35,1.63135786171456,2.7915570635729225,1.6654294164452934
M&M,M&M.NS,Mahindra & Mahindra Ltd.,Automobile and Auto Components,3518705958912.0,Consumer Cyclical,Auto Manufacturers,2026-03-14,2026-03-13,2965.0,3025.0,2922.60009765625,2931.10009765625,3031.199951171875,-3.302317733177784,7217573.0,3034133.45,2.3787922050692925,2.207325653994039,1.4960718311783379
MANAPPURAM,MANAPPURAM.NS,Manappuram Finance Ltd.,Financial Services,216771952640.0,Financial Services,Credit Services,2026-03-14,2026-03-13,254.0,258.04998779296875,251.60000610351562,256.1000061035156,255.5500030517578,0.21522326166687478,3401539.0,5282190.65,0.6439636933589286,1.6067512853741215,0.13394933218725352
MRPL,MRPL.NS,Mangalore Refinery & Petrochemicals Ltd.,Oil Gas & Consumable Fuels,312557076480.0,Energy,Oil & Gas Refining & Marketing,2026-03-14,2026-03-13,189.0500030517578,190.52999877929688,177.0399932861328,178.13999938964844,191.44000244140625,-6.947347932587144,8461555.0,11113421.15,0.7613816560888633,3.449705674541972,2.013895847363722
MANKIND,MANKIND.NS,Mankind Pharma Ltd.,Healthcare,882948702208.0,Healthcare,Drug Manufacturers - Specialty & Generic,2026-03-14,2026-03-13,2200.0,2205.0,2128.699951171875,2138.89990234375,2207.89990234375,-3.125141675433496,801825.0,597248.4,1.3425318510690023,2.284881142441147,1.3677480274070721
MARICO,MARICO.NS,Marico Ltd.,Fast Moving Consumer Goods,974778859520.0,Consumer Defensive,Household & Personal Products,2026-03-14,2026-03-13,754.0,767.5,750.3499755859375,752.4000244140625,757.1500244140625,-0.62735255191676,2232167.0,1594062.95,1.400300408462539,1.5638873860990457,0.4011494417648739
MARUTI,MARUTI.NS,Maruti Suzuki India Ltd.,Automobile and Auto Components,3958642573312.0,Consumer Cyclical,Auto Manufacturers,2026-03-14,2026-03-13,12899.0,12962.0,12483.0,12591.0,13011.0,-3.2280378141572474,938549.0,414028.25,2.2668718861575265,1.9693077806627082,1.6391738487271672
MFSL,MFSL.NS,Max Financial Services Ltd.,Financial Services,562234261504.0,Financial Services,Insurance - Life,2026-03-14,2026-03-13,1681.0,1700.699951171875,1623.5,1628.0999755859375,1696.199951171875,-4.014855414828212,1043993.0,818398.25,1.2756539985270008,1.5927105092445288,2.520769086111311
MAXHEALTH,MAXHEALTH.NS,Max Healthcare Institute Ltd.,Healthcare,964160389120.0,Healthcare,Medical Care Facilities,2026-03-14,2026-03-13,1014.0,1020.7999877929688,985.2999877929688,990.0,1020.4000244140625,-2.979226155107051,3267485.0,2825365.8,1.1564821093254545,1.3211174064562874,2.255080540569372
MAZDOCK,MAZDOCK.NS,Mazagoan Dock Shipbuilders Ltd.,Capital Goods,939068620800.0,Industrials,Aerospace & Defense,2026-03-14,2026-03-13,2434.0,2441.60009765625,2320.0,2328.0,2443.300048828125,-4.719029448856526,1698235.0,2310412.95,0.7350352671802675,3.1228683483828026,1.511120201817123
METROPOLIS,METROPOLIS.NS,Metropolis Healthcare Ltd.,Healthcare,93743251456.0,Healthcare,Diagnostics & Research,2026-03-14,2026-03-13,1825.0,1835.0,1801.0,1808.5999755859375,1823.9000244140625,-0.838864445601406,153578.0,35832.7,4.2859734265070735,1.6708151569965537,0.50206897039966
MINDACORP,MINDACORP.NS,Minda Corporation Ltd.,Automobile and Auto Components,113173299200.0,Consumer Cyclical,Auto Parts,2026-03-14,2026-03-13,476.45001220703125,486.25,473.29998779296875,480.8500061035156,481.1499938964844,-0.06234808204804709,201480.0,217023.75,0.9283776545193786,1.7425748047667742,0.03577928584614865
MSUMI,MSUMI.NS,Motherson Sumi Wiring India Ltd.,Automobile and Auto Components,259165372416.0,Consumer Cyclical,Auto Parts,2026-03-14,2026-03-13,39.650001525878906,39.900001525878906,38.79999923706055,39.08000183105469,40.060001373291016,-2.4463292776862433,5739912.0,4176484.0,1.3743407133847514,1.5151115828097759,1.6146198771377112
MOTILALOFS,MOTILALOFS.NS,Motilal Oswal Financial Services Ltd.,Financial Services,409269927936.0,Financial Services,Capital Markets,2026-03-14,2026-03-13,697.25,697.25,675.0,680.25,697.4000244140625,-2.4591373406491535,772125.0,678668.4,1.137705836900613,1.6483223632394184,1.4919031589283633
MPHASIS,MPHASIS.NS,MphasiS Ltd.,Information Technology,403220627456.0,Technology,Information Technology Services,2026-03-14,2026-03-13,2184.0,2185.199951171875,2100.0,2114.800048828125,2185.199951171875,-3.2216686764062974,322855.0,643943.95,0.5013712761801706,1.4833304339600568,2.17191571253978
MCX,MCX.NS,Multi Commodity Exchange of India Ltd.,Financial Services,635979825152.0,Financial Services,Financial Data & Stock Exchanges,2026-03-14,2026-03-13,2520.0,2544.0,2465.0,2498.800048828125,2526.10009765625,-1.0807192024359757,2434300.0,3076135.35,0.7913500945268874,1.7941755837070497,0.6023486286682374
MUTHOOTFIN,MUTHOOTFIN.NS,Muthoot Finance Ltd.,Financial Services,1338929446912.0,Financial Services,Credit Services,2026-03-14,2026-03-13,3238.10009765625,3355.0,3216.5,3333.199951171875,3244.0,2.7496902334116724,1425587.0,1218863.45,1.1696035351622038,3.280158289753691,0.8382797385116888
NATCOPHARM,NATCOPHARM.NS,NATCO Pharma Ltd.,Healthcare,171296964608.0,Healthcare,Drug Manufacturers - Specialty & Generic,2026-03-14,2026-03-13,1019.9500122070312,1019.9500122070312,951.0,955.8499755859375,1016.2000122070312,-5.938795108850936,845760.0,3130348.15,0.2701808103996356,3.15055518699462,1.8849995497193865
NBCC,NBCC.NS,NBCC (India) Ltd.,Construction,224639991808.0,Industrials,Engineering & Construction,2026-03-14,2026-03-13,85.94000244140625,86.30999755859375,83.0,83.19999694824219,86.58000183105469,-3.9039094609953584,8551423.0,9977978.7,0.857029590572287,1.8710929061388133,2.08643271971538
NCC,NCC.NS,NCC Ltd.,Construction,90585702400.0,Industrials,Engineering & Construction,2026-03-14,2026-03-13,148.6999969482422,149.19000244140625,142.89999389648438,144.27999877929688,149.5,-3.4916396125104554,3749388.0,3984274.8,0.9410465362479516,1.8844511180150525,1.8528682326280246
NHPC,NHPC.NS,NHPC Ltd.,Power,753176739840.0,Utilities,Utilities - Renewable,2026-03-14,2026-03-13,75.19999694824219,76.4800033569336,74.3499984741211,74.9800033569336,74.77999877929688,0.26745731599568945,26756357.0,15517749.75,1.724242073178168,1.486531248537898,0.17992041287981764
NLCINDIA,NLCINDIA.NS,NLC India Ltd.,Power,359832223744.0,Utilities,Utilities - Regulated Electric,2026-03-14,2026-03-13,267.0,274.8500061035156,257.20001220703125,259.5,265.25,-2.1677662582469392,4700907.0,2313795.25,2.0316866844635455,2.50164649050981,0.8665358061063098
NMDC,NMDC.NS,NMDC Ltd.,Metals & Mining,690948866048.0,Basic Materials,Steel,2026-03-14,2026-03-13,80.4000015258789,81.25,78.25,78.58999633789062,80.87000274658203,-2.8193475098994836,21706561.0,22589801.05,0.9609009371952835,2.3881904307617243,1.1805371437654741
NSLNISP,NSLNISP.NS,NMDC Steel Ltd.,Metals & Mining,107284406272.0,Basic Materials,Steel,2026-03-14,2026-03-13,38.0,38.0,36.5,36.599998474121094,37.88999938964844,-3.4045947118166775,3803379.0,3700807.95,1.0277158532368587,1.7305898592714037,1.9673030519490315
NTPCGREEN,NTPCGREEN.NS,NTPC Green Energy Ltd.,Power,827044265984.0,Utilities,Utilities - Renewable,2026-03-14,2026-03-13,98.30000305175781,104.7300033569336,94.05000305175781,98.1500015258789,97.6500015258789,0.5120327620962595,177672354.0,19419416.15,9.149211934469,3.0251904042392117,0.16925637519501116
NTPC,NTPC.NS,NTPC Ltd.,Power,3727883501568.0,Utilities,Utilities - Regulated Electric,2026-03-14,2026-03-13,391.8500061035156,394.5,383.20001220703125,384.45001220703125,390.54998779296875,-1.5618936823961982,27104384.0,12855215.85,2.1084347642439627,1.670296587229177,0.9350996070627156
NH,NH.NS,Narayana Hrudayalaya Ltd.,Healthcare,338933022720.0,Healthcare,Medical Care Facilities,2026-03-14,2026-03-13,1710.0,1710.0,1660.0,1668.800048828125,1705.5,-2.1518587611770723,445509.0,285110.2,1.562585274044913,1.5233961521906658,1.412540499122745
NATIONALUM,NATIONALUM.NS,National Aluminium Co. Ltd.,Metals & Mining,712211562496.0,Basic Materials,Aluminum,2026-03-14,2026-03-13,408.6499938964844,411.70001220703125,381.25,387.3500061035156,409.1499938964844,-5.328116367633184,28465790.0,14037786.25,2.0277976522117225,2.9178089367835067,1.8260676017761184
NAVA,NAVA.NS,Nava Ltd.,Power,156131803136.0,Industrials,Conglomerates,2026-03-14,2026-03-13,568.0,572.9000244140625,545.0,551.7000122070312,575.5,-4.135532196866853,327381.0,275828.25,1.1869016317219139,2.3725383362380525,1.7430834029953932
NAVINFLUOR,NAVINFLUOR.NS,Navin Fluorine International Ltd.,Chemicals,316795289600.0,Basic Materials,Chemicals,2026-03-14,2026-03-13,6201.0,6260.0,6034.0,6172.0,6220.0,-0.7717041800643032,257281.0,185850.55,1.384343495351507,2.8922665329518984,0.2668164124129626
NESTLEIND,NESTLEIND.NS,Nestle India Ltd.,Fast Moving Consumer Goods,2318219345920.0,Consumer Defensive,Packaged Foods,2026-03-14,2026-03-13,1219.0,1238.5999755859375,1200.5999755859375,1202.199951171875,1220.800048828125,-1.5235990262373211,1681355.0,984062.55,1.7085854959118199,1.1966820365535642,1.273186176192028
NETWEB,NETWEB.NS,Netweb Technologies India Ltd.,Information Technology,181004582912.0,Technology,Computer Hardware,2026-03-14,2026-03-13,3210.0,3248.0,3136.10009765625,3176.0,3226.199951171875,-1.556008676822418,1028759.0,3490730.95,0.2947116276606766,3.7963325574556492,0.40987154135550097
NEULANDLAB,NEULANDLAB.NS,Neuland Laboratories Ltd.,Healthcare,156065497088.0,Healthcare,Drug Manufacturers - Specialty & Generic,2026-03-14,2026-03-13,12637.0,12637.0,12013.0,12152.0,12574.0,-3.3561317003340196,50055.0,47481.85,1.0541922861051118,2.899609164166639,1.1574427829133267
NEWGEN,NEWGEN.NS,Newgen Software Technologies Ltd.,Information Technology,62214270976.0,Technology,Software - Infrastructure,2026-03-14,2026-03-13,447.54998779296875,451.0,436.8999938964844,441.8999938964844,451.8500061035156,-2.202060876978673,1153113.0,10939215.25,0.10541094344038984,6.2141543428381665,0.3543621151792851
NAM-INDIA,NAM-INDIA.NS,Nippon Life India Asset Management Ltd.,Financial Services,524879200256.0,Financial Services,Asset Management,2026-03-14,2026-03-13,840.0,844.9500122070312,816.5,823.6500244140625,846.3499755859375,-2.682099820013528,372256.0,633172.7,0.5879217470999619,3.0248320507407955,0.8866937982082904
NIVABUPA,NIVABUPA.NS,Niva Bupa Health Insurance Company Ltd.,Financial Services,133552463872.0,Financial Services,Insurance - Life,2026-03-14,2026-03-13,69.5,77.0,69.0199966430664,72.30000305175781,70.05999755859375,3.197267443937135,22415605.0,1875462.7,11.952039888609889,1.3822818862907909,2.3130357676296174
NUVAMA,NUVAMA.NS,Nuvama Wealth Management Ltd.,Financial Services,211022888960.0,Financial Services,Asset Management,2026-03-14,2026-03-13,1189.0,1189.0,1152.0,1158.5999755859375,1183.800048828125,-2.12874406173017,272601.0,352746.95,0.7727947754048617,1.7892566790070836,1.1897365463022773
NUVOCO,NUVOCO.NS,Nuvoco Vistas Corporation Ltd.,Construction Materials,104400887808.0,Basic Materials,Building Materials,2026-03-14,2026-03-13,294.5,294.5,285.04998779296875,292.1000061035156,294.29998779296875,-0.7475303366307751,304752.0,359689.35,0.8472644519499952,2.0110892629860553,0.3717042054716387
OBEROIRLTY,OBEROIRLTY.NS,Oberoi Realty Ltd.,Realty,528065789952.0,Real Estate,Real Estate - Development,2026-03-14,2026-03-13,1460.0,1470.4000244140625,1440.5999755859375,1452.0999755859375,1470.300048828125,-1.237847557489613,703160.0,472784.65,1.4872733283536173,1.3574101753201777,0.911918578478047
ONGC,ONGC.NS,Oil & Natural Gas Corporation Ltd.,Oil Gas & Consumable Fuels,3322451853312.0,Energy,Oil & Gas Integrated,2026-03-14,2026-03-13,270.54998779296875,271.29998779296875,263.45001220703125,264.1000061035156,270.54998779296875,-2.384025866003292,18408935.0,26295699.15,0.7000739890956655,1.7482956581116476,1.3636285458595163
OIL,OIL.NS,Oil India Ltd.,Oil Gas & Consumable Fuels,765670785024.0,Energy,Oil & Gas Integrated,2026-03-14,2026-03-13,481.0,483.3500061035156,467.3500061035156,470.54998779296875,479.29998779296875,-1.8255790158249519,4295392.0,7532684.35,0.5702339034025765,2.1016417532235367,0.8686442458734203
OLAELEC,OLAELEC.NS,Ola Electric Mobility Ltd.,Automobile and Auto Components,96847724544.0,Consumer Cyclical,Auto Manufacturers,2026-03-14,2026-03-13,23.700000762939453,23.899999618530273,23.0,23.06999969482422,23.700000762939453,-2.6582322693440186,32381896.0,67394149.0,0.48048527180007866,2.4868927146841164,1.0688970431447284
OLECTRA,OLECTRA.NS,Olectra Greentech Ltd.,Automobile and Auto Components,72267988992.0,Industrials,Farm & Heavy Construction Machinery,2026-03-14,2026-03-13,899.0499877929688,899.2999877929688,878.0,880.4500122070312,903.75,-2.5781452606327804,358972.0,421970.1,0.8507048248205265,2.356034885333452,1.0942729569421858
PAYTM,PAYTM.NS,One 97 Communications Ltd.,Financial Services,624812621824.0,Technology,Software - Infrastructure,2026-03-14,2026-03-13,1005.0,1005.5,966.7000122070312,976.2000122070312,1009.0999755859375,-3.2603274378044445,3060617.0,3009059.15,1.0171342095418763,2.1691574796333186,1.5030386075775286
ONESOURCE,ONESOURCE.NS,Onesource Specialty Pharma Ltd.,Healthcare,171606147072.0,Healthcare,Biotechnology,2026-03-14,2026-03-13,1463.0,1501.0,1395.0,1491.199951171875,1469.199951171875,1.4974136081649103,185307.0,284466.45,0.6514195259230042,3.1932497276954193,0.4689309436645907
OFSS,OFSS.NS,Oracle Financial Services Software Ltd.,Information Technology,567952539648.0,Technology,Software - Infrastructure,2026-03-14,2026-03-13,6677.0,6686.0,6500.0,6526.0,6694.5,-2.516991560236015,95991.0,158536.35,0.6054825912164623,1.7599253870038716,1.4301694712870676
POLICYBZR,POLICYBZR.NS,PB Fintech Ltd.,Financial Services,669780606976.0,Financial Services,Insurance Brokers,2026-03-14,2026-03-13,1444.9000244140625,1459.800048828125,1429.9000244140625,1446.0,1462.699951171875,-1.1417209085496594,1090243.0,1771201.95,0.6155385047989587,1.6527070888804407,0.6908186672830645
PCBL,PCBL.NS,PCBL Chemical Ltd.,Chemicals,99624730624.0,Basic Materials,Specialty Chemicals,2026-03-14,2026-03-13,271.20001220703125,271.3500061035156,252.10000610351562,253.1999969482422,272.0,-6.911765827852134,1324008.0,2196834.85,0.6026889094553466,2.8906387669058033,2.3910859796745285
PGEL,PGEL.NS,PG Electroplast Ltd.,Consumer Durables,142912782336.0,Technology,Electronic Components,2026-03-14,2026-03-13,530.0,534.4000244140625,490.6499938964844,502.20001220703125,532.2000122070312,-5.636978450186447,10929756.0,3154437.95,3.4648822304461557,3.954019380551844,1.425632478665221
PIIND,PIIND.NS,PI Industries Ltd.,Chemicals,439378083840.0,Basic Materials,Agricultural Inputs,2026-03-14,2026-03-13,2940.10009765625,2958.0,2840.10009765625,2896.300048828125,2952.39990234375,-1.900144132611925,339125.0,300552.65,1.1283380798672045,1.447950626821042,1.3122989813428019
PNBHOUSING,PNBHOUSING.NS,PNB Housing Finance Ltd.,Financial Services,199002488832.0,Financial Services,Mortgage Finance,2026-03-14,2026-03-13,776.5,780.0,761.5499877929688,763.9000244140625,780.1500244140625,-2.0829327041558043,1112557.0,844346.05,1.3176552433685216,2.066947138790583,1.0077339013974858
PTCIL,PTCIL.NS,PTC Industries Ltd.,Capital Goods,254858346496.0,Industrials,Metal Fabrication,2026-03-14,2026-03-13,17772.0,17912.0,16935.0,16999.0,17958.0,-5.34023833389019,16740.0,15521.3,1.0785179076494882,1.8115306809347298,2.9479149263619906
PVRINOX,PVRINOX.NS,PVR INOX Ltd.,Media Entertainment & Publication,95636946944.0,Communication Services,Entertainment,2026-03-14,2026-03-13,995.0,1001.2999877929688,963.4000244140625,973.9000244140625,996.2999877929688,-2.2483151313217653,315544.0,296808.35,1.0631237295042408,1.5386035100646231,1.4612699871114512
PAGEIND,PAGEIND.NS,Page Industries Ltd.,Textiles,337999888384.0,Consumer Cyclical,Apparel Manufacturing,2026-03-14,2026-03-13,30845.0,30845.0,30010.0,30285.0,30860.0,-1.863253402462739,25466.0,20323.2,1.2530507006770586,1.3045773207158913,1.428242981750037
PATANJALI,PATANJALI.NS,Patanjali Foods Ltd.,Fast Moving Consumer Goods,525591904256.0,Consumer Defensive,Packaged Foods,2026-03-14,2026-03-13,492.0,494.45001220703125,480.04998779296875,481.6000061035156,490.6000061035156,-1.8344883587508631,1946261.0,1902539.75,1.0229804659797515,1.1123757822310059,1.649162439577363
PERSISTENT,PERSISTENT.NS,Persistent Systems Ltd.,Information Technology,725350219776.0,Technology,Information Technology Services,2026-03-14,2026-03-13,4698.0,4730.0,4567.10009765625,4638.7998046875,4714.39990234375,-1.603599593209426,499100.0,1009050.0,0.4946236559139785,2.2624021569088932,0.7088039534935799
PETRONET,PETRONET.NS,Petronet LNG Ltd.,Oil Gas & Consumable Fuels,429450002432.0,Energy,Oil & Gas Refining & Marketing,2026-03-14,2026-03-13,296.70001220703125,297.70001220703125,285.1000061035156,286.29998779296875,296.70001220703125,-3.5052322164400795,1996328.0,5904220.55,0.3381188055381841,3.303072640794813,1.0612034906978676
PFIZER,PFIZER.NS,Pfizer Ltd.,Healthcare,211491766272.0,Healthcare,Drug Manufacturers - General,2026-03-14,2026-03-13,4686.0,4690.5,4590.5,4623.0,4695.0,-1.5335463258785986,15859.0,15072.7,1.0521671631492697,1.5552130893067957,0.9860682992078889
PHOENIXLTD,PHOENIXLTD.NS,Phoenix Mills Ltd.,Realty,560538976256.0,Real Estate,Real Estate - Diversified,2026-03-14,2026-03-13,1542.0,1575.5999755859375,1528.199951171875,1565.5,1560.199951171875,0.3397031786947613,551464.0,370785.9,1.4872841712697273,1.492951734137917,0.22753795111194125
PIDILITIND,PIDILITIND.NS,Pidilite Industries Ltd.,Chemicals,1363806781440.0,Basic Materials,Specialty Chemicals,2026-03-14,2026-03-13,1380.0,1391.9000244140625,1334.199951171875,1340.0,1387.4000244140625,-3.4164641473233948,878118.0,714878.45,1.2283458817369584,1.6055219172404056,2.1279461280700938
PPLPHARMA,PPLPHARMA.NS,Piramal Pharma Ltd.,Healthcare,185116688384.0,Healthcare,Drug Manufacturers - Specialty & Generic,2026-03-14,2026-03-13,142.60000610351562,145.19000244140625,139.0800018310547,139.80999755859375,145.5399932861328,-3.937059222116246,4461450.0,2716905.3,1.6421072902320153,2.155812214278242,1.826253323940072
POLYMED,POLYMED.NS,Poly Medicure Ltd.,Healthcare,127884451840.0,Healthcare,Medical Instruments & Supplies,2026-03-14,2026-03-13,1312.5,1315.5,1256.0,1260.199951171875,1312.300048828125,-3.9701360754177406,170241.0,298629.3,0.5700746711725876,2.794487014017293,1.4207029968303058
POLYCAB,POLYCAB.NS,Polycab India Ltd.,Capital Goods,1084120891392.0,Industrials,Electrical Equipment & Parts,2026-03-14,2026-03-13,7429.5,7429.5,7118.0,7193.5,7455.0,-3.507712944332664,629193.0,525969.8,1.196253092858183,2.5846373785370407,1.3571392929085098
POONAWALLA,POONAWALLA.NS,Poonawalla Fincorp Ltd.,Financial Services,329963634688.0,Financial Services,Credit Services,2026-03-14,2026-03-13,409.1000061035156,410.6000061035156,400.1499938964844,408.3500061035156,410.95001220703125,-0.6326818411689916,1081004.0,1268668.15,0.8520778266562459,2.0517822005994333,0.30835721305319447
PFC,PFC.NS,Power Finance Corporation Ltd.,Financial Services,1338521288704.0,Financial Services,Credit Services,2026-03-14,2026-03-13,414.29998779296875,418.25,402.04998779296875,405.6000061035156,415.8999938964844,-2.4765539658873736,11200956.0,7596739.4,1.474442574665652,2.412831542589187,1.0264098102886232
POWERGRID,POWERGRID.NS,Power Grid Corporation of India Ltd.,Power,2799016869888.0,Utilities,Utilities - Regulated Electric,2026-03-14,2026-03-13,308.6499938964844,309.5,298.70001220703125,300.95001220703125,303.6000061035156,-0.8728569971045541,23614762.0,15863341.45,1.4886373135465731,1.7082049383272846,0.5109790854247716
PRAJIND,PRAJIND.NS,Praj Industries Ltd.,Capital Goods,55585075200.0,Industrials,Engineering & Construction,2026-03-14,2026-03-13,314.45001220703125,318.3999938964844,300.0,302.3999938964844,314.45001220703125,-3.8320934465772116,1920514.0,4755391.9,0.40386030013635676,3.5773858382514496,1.0711993673151727
PREMIERENE,PREMIERENE.NS,Premier Energies Ltd.,Capital Goods,351138578432.0,Technology,Solar,2026-03-14,2026-03-13,781.9500122070312,804.0,773.25,781.8499755859375,789.3499755859375,-0.9501488860416685,2918474.0,2301212.45,1.2682331872487478,2.334316316800725,0.40703519021958684
PRESTIGE,PRESTIGE.NS,Prestige Estates Projects Ltd.,Realty,541427924992.0,Real Estate,Real Estate - Diversified,2026-03-14,2026-03-13,1250.0,1268.0999755859375,1222.0,1257.0,1252.699951171875,0.34326247271760923,658113.0,742775.75,0.886018424807218,1.6300812114080514,0.2105799823440096
PGHH,PGHH.NS,Procter & Gamble Hygiene & Health Care Ltd.,Fast Moving Consumer Goods,341551874048.0,Consumer Defensive,Household & Personal Products,2026-03-14,2026-03-13,10840.0,10840.0,10499.0,10522.0,10821.0,-2.763145735144623,20278.0,8315.5,2.4385785581143646,1.0772041515657744,2.5651086946965824
PNB,PNB.NS,Punjab National Bank,Financial Services,1283969515520.0,Financial Services,Banks - Regional,2026-03-14,2026-03-13,116.0,116.2699966430664,111.5,111.69999694824219,116.61000061035156,-4.210619703635876,18639994.0,21228788.85,0.8780526355840597,2.2743948608485223,1.8513142885246385
RRKABEL,RRKABEL.NS,R R Kabel Ltd.,Capital Goods,151906025472.0,Industrials,Electrical Equipment & Parts,2026-03-14,2026-03-13,1420.0,1423.800048828125,1336.300048828125,1343.0999755859375,1433.800048828125,-6.325852291351131,186120.0,307736.55,0.6048030368833341,2.2811159625059068,2.773139285914208
RBLBANK,RBLBANK.NS,RBL Bank Ltd.,Financial Services,182188343296.0,Financial Services,Banks - Regional,2026-03-14,2026-03-13,297.0,298.0,293.54998779296875,294.75,299.79998779296875,-1.6844523010641654,2827049.0,6040616.9,0.46800666998100804,1.9727929587337778,0.853841399629345
RECLTD,RECLTD.NS,REC Ltd.,Financial Services,873036120064.0,Financial Services,Credit Services,2026-03-14,2026-03-13,341.79998779296875,345.04998779296875,330.5,331.5,343.5,-3.4934497816593857,6558831.0,6591444.1,0.9950522071483547,2.347541569066005,1.4881311699410258
RHIM,RHIM.NS,RHI MAGNESITA INDIA LTD.,Capital Goods,77541285888.0,Industrials,Metal Fabrication,2026-03-14,2026-03-13,382.0,383.95001220703125,364.0,375.5,380.8999938964844,-1.4176933533771363,255230.0,327339.5,0.7797103618720014,2.60439118574895,0.5443473166145919
RITES,RITES.NS,RITES Ltd.,Construction,94602043392.0,Industrials,Engineering & Construction,2026-03-14,2026-03-13,198.1999969482422,200.0800018310547,196.30999755859375,196.83999633789062,199.64999389648438,-1.4074618805401506,488461.0,503756.4,0.9696373088262501,1.7851344509319536,0.7884346637337967
RADICO,RADICO.NS,Radico Khaitan Ltd,Fast Moving Consumer Goods,374915170304.0,Consumer Defensive,Beverages - Wineries & Distilleries,2026-03-14,2026-03-13,2850.0,2880.10009765625,2785.0,2800.10009765625,2857.5,-2.008745488845143,445608.0,403554.5,1.1042077340235334,2.4557058193139225,0.8179910936589091
RVNL,RVNL.NS,Rail Vikas Nigam Ltd.,Construction,565719990272.0,Industrials,Engineering & Construction,2026-03-14,2026-03-13,278.0,280.3500061035156,270.3500061035156,271.25,279.6000061035156,-2.9864112736908255,4560974.0,7640162.95,0.5969733930871199,2.374476450522138,1.2577135785171192
RAILTEL,RAILTEL.NS,Railtel Corporation Of India Ltd.,Telecommunication,89220874240.0,Communication Services,Telecom Services,2026-03-14,2026-03-13,285.0,285.79998779296875,276.75,278.0,287.1000061035156,-3.1696293660943176,655400.0,1113361.65,0.5886676624796624,2.430875951953166,1.3039042010957311
RAINBOW,RAINBOW.NS,Rainbow Childrens Medicare Ltd.,Healthcare,114991874048.0,Healthcare,Medical Care Facilities,2026-03-14,2026-03-13,1163.0999755859375,1165.0,1130.4000244140625,1132.699951171875,1174.0,-3.517891723008948,121673.0,97954.95,1.242132225068769,1.6437867701486177,2.140114391291085
RKFORGE,RKFORGE.NS,Ramkrishna Forgings Ltd.,Automobile and Auto Components,101272100864.0,Industrials,Metal Fabrication,2026-03-14,2026-03-13,560.0999755859375,565.6500244140625,534.3499755859375,559.25,560.0999755859375,-0.1517542622722523,536535.0,346973.95,1.5463264605311147,1.7586245247699968,0.08629145115106343
RCF,RCF.NS,Rashtriya Chemicals & Fertilizers Ltd.,Chemicals,66974941184.0,Basic Materials,Agricultural Inputs,2026-03-14,2026-03-13,119.0,127.4000015258789,118.80000305175781,121.4000015258789,120.66999816894531,0.6049584553001752,11848956.0,6297998.85,1.8813842749431433,4.349855754100344,0.13907552100547652
REDINGTON,REDINGTON.NS,Redington Ltd.,Services,183365189632.0,Technology,Information Technology Services,2026-03-14,2026-03-13,245.75,246.89999389648438,232.64999389648438,234.5500030517578,245.5500030517578,-4.479739304943675,3342248.0,11695948.4,0.28576117863173883,5.1955430503245505,0.8622273478542034
RELIANCE,RELIANCE.NS,Reliance Industries Ltd.,Oil Gas & Consumable Fuels,18684284239872.0,Energy,Oil & Gas Refining & Marketing,2026-03-14,2026-03-13,1385.199951171875,1400.800048828125,1378.4000244140625,1380.699951171875,1392.199951171875,-0.8260307716804527,17263343.0,15859316.2,1.088530096902917,1.5169172367588524,0.5445457086672743
RELINFRA,RELINFRA.NS,Reliance Infrastructure Ltd.,Power,34954637312.0,Utilities,Utilities - Independent Power Producers,2026-03-14,2026-03-13,89.0,91.19999694824219,85.4000015258789,85.5,89.88999938964844,-4.883746155808721,1500866.0,1704192.95,0.8806901824115633,3.7641662019330724,1.2974310627678163
RPOWER,RPOWER.NS,Reliance Power Ltd.,Power,92020899840.0,Utilities,Utilities - Independent Power Producers,2026-03-14,2026-03-13,23.709999084472656,24.059999465942383,22.049999237060547,22.25,23.65999984741211,-5.959424583708661,54124774.0,41517341.65,1.3036666570871356,2.4449088108163806,2.437483376616712
SBFC,SBFC.NS,SBFC Finance Ltd.,Financial Services,100563836928.0,Financial Services,Credit Services,2026-03-14,2026-03-13,92.0,92.80000305175781,90.47000122070312,90.94999694824219,92.52999877929688,-1.7075563081150769,916057.0,884354.8,1.035847829400598,1.4866509734553053,1.1485926008216567
SBICARD,SBICARD.NS,SBI Cards and Payment Services Ltd.,Financial Services,670816141312.0,Financial Services,Credit Services,2026-03-14,2026-03-13,703.1500244140625,708.2000122070312,697.5,704.9000244140625,710.25,-0.7532524584213274,1338658.0,1372752.55,0.9751633679354665,1.3555106888792487,0.5556964357426977
SBILIFE,SBILIFE.NS,SBI Life Insurance Company Ltd.,Financial Services,1910145155072.0,Financial Services,Insurance - Life,2026-03-14,2026-03-13,1932.5,1938.9000244140625,1900.4000244140625,1904.4000244140625,1939.4000244140625,-1.8046818376510232,989727.0,885738.4,1.1174032874717863,1.6633677301862728,1.0849566243833078
SJVN,SJVN.NS,SJVN Ltd.,Power,274653380608.0,Utilities,Utilities - Renewable,2026-03-14,2026-03-13,72.80000305175781,73.80999755859375,69.55000305175781,69.88999938964844,72.3499984741211,-3.4001370232959682,7877969.0,4673871.65,1.6855338763956,2.4891828867631203,1.3659651291100723
SRF,SRF.NS,SRF Ltd.,Chemicals,740973150208.0,Industrials,Conglomerates,2026-03-14,2026-03-13,2609.89990234375,2623.5,2491.300048828125,2499.699951171875,2626.300048828125,-4.820473491318711,649363.0,469475.25,1.3831676962736588,2.4403407498275467,1.975328032226386
SAGILITY,SAGILITY.NS,Sagility Ltd.,Information Technology,177094672384.0,Healthcare,Health Information Services,2026-03-14,2026-03-13,39.150001525878906,39.400001525878906,37.619998931884766,37.83000183105469,39.4900016784668,-4.2035952819857165,19754475.0,36475259.5,0.5415855917351321,2.535262475351341,1.6580513153389278
SAILIFE,SAILIFE.NS,Sai Life Sciences Ltd.,Healthcare,201825615872.0,Healthcare,Diagnostics & Research,2026-03-14,2026-03-13,998.0,1005.4000244140625,938.0,953.0499877929688,1008.8499755859375,-5.531049129535859,646659.0,690544.15,0.9364484515580936,2.742941369595267,2.0164664075018086
SAMMAANCAP,SAMMAANCAP.NS,Sammaan Capital Ltd.,Financial Services,114319663104.0,Financial Services,Mortgage Finance,2026-03-14,2026-03-13,142.4199981689453,143.0,139.3000030517578,140.1199951171875,142.4199981689453,-1.6149438852185893,5014862.0,9499343.4,0.5279166979056679,1.9894918134241084,0.8117368839226909
MOTHERSON,MOTHERSON.NS,Samvardhana Motherson International Ltd.,Automobile and Auto Components,1201306730496.0,Consumer Cyclical,Auto Parts,2026-03-14,2026-03-13,118.98999786376953,119.58999633789062,113.37000274658203,113.81999969482422,120.16999816894531,-5.284179554695278,27421646.0,17205961.55,1.593729354811908,2.5687111982052904,2.0571326034578092
SAPPHIRE,SAPPHIRE.NS,Sapphire Foods India Ltd.,Consumer Services,52298539008.0,Consumer Cyclical,Restaurants,2026-03-14,2026-03-13,170.0,170.0,153.52999877929688,162.5399932861328,169.3300018310547,-4.009926458098345,4045987.0,698768.5,5.790167988396729,2.6544730564308265,1.5106299340216494
SARDAEN,SARDAEN.NS,Sarda Energy and Minerals Ltd.,Metals & Mining,186885406720.0,Basic Materials,Steel,2026-03-14,2026-03-13,546.0,548.0,525.2000122070312,530.3499755859375,550.5999755859375,-3.677806192862676,416045.0,737539.85,0.5640983331273558,2.4891881816831605,1.4775123150294671
SAREGAMA,SAREGAMA.NS,Saregama India Ltd,Media Entertainment & Publication,65816219648.0,Communication Services,Entertainment,2026-03-14,2026-03-13,341.0,351.8999938964844,336.0,342.6000061035156,347.54998779296875,-1.4242502843653582,723819.0,279148.55,2.5929527486350907,2.3319024618804747,0.6107675203605323
SCHAEFFLER,SCHAEFFLER.NS,Schaeffler India Ltd.,Automobile and Auto Components,598736830464.0,Consumer Cyclical,Auto Parts,2026-03-14,2026-03-13,3988.60009765625,3988.60009765625,3806.199951171875,3830.60009765625,3988.60009765625,-3.961289578587801,76887.0,159658.35,0.48157205683260534,2.5041231973879507,1.5819068257982754
SCHNEIDER,SCHNEIDER.NS,Schneider Electric Infrastructure Ltd.,Capital Goods,211774439424.0,Industrials,Electrical Equipment & Parts,2026-03-14,2026-03-13,907.7999877929688,907.7999877929688,862.0999755859375,885.7000122070312,907.4500122070312,-2.396826239177774,148239.0,628110.4,0.2360078737750561,3.22981534047061,0.7420938928442073
SCI,SCI.NS,Shipping Corporation of India Ltd.,Services,111279382528.0,Industrials,Marine Shipping,2026-03-14,2026-03-13,251.85000610351562,253.35000610351562,238.0,238.89999389648438,250.6999969482422,-4.706822176066461,4000382.0,5053464.0,0.7916118527805878,2.812688800258951,1.673424438435253
SHREECEM,SHREECEM.NS,Shree Cement Ltd.,Construction Materials,828594388992.0,Basic Materials,Building Materials,2026-03-14,2026-03-13,23500.0,23505.0,22855.0,22965.0,23500.0,-2.276595744680854,48594.0,30789.95,1.5782422511241492,1.655452882023668,1.3752102336478975
SHRIRAMFIN,SHRIRAMFIN.NS,Shriram Finance Ltd.,Financial Services,1888301481984.0,Financial Services,Credit Services,2026-03-14,2026-03-13,1021.2999877929688,1028.0,994.7000122070312,1003.5999755859375,1031.699951171875,-2.723657741189156,6562507.0,5922285.95,1.1081037044487863,2.731035507809718,0.9972985460645003
SHYAMMETL,SHYAMMETL.NS,Shyam Metalics and Energy Ltd.,Capital Goods,214208069632.0,Basic Materials,Steel,2026-03-14,2026-03-13,778.0,779.7999877929688,766.2999877929688,769.9000244140625,779.7999877929688,-1.2695516201437274,179230.0,134202.0,1.3355240607442511,1.8779006556408555,0.6760483395808167
ENRIN,ENRIN.NS,Siemens Energy India Ltd.,Capital Goods,996033429504.0,Utilities,Utilities - Renewable,2026-03-14,2026-03-13,2866.89990234375,2930.0,2776.0,2796.89990234375,2866.89990234375,-2.441661808379625,229851.0,432884.85,0.5309749232388244,1.9641977870285974,1.243083473825376
SIEMENS,SIEMENS.NS,Siemens Ltd.,Capital Goods,1142292217856.0,Industrials,Specialty Industrial Machinery,2026-03-14,2026-03-13,3324.0,3361.89990234375,3195.89990234375,3207.60009765625,3324.699951171875,-3.5221179425334315,312589.0,432335.5,0.7230241328782855,2.3599789764422137,1.4924361520555578
SIGNATURE,SIGNATURE.NS,Signatureglobal (India) Ltd.,Realty,112928440320.0,Real Estate,Real Estate - Development,2026-03-14,2026-03-13,818.2999877929688,820.0499877929688,781.2999877929688,803.7000122070312,814.7000122070312,-1.3501902338507232,412285.0,484558.75,0.8508462596124825,3.244057873594328,0.4162041142486614
SOBHA,SOBHA.NS,Sobha Ltd.,Realty,138386292736.0,Real Estate,Real Estate - Development,2026-03-14,2026-03-13,1342.9000244140625,1347.0,1285.0,1294.4000244140625,1340.300048828125,-3.424608128172091,233073.0,105329.8,2.212792581016958,2.1636494807339544,1.5827924803283724
SOLARINDS,SOLARINDS.NS,Solar Industries India Ltd.,Chemicals,1289573761024.0,Basic Materials,Specialty Chemicals,2026-03-14,2026-03-13,14500.0,14580.0,14201.0,14251.0,14525.0,-1.8864027538726291,162608.0,194088.3,0.8378042365253341,1.879720517054869,1.0035549097629843
SONACOMS,SONACOMS.NS,Sona BLW Precision Forgings Ltd.,Automobile and Auto Components,302248689664.0,Consumer Cyclical,Auto Parts,2026-03-14,2026-03-13,509.3500061035156,511.5,484.0,486.04998779296875,510.29998779296875,-4.752106717634952,1135842.0,1324654.65,0.857462735664726,1.9552266557633615,2.430463344813407
SONATSOFTW,SONATSOFTW.NS,Sonata Software Ltd.,Information Technology,65416724480.0,Technology,Information Technology Services,2026-03-14,2026-03-13,241.25,242.4499969482422,231.4499969482422,235.75,242.4499969482422,-2.763455158827033,568958.0,1159713.1,0.4906023739837033,1.8878971484317095,1.4637742109641174
STARHEALTH,STARHEALTH.NS,Star Health and Allied Insurance Company Ltd.,Financial Services,272811966464.0,Financial Services,Insurance - Life,2026-03-14,2026-03-13,455.0,467.75,455.0,463.6000061035156,462.29998779296875,0.2812066504161548,581873.0,453071.7,1.2842845845370612,1.5801594710012836,0.17796093089133935
SBIN,SBIN.NS,State Bank of India,Financial Services,9664456556544.0,Financial Services,Banks - Regional,2026-03-14,2026-03-13,1077.5,1081.300048828125,1042.300048828125,1047.0,1085.199951171875,-3.5200841218822387,15975539.0,15443227.4,1.0344689349067022,1.481841410141543,2.3754796551042574
SAIL,SAIL.NS,Steel Authority of India Ltd.,Metals & Mining,619124424704.0,Basic Materials,Steel,2026-03-14,2026-03-13,152.25999450683594,154.25,144.25,149.88999938964844,153.64999389648438,-2.4471166001927003,24149608.0,21465052.3,1.125066347963196,2.157643901114655,1.1341614799960742
SUMICHEM,SUMICHEM.NS,Sumitomo Chemical India Ltd.,Chemicals,190299308032.0,Basic Materials,Agricultural Inputs,2026-03-14,2026-03-13,389.8999938964844,389.8999938964844,376.6000061035156,381.25,388.54998779296875,-1.8787769971204904,186205.0,209053.1,0.8907067151838456,1.3519742915266826,1.3896543809268216
SUNPHARMA,SUNPHARMA.NS,Sun Pharmaceutical Industries Ltd.,Healthcare,4322641838080.0,Healthcare,Drug Manufacturers - Specialty & Generic,2026-03-14,2026-03-13,1822.0,1833.300048828125,1797.0,1801.5999755859375,1825.300048828125,-1.29842067650211,2554604.0,2444282.9,1.0451343418554375,1.0796596159633973,1.202620397488433
SUNTV,SUNTV.NS,Sun TV Network Ltd.,Media Entertainment & Publication,221790814208.0,Communication Services,Broadcasting,2026-03-14,2026-03-13,583.7999877929688,585.5999755859375,560.4000244140625,562.7999877929688,593.2999877929688,-5.140738349491237,273721.0,241050.1,1.1355357247310829,2.853469910817136,1.8015744024506308
SUNDARMFIN,SUNDARMFIN.NS,Sundaram Finance Ltd.,Financial Services,566329671680.0,Financial Services,Credit Services,2026-03-14,2026-03-13,5347.5,5347.5,5051.5,5138.5,5347.5,-3.9083683964469373,42319.0,72119.75,0.586787946436309,2.28705321912282,1.7089101223214906
SUNDRMFAST,SUNDRMFAST.NS,Sundram Fasteners Ltd.,Automobile and Auto Components,172778045440.0,Consumer Cyclical,Auto Parts,2026-03-14,2026-03-13,818.1500244140625,829.0,802.2999877929688,822.25,830.2000122070312,-0.9576020344659653,116845.0,213962.55,0.5461002404392732,1.4428748515266172,0.6636764328193713
SUPREMEIND,SUPREMEIND.NS,Supreme Industries Ltd.,Capital Goods,493903380480.0,Industrials,Building Products & Equipment,2026-03-14,2026-03-13,4005.60009765625,4015.89990234375,3875.5,3886.5,4043.699951171875,-3.8875275878547333,247806.0,308202.9,0.8040352637823979,1.9372011429697615,2.00677539447199
SUZLON,SUZLON.NS,Suzlon Energy Ltd.,Capital Goods,567927832576.0,Industrials,Specialty Industrial Machinery,2026-03-14,2026-03-13,42.41999816894531,42.83000183105469,40.97999954223633,41.40999984741211,42.43000030517578,-2.4039605242219375,79404288.0,65175898.8,1.2183075256646865,1.9116208911577361,1.257550874936309
SWANCORP,SWANCORP.NS,Swan Corp Ltd.,Chemicals,109189054464.0,Industrials,Conglomerates,2026-03-14,2026-03-13,360.75,361.5,338.70001220703125,346.8999938964844,361.75,-4.105046607744467,904656.0,1009441.1,0.8961949340085321,2.4290951592776566,1.689948865142521
SWIGGY,SWIGGY.NS,Swiggy Ltd.,Consumer Services,732598435840.0,Consumer Cyclical,Internet Retail,2026-03-14,2026-03-13,281.0,287.75,280.1000061035156,282.1499938964844,280.8999938964844,0.44499822967623004,13146694.0,8819047.75,1.4907158201972543,1.8252881712256868,0.24379615048806913
SYNGENE,SYNGENE.NS,Syngene International Ltd.,Healthcare,169155084288.0,Healthcare,Diagnostics & Research,2026-03-14,2026-03-13,405.8999938964844,428.0,405.0,420.8500061035156,404.1000061035156,4.145013547886278,9786408.0,1470052.8,6.657181293080085,1.7634140849809083,2.3505616651185783
SYRMA,SYRMA.NS,Syrma SGS Technology Ltd.,Capital Goods,139622285312.0,Technology,Electronic Components,2026-03-14,2026-03-13,748.0,762.0,719.3499755859375,724.5499877929688,750.2000122070312,-3.4190914418412377,820548.0,896567.75,0.9152102560012894,2.5350053543705133,1.3487511716480214
TBOTEK,TBOTEK.NS,TBO Tek Ltd.,Consumer Services,123838767104.0,Consumer Cyclical,Travel Services,2026-03-14,2026-03-13,1219.0,1219.4000244140625,1152.5,1162.4000244140625,1212.4000244140625,-4.124051385116423,56244.0,134101.75,0.41941287119668463,2.3022860473444875,1.7912854008185488
TVSMOTOR,TVSMOTOR.NS,TVS Motor Company Ltd.,Automobile and Auto Components,1579004854272.0,Consumer Cyclical,Auto Manufacturers,2026-03-14,2026-03-13,3399.60009765625,3406.0,3282.300048828125,3324.5,3422.60009765625,-2.8662448097114157,1447206.0,845402.3,1.7118548175229709,2.4404772588449757,1.174460773737325
TATACHEM,TATACHEM.NS,Tata Chemicals Ltd.,Chemicals,170890510336.0,Basic Materials,Chemicals,2026-03-14,2026-03-13,682.0,683.9500122070312,668.0999755859375,670.7999877929688,683.1500244140625,-1.8078073892607072,339264.0,441391.65,0.7686235115684675,0.9873591987390162,1.8309520907583663
TATACOMM,TATACOMM.NS,Tata Communications Ltd.,Telecommunication,398458486784.0,Communication Services,Telecom Services,2026-03-14,2026-03-13,1440.0,1452.0,1394.800048828125,1398.0999755859375,1449.300048828125,-3.5327448780248627,548237.0,293704.05,1.8666307121062853,2.071546786017994,1.705365720856172
TCS,TCS.NS,Tata Consultancy Services Ltd.,Information Technology,8721399808000.0,Technology,Information Technology Services,2026-03-14,2026-03-13,2437.0,2445.89990234375,2397.0,2410.5,2442.39990234375,-1.3060884220122415,2466012.0,4057170.95,0.6078156504595893,1.219851116936337,1.0706949429144188
TATACONSUM,TATACONSUM.NS,Tata Consumer Products Ltd.,Fast Moving Consumer Goods,1072284958720.0,Consumer Defensive,Packaged Foods,2026-03-14,2026-03-13,1049.0,1093.9000244140625,1048.0,1083.5999755859375,1057.800048828125,2.4390173536477544,2855618.0,1014247.8,2.8155032724744387,1.2872181812082015,1.8947971596846602
TATAELXSI,TATAELXSI.NS,Tata Elxsi Ltd.,Information Technology,265072394240.0,Technology,Software - Application,2026-03-14,2026-03-13,4325.0,4327.0,4234.89990234375,4255.0,4330.0,-1.7321016166281789,185286.0,296697.5,0.6244946452194575,1.6749539571067191,1.0341189435560219
TATAINVEST,TATAINVEST.NS,Tata Investment Corporation Ltd.,Financial Services,314550976512.0,Financial Services,Asset Management,2026-03-14,2026-03-13,625.5,648.2000122070312,619.0,621.7000122070312,629.2000122070312,-1.1919898052278222,947650.0,2659530.5,0.3563222907201102,2.7939692153337674,0.42662954147310717
TMPV,TMPV.NS,Tata Motors Passenger Vehicles Ltd.,Automobile and Auto Components,1156634771456.0,Consumer Cyclical,Auto Manufacturers,2026-03-14,2026-03-13,323.0,324.1499938964844,308.5,314.1000061035156,324.54998779296875,-3.219837338622611,17071122.0,10726933.85,1.5914260532146378,2.4686788726188573,1.3042754869153554
TATAPOWER,TATAPOWER.NS,Tata Power Co. Ltd.,Power,1261999357952.0,Utilities,Utilities - Independent Power Producers,2026-03-14,2026-03-13,402.1499938964844,406.04998779296875,393.45001220703125,394.95001220703125,402.1499938964844,-1.790372199111967,9071396.0,5682434.2,1.5963926163896451,1.8529701227998723,0.9662175213093459
TATASTEEL,TATASTEEL.NS,Tata Steel Ltd.,Metals & Mining,2288708747264.0,Basic Materials,Steel,2026-03-14,2026-03-13,191.9499969482422,192.5,182.25999450683594,183.50999450683594,193.47000122070312,-5.148088412169494,42660832.0,32704891.65,1.3044174693053907,2.5301283360872158,2.0347143418546474
TATATECH,TATATECH.NS,Tata Technologies Ltd.,Information Technology,219370913792.0,Technology,Information Technology Services,2026-03-14,2026-03-13,550.0,551.0,537.2000122070312,540.3499755859375,551.8499755859375,-2.0838997025939276,893143.0,940904.75,0.949238485617168,1.5094113302058467,1.3806042533877991
TTML,TTML.NS,Tata Teleservices (Maharashtra) Ltd.,Telecommunication,74786603008.0,Communication Services,Telecom Services,2026-03-14,2026-03-13,39.0,39.720001220703125,38.02000045776367,38.2400016784668,39.33000183105469,-2.7714215658317998,1864135.0,1692254.9,1.1015686821175699,1.7930574732627251,1.5456401187123137
TECHM,TECHM.NS,Tech Mahindra Ltd.,Information Technology,1180485550080.0,Technology,Information Technology Services,2026-03-14,2026-03-13,1342.5,1342.5,1319.800048828125,1332.800048828125,1349.800048828125,-1.2594457982690987,1149995.0,2291632.95,0.501823383190576,1.6569683259286538,0.7600904486591425
TECHNOE,TECHNOE.NS,Techno Electric & Engineering Company Ltd.,Construction,126371119104.0,Industrials,Engineering & Construction,2026-03-14,2026-03-13,1105.0,1112.5999755859375,1076.0999755859375,1086.5999755859375,1106.699951171875,-1.816208229218208,144106.0,296117.0,0.48665223543396696,2.3931003537581694,0.7589352558349677
TEJASNET,TEJASNET.NS,Tejas Networks Ltd.,Telecommunication,75283685376.0,Technology,Communication Equipment,2026-03-14,2026-03-13,441.1000061035156,450.3999938964844,422.20001220703125,424.45001220703125,441.1000061035156,-3.774652837474013,6624863.0,30931527.0,0.21417833655609694,7.014761846594385,0.5381013525507753
NIACL,NIACL.NS,The New India Assurance Company Ltd.,Financial Services,222022369280.0,Financial Services,Insurance - Diversified,2026-03-14,2026-03-13,137.0,138.69000244140625,134.3000030517578,134.61000061035156,137.88999938964844,-2.378706790786389,352984.0,356703.95,0.9895713237826494,1.6490614568658177,1.442460971289284
RAMCOCEM,RAMCOCEM.NS,The Ramco Cements Ltd.,Construction Materials,230857654272.0,Basic Materials,Building Materials,2026-03-14,2026-03-13,994.0999755859375,996.0,963.0,977.0,995.7000122070312,-1.8780769285702381,270135.0,149563.9,1.806151083249367,1.8161184117723643,1.0341159014721997
THERMAX,THERMAX.NS,Thermax Ltd.,Capital Goods,362840621056.0,Industrials,Conglomerates,2026-03-14,2026-03-13,3165.0,3235.0,3105.0,3221.0,3165.300048828125,1.7597052510865963,236369.0,130063.45,1.8173360771223583,2.3007784715005544,0.7648303706262197
TIMKEN,TIMKEN.NS,Timken India Ltd.,Capital Goods,259650519040.0,Industrials,Tools & Accessories,2026-03-14,2026-03-13,3490.0,3529.800048828125,3427.800048828125,3445.39990234375,3486.5,-1.1788354411659263,118943.0,53800.2,2.210828212534526,2.2745047933788802,0.5182822408629496
TITAGARH,TITAGARH.NS,Titagarh Rail Systems Ltd.,Capital Goods,86110404608.0,Industrials,Railroads,2026-03-14,2026-03-13,651.0,654.9000244140625,638.0,639.4000244140625,655.8499755859375,-2.5081881198788736,561161.0,529407.15,1.0599800172702616,2.051370161336696,1.222689189475443
TITAN,TITAN.NS,Titan Company Ltd.,Consumer Durables,3613112664064.0,Consumer Cyclical,Luxury Goods,2026-03-14,2026-03-13,4091.0,4147.2001953125,4046.0,4073.199951171875,4129.60009765625,-1.365753224298516,868794.0,645109.0,1.3467398532651071,1.2360718784101352,1.1049140815784757
TORNTPHARM,TORNTPHARM.NS,Torrent Pharmaceuticals Ltd.,Healthcare,1485775437824.0,Healthcare,Drug Manufacturers - Specialty & Generic,2026-03-14,2026-03-13,4422.10009765625,4482.89990234375,4360.0,4390.0,4446.0,-1.2595591542959972,572528.0,461126.35,1.2415859557797988,1.360535291817974,0.9257820520134759
TORNTPOWER,TORNTPOWER.NS,Torrent Power Ltd.,Power,736354304000.0,Utilities,Utilities - Independent Power Producers,2026-03-14,2026-03-13,1505.0,1523.5999755859375,1454.800048828125,1461.300048828125,1506.0,-2.9681242478004632,357806.0,687220.15,0.5206570267184395,2.316110065002709,1.2815126071294853
TARIL,TARIL.NS,Transformers And Rectifiers (India) Ltd.,Capital Goods,83100909568.0,Industrials,Electrical Equipment & Parts,2026-03-14,2026-03-13,291.45001220703125,291.6000061035156,275.04998779296875,276.8500061035156,292.3999938964844,-5.318053391777344,2706487.0,6862776.25,0.3943720298326789,3.710888794630165,1.4330942494080727
TRENT,TRENT.NS,Trent Ltd.,Consumer Services,1239869161472.0,Consumer Cyclical,Apparel Retail,2026-03-14,2026-03-13,3509.89990234375,3583.60009765625,3470.199951171875,3487.800048828125,3533.60009765625,-1.2961299400716886,1215657.0,708613.6,1.7155428572073694,1.2892690593551965,1.0053215274707077
TRIDENT,TRIDENT.NS,Trident Ltd.,Textiles,117019222016.0,Consumer Cyclical,Textile Manufacturing,2026-03-14,2026-03-13,23.299999237060547,23.299999237060547,22.899999618530273,22.940000534057617,23.299999237060547,-1.54505886176306,3429350.0,7605413.95,0.45090905275445264,1.8890377002273375,0.8179079017730133
TRIVENI,TRIVENI.NS,Triveni Engineering & Industries Ltd.,Fast Moving Consumer Goods,76368838656.0,Consumer Defensive,Confectioners,2026-03-14,2026-03-13,359.8999938964844,362.20001220703125,346.3500061035156,348.70001220703125,359.95001220703125,-3.1254339820745325,281623.0,382486.45,0.7362953641887183,1.7529134752731181,1.7829938705831243
TRITURBINE,TRITURBINE.NS,Triveni Turbine Ltd.,Capital Goods,146055495680.0,Industrials,Specialty Industrial Machinery,2026-03-14,2026-03-13,467.20001220703125,467.20001220703125,457.1499938964844,459.45001220703125,470.29998779296875,-2.3070329295253544,207764.0,366035.9,0.5676055272174122,1.5779294107175423,1.462063457246964
TIINDIA,TIINDIA.NS,Tube Investments of India Ltd.,Automobile and Auto Components,475772125184.0,Industrials,Conglomerates,2026-03-14,2026-03-13,2514.699951171875,2524.800048828125,2433.300048828125,2458.199951171875,2549.699951171875,-3.5886575578410906,469694.0,588703.55,0.7978446877040235,2.3531432805329286,1.5250484692238326
UCOBANK,UCOBANK.NS,UCO Bank,Financial Services,317717250048.0,Financial Services,Banks - Regional,2026-03-14,2026-03-13,26.399999618530273,26.43000030517578,25.110000610351562,25.31999969482422,26.559999465942383,-4.668673930917066,11311305.0,9388534.5,1.204799854545989,2.2729041880287815,2.0540566362218993
UNOMINDA,UNOMINDA.NS,UNO Minda Ltd.,Automobile and Auto Components,585038299136.0,Consumer Cyclical,Auto Parts,2026-03-14,2026-03-13,1055.0,1057.5999755859375,1006.5999755859375,1013.2000122070312,1068.5,-5.175478501915654,1776795.0,925127.45,1.9205948326363034,2.186282387120462,2.367250695703697
UPL,UPL.NS,UPL Ltd.,Chemicals,515116204032.0,Basic Materials,Agricultural Inputs,2026-03-14,2026-03-13,628.0,628.0999755859375,603.0,609.4000244140625,629.0499877929688,-3.1237522868172163,1954854.0,3818835.0,0.5118980003063761,3.5697499439443066,0.875061933152019
UTIAMC,UTIAMC.NS,UTI Asset Management Company Ltd.,Financial Services,122653925376.0,Financial Services,Asset Management,2026-03-14,2026-03-13,969.9500122070312,976.4000244140625,950.0,952.6500244140625,980.0499877929688,-2.7957720238954153,69043.0,75550.25,0.913868584154255,1.9142854489995853,1.4604781253268675
ULTRACEMCO,ULTRACEMCO.NS,UltraTech Cement Ltd.,Construction Materials,3122950045696.0,Basic Materials,Building Materials,2026-03-14,2026-03-13,11000.0,11000.0,10573.0,10616.0,11089.0,-4.265488321760302,723891.0,289006.0,2.5047611468274016,2.05748413315841,2.0731573347360017
UNIONBANK,UNIONBANK.NS,Union Bank of India,Financial Services,1327676653568.0,Financial Services,Banks - Regional,2026-03-14,2026-03-13,181.5,181.63999938964844,173.30999755859375,173.8800048828125,182.10000610351562,-4.514003813943002,10932329.0,18775947.6,0.5822517847248359,2.5946846259847556,1.7397119359852107
UBL,UBL.NS,United Breweries Ltd.,Fast Moving Consumer Goods,434338332672.0,Consumer Defensive,Beverages - Brewers,2026-03-14,2026-03-13,1645.5,1675.4000244140625,1605.4000244140625,1642.699951171875,1645.5,-0.17016401264813297,79039.0,120089.8,0.6581658059219018,2.0170129338498,0.08436436365499503
UNITDSPR,UNITDSPR.NS,United Spirits Ltd.,Fast Moving Consumer Goods,956096184320.0,Consumer Defensive,Beverages - Wineries & Distilleries,2026-03-14,2026-03-13,1350.0,1368.0,1310.0,1314.4000244140625,1363.5,-3.6010249787999604,674999.0,853374.2,0.79097657276257,2.225567713281058,1.6180253502559692
USHAMART,USHAMART.NS,Usha Martin Ltd.,Capital Goods,124270231552.0,Basic Materials,Steel,2026-03-14,2026-03-13,415.04998779296875,419.75,406.0,407.54998779296875,421.1499938964844,-3.2292547312391506,337071.0,808439.75,0.4169401615890362,2.258400307649023,1.429885888831099
VGUARD,VGUARD.NS,V-Guard Industries Ltd.,Consumer Durables,139630280704.0,Industrials,Electrical Equipment & Parts,2026-03-14,2026-03-13,318.70001220703125,322.95001220703125,314.04998779296875,320.0,318.70001220703125,0.4079032768044666,262461.0,141527.2,1.8544915747644268,1.9449007037687909,0.20972961550892522
DBREALTY,DBREALTY.NS,Valor Estate Ltd.,Consumer Services,53654876160.0,Real Estate,Real Estate - Development,2026-03-14,2026-03-13,102.5,103.51000213623047,98.11000061035156,98.91999816894531,103.52999877929688,-4.452816251045332,2643577.0,1520487.95,1.7386372578618594,2.568025913899747,1.7339452171973548
VTL,VTL.NS,Vardhman Textiles Ltd.,Textiles,155248132096.0,Consumer Cyclical,Textile Manufacturing,2026-03-14,2026-03-13,541.0,542.6500244140625,528.25,536.75,541.3499755859375,-0.8497230614924578,244075.0,668730.5,0.36498260510026087,1.6769345009455199,0.5067121351569495
VBL,VBL.NS,Varun Beverages Ltd.,Fast Moving Consumer Goods,1357234438144.0,Consumer Defensive,Beverages - Non-Alcoholic,2026-03-14,2026-03-13,410.0,418.54998779296875,400.45001220703125,401.29998779296875,411.04998779296875,-2.3719742828238966,7664402.0,4514488.1,1.697734456316321,1.9359034832819249,1.2252544113421935
MANYAVAR,MANYAVAR.NS,Vedant Fashions Ltd.,Consumer Services,83193987072.0,Consumer Cyclical,Apparel Manufacturing,2026-03-14,2026-03-13,350.0,351.20001220703125,339.8500061035156,342.3999938964844,352.95001220703125,-2.9890970238466874,417576.0,445523.1,0.9372712660690321,2.4151135696406087,1.2376631316313182
VEDL,VEDL.NS,Vedanta Ltd.,Metals & Mining,2694879117312.0,Basic Materials,Other Industrial Metals & Mining,2026-03-14,2026-03-13,714.5,715.5,684.4500122070312,689.5499877929688,719.5999755859375,-4.175929518132682,15413578.0,12839779.45,1.200455043641735,2.246741473050188,1.8586604503558737
VENTIVE,VENTIVE.NS,Ventive Hospitality Ltd.,Consumer Services,151580180480.0,Consumer Cyclical,Lodging,2026-03-14,2026-03-13,670.9500122070312,670.9500122070312,637.7000122070312,649.0499877929688,665.7000122070312,-2.5011302551823267,107311.0,81410.15,1.318152589081337,1.198330146062864,2.0871796169026013
VIJAYA,VIJAYA.NS,Vijaya Diagnostic Centre Ltd.,Healthcare,95776251904.0,Healthcare,Diagnostics & Research,2026-03-14,2026-03-13,955.5,955.5,916.0999755859375,930.7999877929688,955.5,-2.585035291159732,108926.0,105435.85,1.033102118491955,1.67536927759313,1.542964482954735
VMM,VMM.NS,Vishal Mega Mart Ltd.,Consumer Services,480337985536.0,Consumer Cyclical,Department Stores,2026-03-14,2026-03-13,105.4000015258789,106.5,101.80999755859375,102.79000091552734,106.06999969482422,-3.092296397410965,15217897.0,52521588.75,0.2897455572495415,2.862923674215246,1.0801183507829955
IDEA,IDEA.NS,Vodafone Idea Ltd.,Telecommunication,1004339986432.0,Communication Services,Telecom Services,2026-03-14,2026-03-13,9.520000457763672,9.59000015258789,9.180000305175781,9.270000457763672,9.5600004196167,-3.0334722711722883,570933383.0,402531743.9,1.4183561710398562,1.6813006331498261,1.804241437469301
VOLTAS,VOLTAS.NS,Voltas Ltd.,Consumer Durables,467937165312.0,Consumer Cyclical,"Furnishings, Fixtures & Appliances",2026-03-14,2026-03-13,1440.0,1448.9000244140625,1385.199951171875,1414.199951171875,1449.4000244140625,-2.428596153530327,1524618.0,904369.7,1.6858348969453534,1.9725769411577925,1.231179429738683
WAAREEENER,WAAREEENER.NS,Waaree Energies Ltd.,Capital Goods,784281698304.0,Technology,Solar,2026-03-14,2026-03-13,2718.60009765625,2793.0,2685.300048828125,2726.60009765625,2739.39990234375,-0.46724849031895,2249351.0,2084045.05,1.0793197584668335,2.8983254776580156,0.161213257075775
WELCORP,WELCORP.NS,Welspun Corp Ltd.,Capital Goods,211015892992.0,Basic Materials,Steel,2026-03-14,2026-03-13,836.0,842.4000244140625,793.2999877929688,800.2000122070312,844.25,-5.217647354808264,491124.0,460250.1,1.0670807024267892,2.5842088844135342,2.0190501573917343
WELSPUNLIV,WELSPUNLIV.NS,Welspun Living Ltd.,Textiles,107235303424.0,Consumer Cyclical,Textile Manufacturing,2026-03-14,2026-03-13,116.04000091552734,116.81999969482422,110.18000030517578,112.0999984741211,115.86000061035156,-3.2452978736602245,2440609.0,2225679.8,1.0965678890557393,1.991815635287427,1.6293163966412558
WHIRLPOOL,WHIRLPOOL.NS,Whirlpool of India Ltd.,Consumer Durables,106314825728.0,Consumer Cyclical,"Furnishings, Fixtures & Appliances",2026-03-14,2026-03-13,860.9500122070312,863.0,821.0,837.6500244140625,860.8499755859375,-2.69500514954234,352993.0,298846.1,1.181186570612767,1.9791791548620925,1.3616782204489848
WIPRO,WIPRO.NS,Wipro Ltd.,Information Technology,2070168862720.0,Technology,Information Technology Services,2026-03-14,2026-03-13,200.60000610351562,202.07000732421875,196.0399932861328,197.5800018310547,202.50999450683594,-2.4344441309116838,12628178.0,18275163.2,0.6910022012826676,1.2903279104968763,1.8866864082434935
WOCKPHARMA,WOCKPHARMA.NS,Wockhardt Ltd.,Healthcare,196826775552.0,Healthcare,Drug Manufacturers - Specialty & Generic,2026-03-14,2026-03-13,1298.0,1298.0,1202.5999755859375,1211.300048828125,1298.5999755859375,-6.722618850999296,1012726.0,374702.15,2.7027493703999297,2.357814409051886,2.851207807192325
YESBANK,YESBANK.NS,Yes Bank Ltd.,Financial Services,590230257664.0,Financial Services,Banks - Regional,2026-03-14,2026-03-13,19.219999313354492,19.25,18.75,18.799999237060547,19.309999465942383,-2.6411198497511057,93974886.0,80826048.65,1.1626806898223891,1.2880151223976761,2.0505348142454936
ZFCVINDIA,ZFCVINDIA.NS,ZF Commercial Vehicle Control Systems India Ltd.,Automobile and Auto Components,258035007488.0,Consumer Cyclical,Auto Parts,2026-03-14,2026-03-13,13899.0,13961.0,13461.0,13604.0,13971.0,-2.6268699448858346,19806.0,14522.2,1.3638429439065705,1.598557238693065,1.6432754994957133
ZEEL,ZEEL.NS,Zee Entertainment Enterprises Ltd.,Media Entertainment & Publication,74978140160.0,Communication Services,Broadcasting,2026-03-14,2026-03-13,82.0,82.0,77.5999984741211,78.05999755859375,82.0199966430664,-4.828089790963697,8862393.0,7912263.65,1.1200831256425587,1.879951817654358,2.5681986876598635
ZENTEC,ZENTEC.NS,Zen Technologies Ltd.,Capital Goods,122774568960.0,Industrials,Aerospace & Defense,2026-03-14,2026-03-13,1419.0,1423.699951171875,1340.0,1364.699951171875,1418.5999755859375,-3.799522440552683,416335.0,587039.4,0.7092113408401548,1.6989809552723505,2.2363537559157693
ZENSARTECH,ZENSARTECH.NS,Zensar Technolgies Ltd.,Information Technology,125361414144.0,Technology,Information Technology Services,2026-03-14,2026-03-13,560.0,563.2000122070312,550.5499877929688,552.8499755859375,564.4000244140625,-2.0464295408413213,265658.0,611411.35,0.43449962124517316,2.208050479160618,0.9268037846758213
ZYDUSLIFE,ZYDUSLIFE.NS,Zydus Lifesciences Ltd.,Healthcare,911846473728.0,Healthcare,Drug Manufacturers - Specialty & Generic,2026-03-14,2026-03-13,913.2000122070312,924.5999755859375,901.5,905.9000244140625,916.9000244140625,-1.1996945912428614,862411.0,605769.75,1.423661382893418,1.2120391402241506,0.9898150574749539
ECLERX,ECLERX.NS,eClerx Services Ltd.,Services,292108959744.0,Technology,Information Technology Services,2026-03-14,2026-03-13,1571.0999755859375,1608.0,1480.0,1576.5999755859375,1575.9000244140625,0.04441596300726047,372776.0,298768.1,1.2477101805714867,2.3498832051095224,0.01890134918649727
