symbol,ticker,company_name,industry_constituent,market_cap,sector,industry,meta_updated_at,date,open,high,low,close,prev_close,pct_change,volume,avg_volume_20,unusual_volume_ratio,volatility_20d_pct,move_vs_vol,rsi_14,sma_50,sma_200,crossover
360ONE,360ONE.NS,360 ONE WAM Ltd.,Financial Services,410240417792.0,Financial Services,Asset Management,2026-03-25,2026-03-25,999.7999877929688,1018.7999877929688,992.0999755859375,1010.0,989.2999877929688,2.0923898172899857,407235.0,775430.35,0.525172892704032,2.0566787108129083,1.0173634833138145,39.09150278848513,1100.7840075683594,1109.9696936035157,None
3MINDIA,3MINDIA.NS,3M India Ltd.,Diversified,359750008832.0,Industrials,Conglomerates,2026-03-25,2026-03-25,31565.0,32220.0,31545.0,31880.0,31560.0,1.0139416983523386,1519.0,4145.4,0.36643026004728135,2.2139439328802974,0.4579798446084497,36.48608971543368,34723.5,32300.4850390625,None
ABB,ABB.NS,ABB India Ltd.,Capital Goods,1322596958208.0,Industrials,Specialty Industrial Machinery,2026-03-25,2026-03-25,6200.0,6290.0,6200.0,6236.0,6162.0,1.2009087958455122,119672.0,377425.9,0.31707415945752526,2.0667604010949336,0.5810585470910375,56.23852672796154,5727.05,5434.445939941406,None
ACC,ACC.NS,ACC Ltd.,Construction Materials,258169946112.0,Basic Materials,Building Materials,2026-03-25,2026-03-25,1340.0,1383.300048828125,1340.0,1375.0,1334.300048828125,3.050284769727818,126849.0,240022.65,0.5284876239804869,2.033717091466874,1.499856977416518,34.23526938032745,1586.8919970703125,1779.6494219970702,None
ACMESOLAR,ACMESOLAR.NS,ACME Solar Holdings Ltd.,Power,155413577728.0,Utilities,Utilities - Renewable,2026-03-25,2026-03-25,251.0,257.75,251.0,255.55999755859375,249.10000610351562,2.5933325157742493,530727.0,1887908.85,0.2811189745733752,3.501656894111475,0.7406015478373394,59.075047516989336,228.6021221923828,255.41971809387206,None
AIAENG,AIAENG.NS,AIA Engineering Ltd.,Capital Goods,322477883392.0,Industrials,Specialty Industrial Machinery,2026-03-25,2026-03-25,3395.0,3455.89990234375,3344.10009765625,3447.0,3378.300048828125,2.033565704020446,38095.0,84634.55,0.45011168606674223,2.416525806357403,0.8415245136925644,37.911342297677955,3817.5880078125,3504.7568176269533,None
APLAPOLLO,APLAPOLLO.NS,APL Apollo Tubes Ltd.,Capital Goods,556541214720.0,Basic Materials,Steel,2026-03-25,2026-03-25,2000.0,2023.5,1981.5999755859375,2002.9000244140625,1974.4000244140625,1.4434764813405998,231049.0,663400.55,0.3482797836088619,2.7613613261965027,0.5227408914750188,46.3344558840019,2086.1099951171873,1820.8212969970702,None
AUBANK,AUBANK.NS,AU Small Finance Bank Ltd.,Financial Services,682624286720.0,Financial Services,Banks - Regional,2026-03-25,2026-03-25,889.9000244140625,915.5499877929688,881.8499755859375,915.0,877.5,4.2735042735042805,1054344.0,3656927.35,0.28831417720125063,2.536558721419607,1.6847645739155517,46.87101671053466,965.3669982910156,863.3069293212891,None
AWL,AWL.NS,AWL Agri Business Ltd.,Fast Moving Consumer Goods,245792636928.0,Consumer Defensive,Packaged Foods,2026-03-25,2026-03-25,181.02999877929688,189.89999389648438,181.02999877929688,189.14999389648438,180.13999938964844,5.001662338938417,2179212.0,6138694.95,0.3549959751624407,3.4678398251917444,1.4422991231037796,52.20544296739585,197.39379974365235,243.82799972534178,None
AADHARHFC,AADHARHFC.NS,Aadhar Housing Finance Ltd.,Financial Services,203190435840.0,Financial Services,Mortgage Finance,2026-03-25,2026-03-25,467.95001220703125,469.8999938964844,464.54998779296875,465.95001220703125,462.79998779296875,0.6806448783813757,48690.0,554953.3,0.08773711229395338,2.625748583479642,0.25921936420865743,49.513837046843605,469.86299987792967,487.53649978637696,None
AARTIIND,AARTIIND.NS,Aarti Industries Ltd.,Chemicals,158112776192.0,Basic Materials,Specialty Chemicals,2026-03-25,2026-03-25,423.0,435.3999938964844,421.04998779296875,434.6000061035156,418.70001220703125,3.797466785986714,409236.0,867496.1,0.4717439075518611,3.329284672725013,1.1406254373791638,52.9510827809156,416.0480023193359,403.3135493469238,None
AAVAS,AAVAS.NS,Aavas Financiers Ltd.,Financial Services,90038124544.0,Financial Services,Mortgage Finance,2026-03-25,2026-03-25,1130.0,1162.199951171875,1114.699951171875,1137.0999755859375,1114.199951171875,2.0552885853187375,152534.0,264229.95,0.577277481224214,1.982421824124117,1.0367564361468906,37.590764850385284,1300.7319946289062,1582.2884985351564,None
ABBOTINDIA,ABBOTINDIA.NS,Abbott India Ltd.,Healthcare,571181236224.0,Healthcare,Drug Manufacturers - Specialty & Generic,2026-03-25,2026-03-25,26860.0,27100.0,26705.0,26910.0,26800.0,0.4104477611940327,3605.0,9385.0,0.38412360149174213,2.014854722712713,0.20371084652764626,51.301918713467884,27007.1,29903.91326171875,None
ACE,ACE.NS,Action Construction Equipment Ltd.,Capital Goods,98580611072.0,Industrials,Farm & Heavy Construction Machinery,2026-03-25,2026-03-25,812.0,834.7000122070312,804.6500244140625,828.2000122070312,798.75,3.6870124828834117,131549.0,214603.2,0.612987131599156,2.3015184247962774,1.60199129546824,45.10242339273864,860.1650024414063,1016.2689627075196,None
ADANIENSOL,ADANIENSOL.NS,Adani Energy Solutions Ltd.,Power,1178591690752.0,Utilities,Utilities - Independent Power Producers,2026-03-25,2026-03-25,971.9000244140625,999.0,970.2999877929688,979.0999755859375,967.2999877929688,1.2198891700486936,399477.0,1778076.75,0.22466802965620017,2.5021981943802882,0.48752699637800667,47.70069812731683,973.1759973144531,921.0982498168945,None
ADANIENT,ADANIENT.NS,Adani Enterprises Ltd.,Metals & Mining,2599930822656.0,Energy,Thermal Coal,2026-03-25,2026-03-25,1847.9000244140625,1910.0,1839.199951171875,1908.4000244140625,1817.9000244140625,4.978271565245707,1514838.0,1938648.05,0.7813888652971333,2.2203646723517774,2.24209636697777,39.112520200899326,2086.5360009765627,2335.0713940429687,None
ADANIGREEN,ADANIGREEN.NS,Adani Green Energy Ltd.,Power,1422748418048.0,Utilities,Utilities - Renewable,2026-03-25,2026-03-25,843.0,868.75,843.0,863.5999755859375,839.5499877929688,2.864628448889861,1396866.0,3044541.35,0.4588099944840624,2.508404307614405,1.142012250654377,45.04408849242136,909.0089990234375,986.5437490844727,None
ADANIPORTS,ADANIPORTS.NS,Adani Ports and Special Economic Zone Ltd.,Services,3190061531136.0,Industrials,Marine Shipping,2026-03-25,2026-03-25,1359.699951171875,1392.699951171875,1354.800048828125,1384.9000244140625,1344.199951171875,3.0278287993318997,1173735.0,2780827.25,0.4220812349994053,2.537367979680382,1.1932951087816985,45.25575889939275,1454.04400390625,1435.106049194336,None
ADANIPOWER,ADANIPOWER.NS,Adani Power Ltd.,Power,2973329260544.0,Utilities,Utilities - Independent Power Producers,2026-03-25,2026-03-25,152.89999389648438,155.3000030517578,152.1999969482422,154.27999877929688,150.11000061035156,2.777961596156131,12826982.0,27858913.45,0.4604264995123132,2.4780607508921846,1.1210223942879416,61.04925911695981,143.82800109863283,137.1530502319336,None
ATGL,ATGL.NS,Adani Total Gas Ltd.,Oil Gas & Consumable Fuels,578861334528.0,Utilities,Utilities - Regulated Gas,2026-03-25,2026-03-25,529.0,531.4000244140625,522.75,525.4000244140625,521.9000244140625,0.6706265254402766,1202316.0,10281113.65,0.11694414057955677,6.084358751376241,0.11022139765979205,49.60367743188015,528.8590032958984,597.0978450012207,None
ABCAPITAL,ABCAPITAL.NS,Aditya Birla Capital Ltd.,Financial Services,820853538816.0,Financial Services,Financial Conglomerates,2026-03-25,2026-03-25,307.8999938964844,316.5,304.54998779296875,313.3500061035156,302.3999938964844,3.6210358558339095,2923562.0,9848448.8,0.29685507427321955,2.7709460018847323,1.306786871115845,43.63303673877193,338.5639996337891,311.0067498779297,None
ABFRL,ABFRL.NS,Aditya Birla Fashion and Retail Ltd.,Consumer Services,72606171136.0,Consumer Cyclical,Apparel Manufacturing,2026-03-25,2026-03-25,59.0,60.54999923706055,58.439998626708984,59.63999938964844,58.130001068115234,2.597623075499045,2206948.0,5340932.1,0.4132140155835346,2.679715251004575,0.9693653363077456,41.99962555642811,66.13820014953613,75.94189985275268,None
ABLBL,ABLBL.NS,Aditya Birla Lifestyle Brands Ltd.,Consumer Services,114528460800.0,Consumer Cyclical,Apparel Retail,2026-03-25,2026-03-25,92.69999694824219,94.44999694824219,92.25,93.9000015258789,92.02999877929688,2.0319491159253467,836135.0,3620728.1,0.2309300717720284,2.78329429812555,0.7300518372397027,37.563179462386856,106.02539978027343,,None
ABREL,ABREL.NS,Aditya Birla Real Estate Ltd.,Forest Materials,130094948352.0,Real Estate,Real Estate Services,2026-03-25,2026-03-25,1159.0,1217.9000244140625,1146.4000244140625,1176.0999755859375,1133.699951171875,3.739968795997095,261798.0,252857.55,1.0353576549325896,3.210257084544821,1.1650060096440473,44.26684444462251,1295.656005859375,1737.4517602539063,None
ABSLAMC,ABSLAMC.NS,Aditya Birla Sun Life AMC Ltd.,Financial Services,270510342144.0,Financial Services,Asset Management,2026-03-25,2026-03-25,915.0,940.0499877929688,897.0,936.4500122070312,899.7000122070312,4.084694842878744,190832.0,787375.2,0.24236475824994236,4.217270411611931,0.9685636547355014,53.51067715388354,869.5450036621094,819.8970748901368,None
AEGISLOG,AEGISLOG.NS,Aegis Logistics Ltd.,Oil Gas & Consumable Fuels,216882905088.0,Energy,Oil & Gas Refining & Marketing,2026-03-25,2026-03-25,604.0,619.8499755859375,595.0,617.1500244140625,599.7999877929688,2.892637041380275,346884.0,879182.8,0.39455275967637216,2.9221191840628737,0.9899106980839819,42.58357111697243,674.5559997558594,735.0231692504883,None
AEGISVOPAK,AEGISVOPAK.NS,Aegis Vopak Terminals Ltd.,Oil Gas & Consumable Fuels,195361079296.0,Energy,Oil & Gas Equipment & Services,2026-03-25,2026-03-25,178.39999389648438,179.49000549316406,174.0,175.3000030517578,177.6699981689453,-1.3339309628032314,768467.0,1029354.65,0.7465522208502191,3.378396971313747,0.39484139197665385,32.915801439468126,209.4624008178711,244.5267497253418,None
AFCONS,AFCONS.NS,Afcons Infrastructure Ltd.,Construction,105517408256.0,Industrials,Engineering & Construction,2026-03-25,2026-03-25,278.0,287.45001220703125,278.0,286.79998779296875,277.0,3.5379017303136306,204974.0,601278.8,0.3408967686870051,2.0128172067866967,1.7576865491733402,44.28760147563461,315.67799865722657,396.3690400695801,None
AFFLE,AFFLE.NS,Affle 3i Ltd.,Information Technology,195674587136.0,Communication Services,Advertising Agencies,2026-03-25,2026-03-25,1320.0,1399.5,1310.0,1394.800048828125,1303.0,7.045283870155417,271151.0,337192.05,0.8041441071935118,3.0008931690017433,2.347728983800864,49.83036356630504,1502.87599609375,1785.8015002441407,None
AJANTPHARM,AJANTPHARM.NS,Ajanta Pharmaceuticals Ltd.,Healthcare,365789839360.0,Healthcare,Drug Manufacturers - Specialty & Generic,2026-03-25,2026-03-25,2910.0,2957.800048828125,2877.5,2923.199951171875,2863.199951171875,2.095557454010244,28764.0,130448.15,0.22050140228128956,2.2096428586433605,0.94836930131634,49.06348982058797,2879.9639990234373,2651.7935510253906,None
AKUMS,AKUMS.NS,Akums Drugs and Pharmaceuticals Ltd.,Healthcare,75230511104.0,Healthcare,Drug Manufacturers - Specialty & Generic,2026-03-25,2026-03-25,478.79998779296875,495.79998779296875,478.79998779296875,491.6499938964844,477.70001220703125,2.920238922541052,67074.0,141265.45,0.47480824221350654,2.7525328906370503,1.0609278938952797,55.82007160470406,463.39900268554686,477.64300064086916,None
AKZOINDIA,AKZOINDIA.NS,Akzo Nobel India Ltd.,Consumer Durables,132372021248.0,Basic Materials,Specialty Chemicals,2026-03-25,2026-03-25,2852.5,2925.89990234375,2852.5,2909.800048828125,2852.39990234375,2.012345689579176,18951.0,44888.9,0.4221756380753371,2.411555368617821,0.8344596668881579,49.98820728969612,2939.556015625,3242.6118774414062,None
APLLTD,APLLTD.NS,Alembic Pharmaceuticals Ltd.,Healthcare,135001513984.0,Healthcare,Drug Manufacturers - Specialty & Generic,2026-03-25,2026-03-25,675.0,686.0,667.2000122070312,685.4000244140625,673.2000122070312,1.8122418279575614,55855.0,75351.05,0.7412637249248683,2.1550800663195613,0.8409162407838062,42.954852412128055,744.6830004882812,884.8604074096679,None
ALKEM,ALKEM.NS,Alkem Laboratories Ltd.,Healthcare,651689000960.0,Healthcare,Drug Manufacturers - Specialty & Generic,2026-03-25,2026-03-25,5355.0,5453.0,5311.5,5441.0,5297.0,2.7185199169341034,30966.0,113614.8,0.27255251956611287,1.8491957104532786,1.4701093570391932,50.345703868059445,5554.2490234375,5355.756103515625,None
ALKYLAMINE,ALKYLAMINE.NS,Alkyl Amines Chemicals Ltd.,Chemicals,71197630464.0,Basic Materials,Specialty Chemicals,2026-03-25,2026-03-25,1398.0,1428.0,1365.0,1391.0999755859375,1414.699951171875,-1.668196536402533,294707.0,193071.8,1.5264114179284598,4.204271407822315,0.39678611930208574,50.26130776405516,1481.752001953125,1831.5339904785155,None
ALOKINDS,ALOKINDS.NS,Alok Industries Ltd.,Textiles,64448815104.0,Consumer Cyclical,Textile Manufacturing,2026-03-25,2026-03-25,12.890000343322754,13.079999923706055,12.670000076293945,12.989999771118164,12.630000114440918,2.850353550398066,3640169.0,4773272.25,0.7626149964523813,2.6131764224957665,1.0907620036138925,41.961799605697685,14.472200050354004,17.18450002193451,None
ARE&M,ARE&M.NS,Amara Raja Energy & Mobility Ltd.,Automobile and Auto Components,134538436608.0,Industrials,Electrical Equipment & Parts,2026-03-25,2026-03-25,733.4000244140625,748.0,722.5,735.0,727.2000122070312,1.072605564086282,531320.0,350827.45,1.5144767035760742,1.5332344745289872,0.6995704713825904,28.339373568244795,830.7690026855469,935.0429415893555,None
AMBER,AMBER.NS,Amber Enterprises India Ltd.,Consumer Durables,237790101504.0,Consumer Cyclical,"Furnishings, Fixtures & Appliances",2026-03-25,2026-03-25,6551.0,6803.0,6498.5,6743.0,6452.0,4.510229386236819,234127.0,343805.55,0.6809866798252675,3.4741931140482407,1.29820917783737,44.99201546505837,6874.15,7253.4275,None
AMBUJACEM,AMBUJACEM.NS,Ambuja Cements Ltd.,Construction Materials,1048053088256.0,Basic Materials,Building Materials,2026-03-25,2026-03-25,414.0,427.70001220703125,414.0,423.8999938964844,407.54998779296875,4.011779313761443,3075154.0,3084921.15,0.9968339061113443,2.748334321145451,1.459712991572806,36.496329772713906,499.6850012207031,551.0298205566406,None
ANANDRATHI,ANANDRATHI.NS,Anand Rathi Wealth Ltd.,Financial Services,249152339968.0,Financial Services,Asset Management,2026-03-25,2026-03-25,2985.0,3015.0,2970.0,2998.89990234375,2970.60009765625,0.9526628882099653,38317.0,175820.8,0.21793212179673851,1.3362573391646524,0.7129336994366016,44.53558313423686,3031.163974609375,2834.467781982422,None
ANANTRAJ,ANANTRAJ.NS,Anant Raj Ltd.,Realty,166588334080.0,Real Estate,Real Estate - Development,2026-03-25,2026-03-25,454.70001220703125,469.75,453.54998779296875,460.3999938964844,449.29998779296875,2.47051110729839,1208604.0,1785964.6,0.6767233796235379,2.9680860709141665,0.8323583104641826,42.045515717786536,515.1689996337891,565.2372160339355,None
ANGELONE,ANGELONE.NS,Angel One Ltd.,Financial Services,218309591040.0,Financial Services,Capital Markets,2026-03-25,2026-03-25,233.5,240.35000610351562,233.10000610351562,240.08999633789062,230.44000244140625,4.187638341541011,4310456.0,8495004.9,0.5074106549367617,3.35896543634074,1.2467048026856233,54.13706333610339,246.19561645507812,252.28722114562987,None
APARINDS,APARINDS.NS,Apar Industries Ltd.,Capital Goods,403505184768.0,Industrials,Electrical Equipment & Parts,2026-03-25,2026-03-25,9859.0,10185.0,9859.0,10024.0,9859.0,1.6735977279642933,49232.0,127654.95,0.3856646373681553,3.308239345549493,0.5058877406242539,55.59253550263824,9206.4,8741.5983984375,None
APOLLOHOSP,APOLLOHOSP.NS,Apollo Hospitals Enterprise Ltd.,Healthcare,1089887666176.0,Healthcare,Medical Care Facilities,2026-03-25,2026-03-25,7461.0,7598.0,7437.5,7593.0,7413.0,2.4281667341157442,276788.0,448516.65,0.6171186732978586,1.6513260788453423,1.4704344376451637,53.79531401096069,7373.096416015625,7416.641779785156,None
APOLLOTYRE,APOLLOTYRE.NS,Apollo Tyres Ltd.,Automobile and Auto Components,263746863104.0,Consumer Cyclical,Auto Parts,2026-03-25,2026-03-25,409.0,417.20001220703125,405.29998779296875,415.8500061035156,404.70001220703125,2.7551256634952725,619379.0,1186042.95,0.5222230780091058,2.467931675243731,1.1163703157313618,40.11284050371924,467.6754455566406,476.1895932006836,None
APTUS,APTUS.NS,Aptus Value Housing Finance India Ltd.,Financial Services,103834009600.0,Financial Services,Mortgage Finance,2026-03-25,2026-03-25,203.0,209.05999755859375,202.22000122070312,207.0500030517578,200.30999755859375,3.3647873672368878,3634139.0,2104239.25,1.727055989474581,2.5173896910357327,1.3366176000555994,31.38498329170129,246.3545983886719,296.6694151306152,None
ASAHIINDIA,ASAHIINDIA.NS,Asahi India Glass Ltd.,Automobile and Auto Components,213896658944.0,Consumer Cyclical,Auto Parts,2026-03-25,2026-03-25,817.5,846.5,811.2999877929688,838.0999755859375,813.0,3.0873278703490215,76517.0,739057.0,0.1035332863365072,2.66261926545018,1.1595078238972458,42.950921111318614,917.1410009765625,899.230837097168,None
ASHOKLEY,ASHOKLEY.NS,Ashok Leyland Ltd.,Capital Goods,1009715576832.0,Industrials,Farm & Heavy Construction Machinery,2026-03-25,2026-03-25,169.8699951171875,172.38999938964844,169.7899932861328,172.02999877929688,167.1300048828125,2.931845720892623,7417464.0,21181142.5,0.35019187468286944,3.019073038117632,0.9711079142095236,39.372823717926906,193.38979949951172,152.97753078460693,None
ASIANPAINT,ASIANPAINT.NS,Asian Paints Ltd.,Consumer Durables,2192113532928.0,Basic Materials,Specialty Chemicals,2026-03-25,2026-03-25,2225.10009765625,2288.800048828125,2222.0,2287.89990234375,2217.300048828125,3.1840460001314685,815893.0,1202724.75,0.6783705082979293,2.126491171059405,1.4973238748718605,48.94169754197242,2420.1,2515.1549267578125,None
ASTERDM,ASTERDM.NS,Aster DM Healthcare Ltd.,Healthcare,335545958400.0,Healthcare,Medical Care Facilities,2026-03-25,2026-03-25,636.0499877929688,651.0,627.5,650.0,633.8499755859375,2.547925382364058,472795.0,906973.9,0.5212884295788446,2.0658079446582884,1.2333796028582502,53.24242914946888,612.9019995117187,624.2515142822266,None
ASTRAZEN,ASTRAZEN.NS,AstraZenca Pharma India Ltd.,Healthcare,209274994688.0,Healthcare,Drug Manufacturers - Specialty & Generic,2026-03-25,2026-03-25,8294.0,8449.5,8284.5,8347.5,8276.0,0.8639439342677635,2148.0,5183.2,0.4144158049081649,1.1724235380370116,0.7368872307990887,41.0256378004104,8589.36,8942.617465820313,None
ASTRAL,ASTRAL.NS,Astral Ltd.,Capital Goods,447490588672.0,Industrials,Building Products & Equipment,2026-03-25,2026-03-25,1614.0,1678.0,1606.4000244140625,1664.300048828125,1594.4000244140625,4.384095794262843,396496.0,737289.15,0.537775444003211,2.8832784810554144,1.5205245775142955,54.45747122620533,1567.5459985351563,1477.1991796875,None
ATHERENERG,ATHERENERG.NS,Ather Energy Ltd.,Automobile and Auto Components,301733019648.0,Consumer Cyclical,Auto Manufacturers,2026-03-25,2026-03-25,763.0,789.9000244140625,762.2000122070312,788.0499877929688,757.0,4.101715692598251,1591815.0,2278402.25,0.6986540677792957,2.018629686018548,2.0319307305384404,67.34730232930397,690.6419958496094,573.1692491149902,None
ATUL,ATUL.NS,Atul Ltd.,Chemicals,184055136256.0,Basic Materials,Specialty Chemicals,2026-03-25,2026-03-25,6197.0,6286.0,6082.5,6245.0,6118.0,2.0758417783589334,24470.0,27921.3,0.8763918585452684,2.0839436068014447,0.9961122611878416,47.73200395628311,6292.24,6361.117819824219,None
AUROPHARMA,AUROPHARMA.NS,Aurobindo Pharma Ltd.,Healthcare,770607611904.0,Healthcare,Drug Manufacturers - Specialty & Generic,2026-03-25,2026-03-25,1290.4000244140625,1330.0,1282.0999755859375,1324.5,1281.5999755859375,3.347380245887477,823131.0,1584805.35,0.5193893369933411,1.823066451116076,1.8361262936072464,64.79448100345155,1203.7399926757812,1150.9091854858398,None
AIIL,AIIL.NS,Authum Investment & Infrastructure Ltd.,Financial Services,443125825536.0,Financial Services,Capital Markets,2026-03-25,2026-03-25,496.1000061035156,526.0,496.1000061035156,522.25,493.3999938964844,5.847184122496851,408653.0,1084119.75,0.37694452111955346,5.878702622173133,0.9946385279708824,59.102340193201904,508.6044012451172,558.1653015136719,None
DMART,DMART.NS,Avenue Supermarts Ltd.,Consumer Services,2548140605440.0,Consumer Defensive,Discount Stores,2026-03-25,2026-03-25,3780.0,3939.0,3761.0,3910.199951171875,3756.5,4.091573304189411,343528.0,434244.0,0.7910944077523235,1.8238458698803375,2.2433766864619207,54.985977534335966,3827.2299951171876,4112.124488525391,None
AXISBANK,AXISBANK.NS,Axis Bank Ltd.,Financial Services,3836495003648.0,Financial Services,Banks - Regional,2026-03-25,2026-03-25,1200.0,1235.9000244140625,1198.0,1235.0999755859375,1192.699951171875,3.5549615284550695,3781595.0,7134784.05,0.530022348749294,2.18565371946518,1.6264980572150984,44.014996819980134,1310.3400024414063,1213.544224243164,None
BASF,BASF.NS,BASF India Ltd.,Chemicals,150309388288.0,Basic Materials,Specialty Chemicals,2026-03-25,2026-03-25,3346.60009765625,3509.0,3323.699951171875,3458.5,3330.0,3.85885885885886,19481.0,21724.85,0.8967150521177362,2.6904735270417066,1.4342675443834767,49.60417699597642,3565.3039892578126,4296.460404052735,None
BEML,BEML.NS,BEML Ltd.,Capital Goods,125671858176.0,Industrials,Conglomerates,2026-03-25,2026-03-25,1459.9000244140625,1513.4000244140625,1459.800048828125,1507.9000244140625,1446.800048828125,4.223111247157285,180868.0,256563.85,0.7049629166384898,3.147343388562075,1.3418018709063377,42.34008613792219,1672.27783203125,1947.6810638427735,None
BLS,BLS.NS,BLS International Services Ltd.,Consumer Services,110724317184.0,Industrials,Specialty Business Services,2026-03-25,2026-03-25,258.0,276.79998779296875,252.4499969482422,267.6499938964844,259.3999938964844,3.1804164202456464,25579150.0,6612189.65,3.8684840202670228,4.861726832180169,0.654174232742615,54.27659182042405,270.2375924682617,325.61969383239745,None
BSE,BSE.NS,BSE Ltd.,Financial Services,1161610395648.0,Financial Services,Financial Data & Stock Exchanges,2026-03-25,2026-03-25,2840.0,2865.0,2814.39990234375,2863.800048828125,2805.89990234375,2.0635143269370104,2443227.0,4269057.8,0.572310592749529,2.594426017715321,0.7953644901981684,52.404423607661464,2822.704013671875,2604.1684997558596,None
BAJAJ-AUTO,BAJAJ-AUTO.NS,Bajaj Auto Ltd.,Automobile and Auto Components,2552368201728.0,Consumer Cyclical,Auto Manufacturers,2026-03-25,2026-03-25,9020.0,9145.0,8981.0,9120.5,8898.0,2.5005619240278776,160881.0,344314.35,0.467250348409818,2.412315048773344,1.0365818201479973,45.43181565371544,9521.35,8963.690708007813,None
BAJFINANCE,BAJFINANCE.NS,Bajaj Finance Ltd.,Financial Services,5473181368320.0,Financial Services,Credit Services,2026-03-25,2026-03-25,862.0499877929688,883.9000244140625,853.2999877929688,879.2999877929688,849.0,3.568903155826697,7799863.0,9755064.3,0.7995706394267437,2.598756505780774,1.373311869691482,43.65702547179175,945.4699987792969,965.696499633789,None
BAJAJFINSV,BAJAJFINSV.NS,Bajaj Finserv Ltd.,Financial Services,2802010030080.0,Financial Services,Financial Conglomerates,2026-03-25,2026-03-25,1720.800048828125,1765.0,1717.5999755859375,1753.199951171875,1704.4000244140625,2.8631733195726206,759081.0,1456469.15,0.5211789072223054,2.0355191482451755,1.4066059373801356,38.299812196927824,1934.5940063476562,2005.0615692138672,None
BAJAJHLDNG,BAJAJHLDNG.NS,Bajaj Holdings & Investment Ltd.,Financial Services,1070198423552.0,Financial Services,Asset Management,2026-03-25,2026-03-25,9401.0,9662.0,9401.0,9606.0,9337.0,2.8810110313805204,20360.0,56409.15,0.36093435196240325,1.8832279363303863,1.5298259843120163,37.825764245332316,10588.82,12194.122919921874,None
BAJAJHFL,BAJAJHFL.NS,Bajaj Housing Finance Ltd.,Financial Services,666209681408.0,Financial Services,Mortgage Finance,2026-03-25,2026-03-25,79.79000091552734,81.4000015258789,79.48999786376953,79.9000015258789,78.75,1.4603193979414675,6519407.0,6401333.75,1.0184451013821925,1.4167373672331944,1.0307622511527215,32.893653231524354,87.38219970703125,104.63189990997314,None
BALKRISIND,BALKRISIND.NS,Balkrishna Industries Ltd.,Automobile and Auto Components,416211894272.0,Consumer Cyclical,Auto Parts,2026-03-25,2026-03-25,2079.0,2157.60009765625,2064.10009765625,2153.89990234375,2057.60009765625,4.680200238967336,70694.0,137766.65,0.5131430574816184,2.4683168530362956,1.896109988152528,40.4193714967418,2396.37439453125,2402.9935595703123,None
BALRAMCHIN,BALRAMCHIN.NS,Balrampur Chini Mills Ltd.,Fast Moving Consumer Goods,102649978880.0,Consumer Defensive,Confectioners,2026-03-25,2026-03-25,485.0,509.70001220703125,482.70001220703125,507.1000061035156,476.95001220703125,6.321415897856619,737353.0,1208031.0,0.6103758926716285,3.051295176355372,2.071715626479393,60.89257826006069,456.09700073242186,497.13319610595704,None
BANDHANBNK,BANDHANBNK.NS,Bandhan Bank Ltd.,Financial Services,249056329728.0,Financial Services,Banks - Regional,2026-03-25,2026-03-25,151.64999389648438,155.5,150.27000427246094,154.47000122070312,149.99000549316406,2.9868628331660707,6090637.0,11906057.15,0.5115578501989636,3.274711894674423,0.9120994240817113,40.04540739567554,162.67779998779298,163.093212890625,None
BANKBARODA,BANKBARODA.NS,Bank of Baroda,Financial Services,1422641856512.0,Financial Services,Banks - Regional,2026-03-25,2026-03-25,273.8999938964844,277.45001220703125,270.8999938964844,275.1000061035156,270.5,1.7005567850335135,6622359.0,9740812.95,0.6798569107109279,2.4286057161644563,0.7002193784338264,40.65657420608287,295.9090020751953,270.12120109558106,None
BANKINDIA,BANKINDIA.NS,Bank of India,Financial Services,685176455168.0,Financial Services,Banks - Regional,2026-03-25,2026-03-25,148.0,150.8000030517578,147.80999755859375,150.47999572753906,146.3300018310547,2.8360512844630037,5020865.0,8757936.5,0.5732931495906598,2.7109210579278264,1.0461578274915997,43.669597946225906,160.99199981689452,135.5472324371338,None
MAHABANK,MAHABANK.NS,Bank of Maharashtra,Financial Services,513026686976.0,Financial Services,Banks - Regional,2026-03-25,2026-03-25,64.05000305175781,66.88999938964844,64.0199966430664,66.77999877929688,63.880001068115234,4.539758394946447,11885043.0,25702710.0,0.4624042756580921,3.6206110201459065,1.2538652646435076,51.28644875966551,66.55330772399903,58.664637336730955,None
BATAINDIA,BATAINDIA.NS,Bata India Ltd.,Consumer Durables,84796039168.0,Consumer Cyclical,Footwear & Accessories,2026-03-25,2026-03-25,643.9000244140625,661.0,640.1500244140625,658.0499877929688,640.0499877929688,2.812280344238105,182223.0,228677.75,0.7968549629336479,2.369625204701526,1.1868038619180432,30.70857947158821,802.3069995117188,1039.724054260254,None
BAYERCROP,BAYERCROP.NS,Bayer Cropscience Ltd.,Chemicals,205340639232.0,Basic Materials,Agricultural Inputs,2026-03-25,2026-03-25,4571.60009765625,4613.89990234375,4551.7001953125,4568.5,4571.60009765625,-0.06781209182840087,5051.0,23867.6,0.21162580234292516,2.215581807415631,0.030606900454513294,50.03447696461816,4553.461982421875,4986.2821362304685,None
BERGEPAINT,BERGEPAINT.NS,Berger Paints India Ltd.,Consumer Durables,497979293696.0,Basic Materials,Specialty Chemicals,2026-03-25,2026-03-25,418.95001220703125,427.0,416.1499938964844,426.3999938964844,413.79998779296875,3.04495081566305,188112.0,454014.25,0.4143306074644133,1.8421859469921535,1.6529009032094302,44.93702779748083,460.6049993896484,527.3593963623047,None
BDL,BDL.NS,Bharat Dynamics Ltd.,Capital Goods,434046631936.0,Industrials,Aerospace & Defense,2026-03-25,2026-03-25,1189.9000244140625,1204.199951171875,1180.300048828125,1185.800048828125,1174.0999755859375,0.9965142224237278,659324.0,1606665.85,0.41036784344423577,2.8825680904122573,0.34570361953920364,36.996988967344,1335.0040161132813,1525.0024536132812,None
BEL,BEL.NS,Bharat Electronics Ltd.,Capital Goods,3050005331968.0,Industrials,Aerospace & Defense,2026-03-25,2026-03-25,416.29998779296875,422.0,414.6000061035156,417.3999938964844,414.45001220703125,0.7117822662723317,8205781.0,19763836.65,0.4151917031757091,2.2464746276353353,0.3168441154492636,41.580436607270265,433.9833972167969,408.351763458252,None
BHARATFORG,BHARATFORG.NS,Bharat Forge Ltd.,Automobile and Auto Components,824702926848.0,Consumer Cyclical,Auto Parts,2026-03-25,2026-03-25,1738.5,1751.4000244140625,1721.0,1723.9000244140625,1708.800048828125,0.8836595947134374,747283.0,1358533.3,0.5500660160483368,2.8027038596444123,0.31528824983512527,48.67766557677575,1661.4208837890626,1380.6648278808593,None
BHEL,BHEL.NS,Bharat Heavy Electricals Ltd.,Capital Goods,924836036608.0,Industrials,Specialty Industrial Machinery,2026-03-25,2026-03-25,259.95001220703125,266.79998779296875,259.3500061035156,265.5,258.20001220703125,2.8272608241069364,4077121.0,9335189.8,0.43674752065565925,2.760812434973377,1.0240684185176094,53.813286780969094,260.2140005493164,254.9362691497803,None
BPCL,BPCL.NS,Bharat Petroleum Corporation Ltd.,Oil Gas & Consumable Fuels,1230183202816.0,Energy,Oil & Gas Refining & Marketing,2026-03-25,2026-03-25,288.20001220703125,289.75,281.79998779296875,283.8500061035156,282.25,0.5668755016884353,8862352.0,13723007.65,0.6458024527881102,2.8976317724993628,0.19563407161272073,27.891782664051206,349.748818359375,332.0392872619629,None
BHARTIARTL,BHARTIARTL.NS,Bharti Airtel Ltd.,Telecommunication,11207090110464.0,Communication Services,Telecom Services,2026-03-25,2026-03-25,1814.0,1843.5999755859375,1810.0999755859375,1842.699951171875,1802.0999755859375,2.2529258163236365,6847503.0,10135189.95,0.6756166419949535,1.5414137942468555,1.4615970252325594,44.34340897370121,1940.2780053710937,1974.1164581298829,None
BHARTIHEXA,BHARTIHEXA.NS,Bharti Hexacom Ltd.,Telecommunication,798049959936.0,Communication Services,Telecom Services,2026-03-25,2026-03-25,1586.0,1599.4000244140625,1580.0,1595.9000244140625,1581.199951171875,0.9296783263427866,76856.0,141029.65,0.5449634172672201,1.8164412409805097,0.5118130470551026,50.26319757218436,1616.4059985351562,1738.4420428466797,None
BIKAJI,BIKAJI.NS,Bikaji Foods International Ltd.,Fast Moving Consumer Goods,156873883648.0,Consumer Defensive,Packaged Foods,2026-03-25,2026-03-25,619.5,627.8499755859375,616.0999755859375,626.1500244140625,616.5499877929688,1.5570573045436964,62839.0,138487.8,0.4537511607520663,1.764860590633757,0.8822551270095282,49.06432854714823,645.0330029296875,717.1218572998047,None
BIOCON,BIOCON.NS,Biocon Ltd.,Healthcare,618341662720.0,Healthcare,Biotechnology,2026-03-25,2026-03-25,371.0,381.8999938964844,371.0,381.8500061035156,369.04998779296875,3.4683697964860816,861623.0,3559403.5,0.24206949282372733,2.0327073028333835,1.7062809739757088,50.64917963435993,378.2899993896484,374.3089375305176,None
BSOFT,BSOFT.NS,Birlasoft Ltd.,Information Technology,98337243136.0,Technology,Information Technology Services,2026-03-25,2026-03-25,352.0,355.0,348.79998779296875,352.0,346.5,1.5873015873015817,465659.0,1546212.45,0.301161072658547,2.578492219085251,0.6155929327817381,40.25372698276277,396.66100036621094,395.16884033203127,None
BLUEDART,BLUEDART.NS,Blue Dart Express Ltd.,Services,120324349952.0,Industrials,Integrated Freight & Logistics,2026-03-25,2026-03-25,5029.0,5075.5,4977.5,5071.0,4964.5,2.145231141101833,9219.0,10144.3,0.9087862149187229,1.7051549209184131,1.2580857696768049,37.85512977843008,5474.27,5816.449663085938,None
BLUEJET,BLUEJET.NS,Blue Jet Healthcare Ltd.,Healthcare,61918486528.0,Healthcare,Biotechnology,2026-03-25,2026-03-25,353.8500061035156,362.70001220703125,349.5,356.95001220703125,348.25,2.498208817525116,395781.0,654808.9,0.6044221451479966,3.309191705141296,0.7549302186524269,42.150267939402845,403.80299987792966,627.3273045349121,None
BLUESTARCO,BLUESTARCO.NS,Blue Star Ltd.,Consumer Durables,358899875840.0,Industrials,Building Products & Equipment,2026-03-25,2026-03-25,1670.0999755859375,1751.0,1668.0,1743.5,1665.9000244140625,4.658141211879219,520885.0,551720.9,0.944109603243234,3.1341681686065557,1.4862448220033508,42.3490742776506,1852.433994140625,1824.6589697265624,None
BBTC,BBTC.NS,Bombay Burmah Trading Corporation Ltd.,Fast Moving Consumer Goods,100548288512.0,Consumer Defensive,Packaged Foods,2026-03-25,2026-03-25,1430.0,1449.800048828125,1421.0,1440.5,1414.5999755859375,1.830908020716926,43226.0,46750.6,0.9246084542230474,2.6885249302050847,0.6810083849872508,32.0643199262382,1681.7430883789064,1833.7754681396484,None
BOSCHLTD,BOSCHLTD.NS,Bosch Ltd.,Automobile and Auto Components,899076849664.0,Consumer Cyclical,Auto Parts,2026-03-25,2026-03-25,30340.0,30705.0,30180.0,30470.0,30080.0,1.2965425531914931,8629.0,23916.5,0.36079693935149376,2.6058205563433843,0.4975563455569886,37.37919364985989,34542.5,36585.4671875,None
FIRSTCRY,FIRSTCRY.NS,Brainbees Solutions Ltd.,Consumer Services,109370073088.0,Consumer Cyclical,Internet Retail,2026-03-25,2026-03-25,226.74000549316406,227.5800018310547,224.02999877929688,225.44000244140625,225.49000549316406,-0.02217528517437506,2236392.0,7495610.25,0.2983602302427611,5.603485990138996,0.003957408872512412,48.65326871693768,243.5691995239258,323.03230003356936,None
BRIGADE,BRIGADE.NS,Brigade Enterprises Ltd.,Realty,160795754496.0,Real Estate,Real Estate - Development,2026-03-25,2026-03-25,653.9500122070312,675.2999877929688,650.2000122070312,657.75,645.4000244140625,1.9135381342989088,99148.0,312625.4,0.31714633551848315,2.28530788035006,0.8373218115389319,40.845118833031464,732.135,915.0136737060546,None
BRITANNIA,BRITANNIA.NS,Britannia Industries Ltd.,Fast Moving Consumer Goods,1368131895296.0,Consumer Defensive,Packaged Foods,2026-03-25,2026-03-25,5536.5,5699.0,5536.5,5696.5,5513.5,3.3191257821710396,108487.0,351433.8,0.30869825270079315,1.5655083821626226,2.1201584226498595,42.6886899142074,5909.13,5850.95576171875,None
MAPMYINDIA,MAPMYINDIA.NS,C.E. Info Systems Ltd.,Information Technology,48811724800.0,Technology,Software - Infrastructure,2026-03-25,2026-03-25,880.0999755859375,900.2999877929688,879.7000122070312,891.7999877929688,868.7999877929688,2.647329687288247,104851.0,200524.55,0.5228836070196892,2.690046947997814,0.9841202545772066,31.578002329964875,1155.4900048828124,1586.8209600830078,None
CCL,CCL.NS,CCL Products (I) Ltd.,Fast Moving Consumer Goods,145182539776.0,Consumer Defensive,Packaged Foods,2026-03-25,2026-03-25,1075.800048828125,1108.800048828125,1075.800048828125,1086.0,1080.800048828125,0.4811205530119267,151566.0,269336.85,0.5627377018777787,1.9583062157512796,0.24568198228761218,61.45207180577666,1005.6150109863281,926.2275473022461,None
CESC,CESC.NS,CESC Ltd.,Power,202348314624.0,Utilities,Utilities - Regulated Electric,2026-03-25,2026-03-25,152.0,155.2100067138672,150.8000030517578,152.85000610351562,150.2899932861328,1.7033820824709611,890384.0,2728612.05,0.32631388547888296,1.868021184415928,0.91186443530808,47.52309500975015,152.8058004760742,162.7870701599121,None
CGPOWER,CGPOWER.NS,CG Power and Industrial Solutions Ltd.,Capital Goods,1076692451328.0,Industrials,Electrical Equipment & Parts,2026-03-25,2026-03-25,677.25,687.2000122070312,675.0,682.5999755859375,667.2999877929688,2.292820031897791,1501601.0,2935806.1,0.5114782614560274,2.2842579328004007,1.0037483066051536,47.46247893864582,663.0867407226563,688.5373739624024,None
CRISIL,CRISIL.NS,CRISIL Ltd.,Financial Services,292763729920.0,Financial Services,Financial Data & Stock Exchanges,2026-03-25,2026-03-25,3962.199951171875,4062.0,3950.10009765625,4000.0,3962.199951171875,0.9540166900700031,39277.0,44195.4,0.8887123999330246,1.4482947586020614,0.6587172151274299,32.7813530644745,4462.582016601563,4872.527738037109,None
CAMPUS,CAMPUS.NS,Campus Activewear Ltd.,Consumer Durables,71524089856.0,Consumer Cyclical,Footwear & Accessories,2026-03-25,2026-03-25,221.3000030517578,235.0,221.3000030517578,234.0,221.5,5.643340857787815,337653.0,256200.0,1.317927400468384,2.0101595592880375,2.8074094077320835,42.70154882151452,252.99899841308593,267.8997380065918,None
CANFINHOME,CANFINHOME.NS,Can Fin Homes Ltd.,Financial Services,112802734080.0,Financial Services,Mortgage Finance,2026-03-25,2026-03-25,835.6500244140625,864.0,835.3499755859375,844.7000122070312,831.6500244140625,1.5691682089666426,67744.0,159247.5,0.4254007127270444,2.536886094374787,0.6185410580498935,47.98106385553318,881.66,832.9106512451172,None
CANBK,CANBK.NS,Canara Bank,Financial Services,1243677065216.0,Financial Services,Banks - Regional,2026-03-25,2026-03-25,134.8000030517578,137.22000122070312,134.27999877929688,137.10000610351562,133.14999389648438,2.966588350054389,10792669.0,24377168.35,0.44273677914686915,2.579152344666044,1.1502183483614696,44.217931907429424,147.31959869384767,131.181328125,None
CAPLIPOINT,CAPLIPOINT.NS,Caplin Point Laboratories Ltd.,Healthcare,123628331008.0,Healthcare,Drug Manufacturers - Specialty & Generic,2026-03-25,2026-03-25,1591.800048828125,1630.0,1582.199951171875,1621.699951171875,1586.300048828125,2.231601919819748,36541.0,62803.45,0.5818310936739941,1.3012444320496908,1.7149751920971366,41.29711684092574,1724.7459936523437,1954.5537841796875,None
CGCL,CGCL.NS,Capri Global Capital Ltd.,Financial Services,162748334080.0,Financial Services,Credit Services,2026-03-25,2026-03-25,171.1999969482422,172.0,168.5,168.75,169.4600067138672,-0.4189818752137975,609875.0,2126099.2,0.2868516200937378,3.2204121636308307,0.1301019415916686,50.51960740042591,170.69240112304686,181.69366493225098,None
CARBORUNIV,CARBORUNIV.NS,Carborundum Universal Ltd.,Capital Goods,149289336832.0,Industrials,Conglomerates,2026-03-25,2026-03-25,765.0,787.9000244140625,762.3499755859375,787.9000244140625,764.0,3.128275446866824,48304.0,89224.95,0.5413732369701524,1.6892135124746737,1.8519123981455399,49.69653478621144,803.2808044433593,885.7022573852539,None
CASTROLIND,CASTROLIND.NS,Castrol India Ltd.,Oil Gas & Consumable Fuels,176311058432.0,Energy,Oil & Gas Refining & Marketing,2026-03-25,2026-03-25,175.0,178.61000061035156,173.77999877929688,178.16000366210938,173.77999877929688,2.5204309549887727,1159735.0,2057010.6,0.5637963168493152,1.011904264278003,2.4907800510032523,43.807937019443166,180.71599334716797,192.1184051513672,None
CEATLTD,CEATLTD.NS,Ceat Ltd.,Automobile and Auto Components,143321317376.0,Consumer Cyclical,Auto Parts,2026-03-25,2026-03-25,3492.0,3575.0,3465.300048828125,3552.199951171875,3451.699951171875,2.911608813676847,41830.0,157284.85,0.265950598547794,3.973836063484646,0.7326947481380661,49.304930782910034,3694.490009765625,3647.8198083496095,None
CENTRALBK,CENTRALBK.NS,Central Bank of India,Financial Services,308274462720.0,Financial Services,Banks - Regional,2026-03-25,2026-03-25,33.290000915527344,34.04999923706055,33.290000915527344,34.02000045776367,33.060001373291016,2.903808362356064,3303956.0,10574055.75,0.31245872710667333,2.5012800658341097,1.1609289187645295,39.66721161217141,36.989119338989255,37.13897081375122,None
CDSL,CDSL.NS,Central Depository Services (India) Ltd.,Financial Services,256213106688.0,Financial Services,Capital Markets,2026-03-25,2026-03-25,1202.0,1229.9000244140625,1200.5999755859375,1225.699951171875,1185.5,3.390970153679884,1473370.0,1968144.3,0.7486087275206396,2.6136458143352104,1.2974099761648037,47.53223631502043,1301.160009765625,1512.1354528808595,None
CENTURYPLY,CENTURYPLY.NS,Century Plyboards (India) Ltd.,Consumer Durables,155998765056.0,Basic Materials,Lumber & Wood Production,2026-03-25,2026-03-25,684.0,711.0499877929688,680.0999755859375,702.25,678.7999877929688,3.4546276707039913,27375.0,49823.15,0.5494433812394439,2.665622970875532,1.2959926097760586,49.909151559188075,737.7459973144531,763.883818359375,None
CERA,CERA.NS,Cera Sanitaryware Ltd,Consumer Durables,61431586816.0,Industrials,Building Products & Equipment,2026-03-25,2026-03-25,4700.0,4818.89990234375,4665.0,4765.2001953125,4700.7998046875,1.369987944621287,5931.0,19839.95,0.2989422856408408,2.786420166613713,0.4916659594400686,48.265545859500996,4945.672001953125,5837.992861328125,None
CHALET,CHALET.NS,Chalet Hotels Ltd.,Consumer Services,161267286016.0,Consumer Cyclical,Lodging,2026-03-25,2026-03-25,727.0,744.5499877929688,722.1500244140625,735.6500244140625,721.0,2.031903524835288,42857.0,172306.8,0.24872494875419893,2.5768263396271895,0.7885294765844639,40.55308173455056,818.5999975585937,898.5157525634766,None
CHAMBLFERT,CHAMBLFERT.NS,Chambal Fertilizers & Chemicals Ltd.,Chemicals,171759616000.0,Basic Materials,Agricultural Inputs,2026-03-25,2026-03-25,426.0,430.75,422.79998779296875,427.75,420.25,1.7846519928613969,260086.0,816589.0,0.31850294334114226,2.524481542082249,0.7069380239513955,47.30677069957068,438.9489984130859,488.29351928710935,None
CHENNPETRO,CHENNPETRO.NS,Chennai Petroleum Corporation Ltd.,Oil Gas & Consumable Fuels,151997693952.0,Energy,Oil & Gas Refining & Marketing,2026-03-25,2026-03-25,1005.0,1034.4000244140625,993.0,1021.4500122070312,997.9500122070312,2.354827367357637,1368345.0,3530931.35,0.38753089889442344,4.279400513890342,0.5502703847686594,57.157894739491866,915.0270031738281,817.2440927124023,None
CHOICEIN,CHOICEIN.NS,Choice International Ltd.,Financial Services,145955389440.0,Financial Services,Capital Markets,2026-03-25,2026-03-25,630.0,655.0999755859375,626.9500122070312,654.5,620.3499755859375,5.504961031360867,564489.0,663818.0,0.8503671186981974,3.524052681142082,1.5621108789942402,45.53281486781786,733.1919970703125,765.4789974975586,None
CHOLAHLDNG,CHOLAHLDNG.NS,Cholamandalam Financial Holdings Ltd.,Financial Services,265530376192.0,Financial Services,Credit Services,2026-03-25,2026-03-25,1376.4000244140625,1418.9000244140625,1362.699951171875,1410.199951171875,1374.5999755859375,2.589842588260094,216486.0,256508.85,0.8439708805368703,2.7044571680761575,0.9576201164621898,34.865298493853516,1638.6160009765624,1847.1719982910156,None
CHOLAFIN,CHOLAFIN.NS,Cholamandalam Investment and Finance Company Ltd.,Financial Services,1255817609216.0,Financial Services,Credit Services,2026-03-25,2026-03-25,1442.0,1476.199951171875,1428.699951171875,1473.699951171875,1418.9000244140625,3.862141505032546,1245678.0,2113988.15,0.5892549586902841,2.341034096648629,1.6497587585595184,38.34641830194726,1642.5556787109374,1617.7364630126954,None
CIPLA,CIPLA.NS,Cipla Ltd.,Healthcare,1001488973824.0,Healthcare,Drug Manufacturers - Specialty & Generic,2026-03-25,2026-03-25,1222.699951171875,1244.199951171875,1219.0,1241.4000244140625,1219.4000244140625,1.8041659471485838,811317.0,1452724.8,0.5584794862729678,1.3447688591268265,1.3416178809494808,34.14660543083558,1330.8180029296875,1475.3412353515625,None
CUB,CUB.NS,City Union Bank Ltd.,Financial Services,184127111168.0,Financial Services,Banks - Regional,2026-03-25,2026-03-25,235.5,247.8000030517578,235.5,247.5,235.5500030517578,5.073231497949249,1302081.0,2477145.55,0.5256376638829318,3.2528344977022985,1.5596340673135451,44.4669276266435,272.5290008544922,241.30510871887208,None
CLEAN,CLEAN.NS,Clean Science and Technology Ltd.,Chemicals,76488925184.0,Basic Materials,Specialty Chemicals,2026-03-25,2026-03-25,699.0,724.6500244140625,698.0999755859375,718.8499755859375,701.5,2.4732680806753393,87850.0,252452.4,0.34798639268234327,2.4418257682784152,1.0128765585183794,46.468766451283265,773.3828649902343,1036.7228945922852,None
COALINDIA,COALINDIA.NS,Coal India Ltd.,Oil Gas & Consumable Fuels,2742414213120.0,Energy,Thermal Coal,2026-03-25,2026-03-25,443.54998779296875,445.54998779296875,438.79998779296875,444.29998779296875,442.1000061035156,0.49762082313520306,5275650.0,13894711.9,0.37968761338621204,2.1169672805129247,0.23506306767983368,50.34164327245933,432.70408935546874,387.8714190673828,None
COCHINSHIP,COCHINSHIP.NS,Cochin Shipyard Ltd.,Capital Goods,350810406912.0,Industrials,Aerospace & Defense,2026-03-25,2026-03-25,1328.0,1352.4000244140625,1318.0999755859375,1331.699951171875,1305.0999755859375,2.0381561630169465,581867.0,1063083.6,0.5473388922564509,2.827304664448236,0.7208831041965914,40.2177463926014,1473.934111328125,1705.9862530517578,None
COFORGE,COFORGE.NS,Coforge Ltd.,Information Technology,384615514112.0,Technology,Information Technology Services,2026-03-25,2026-03-25,1130.0,1150.699951171875,1110.199951171875,1145.699951171875,1110.0999755859375,3.206916166910734,1855473.0,3491498.6,0.5314259613336233,2.0455632262556476,1.567742383001729,39.24761946521699,1388.7563598632812,1672.0693267822267,None
COHANCE,COHANCE.NS,Cohance Lifesciences Ltd.,Healthcare,117407121408.0,Healthcare,Drug Manufacturers - Specialty & Generic,2026-03-25,2026-03-25,297.5,312.1499938964844,297.3999938964844,306.1499938964844,296.29998779296875,3.3243356426994053,363315.0,837446.3,0.43383677257873127,2.15935550505326,1.539503631949391,45.687638328616615,338.83600158691405,704.8930015563965,None
COLPAL,COLPAL.NS,Colgate Palmolive (India) Ltd.,Fast Moving Consumer Goods,518594985984.0,Consumer Defensive,Household & Personal Products,2026-03-25,2026-03-25,1894.0,1914.5,1877.0,1907.199951171875,1877.300048828125,1.5927076954168617,196793.0,450891.25,0.4364533576555322,2.1334422664353045,0.7465436119244334,34.54393173252873,2111.3659912109374,2210.2830963134766,None
CAMS,CAMS.NS,Computer Age Management Services Ltd.,Financial Services,161467891712.0,Technology,Information Technology Services,2026-03-25,2026-03-25,648.0999755859375,656.9000244140625,640.2000122070312,650.7000122070312,638.6500244140625,1.8867904693222526,668847.0,1742719.5,0.3837949824971833,2.549630013617018,0.7400252033610039,45.02774731234986,692.9578039550781,755.2206201171875,None
CONCORDBIO,CONCORDBIO.NS,Concord Biotech Ltd.,Healthcare,110035329024.0,Healthcare,Biotechnology,2026-03-25,2026-03-25,1054.0,1072.5999755859375,1035.5999755859375,1049.4000244140625,1037.5,1.1469903049698749,63972.0,973905.9,0.0656860175094945,3.968460225651234,0.289026534159518,34.79183495187664,1192.9719946289063,1504.139521484375,None
CONCOR,CONCOR.NS,Container Corporation of India Ltd.,Services,340633616384.0,Industrials,Railroads,2026-03-25,2026-03-25,443.0,448.8500061035156,435.70001220703125,446.75,433.1000061035156,3.151695613973704,708331.0,1775936.5,0.39884928318101465,2.371103272094895,1.329210604643613,39.98315121756098,489.0713781738281,530.4141714477539,None
COROMANDEL,COROMANDEL.NS,Coromandel International Ltd.,Chemicals,593444864000.0,Basic Materials,Agricultural Inputs,2026-03-25,2026-03-25,1940.0999755859375,2018.0,1937.199951171875,2014.199951171875,1940.0999755859375,3.8193895427248936,86544.0,395099.95,0.21904330790221563,2.8296291689580273,1.349784482229992,44.96697198273054,2189.1623876953126,2268.9163415527346,None
CRAFTSMAN,CRAFTSMAN.NS,Craftsman Automation Ltd.,Automobile and Auto Components,168348860416.0,Consumer Cyclical,Auto Parts,2026-03-25,2026-03-25,6968.0,7101.0,6888.0,7063.0,6843.0,3.2149641969896336,8679.0,44325.85,0.19579996773891534,3.161687327188766,1.0168507712140653,46.05308321121505,7515.78,6839.683837890625,None
CREDITACC,CREDITACC.NS,CreditAccess Grameen Ltd.,Financial Services,188819406848.0,Financial Services,Credit Services,2026-03-25,2026-03-25,1151.9000244140625,1187.199951171875,1151.9000244140625,1179.0,1150.4000244140625,2.486089619174381,106678.0,298154.1,0.3577948450147089,2.697551625835093,0.9216096534963446,45.32807357180357,1256.9380053710938,1299.2390008544921,None
CROMPTON,CROMPTON.NS,Crompton Greaves Consumer Electricals Ltd.,Consumer Durables,159118393344.0,Consumer Cyclical,"Furnishings, Fixtures & Appliances",2026-03-25,2026-03-25,238.0,244.25,238.0,243.35000610351562,237.5500030517578,2.4415924972621905,774039.0,1845452.65,0.4194304307943095,1.8626378792994582,1.3108251069072419,45.38432149192486,248.26219848632812,288.60297080993655,None
CUMMINSIND,CUMMINSIND.NS,Cummins India Ltd.,Capital Goods,1310047207424.0,Industrials,Specialty Industrial Machinery,2026-03-25,2026-03-25,4635.0,4775.0,4635.0,4733.7998046875,4619.60009765625,2.4720691102502412,359078.0,751128.45,0.4780513905444535,2.5076304852863887,0.9858187339622783,54.79108704582921,4445.876811523438,4060.7658264160154,None
CYIENT,CYIENT.NS,Cyient Ltd.,Information Technology,89921642496.0,Industrials,Conglomerates,2026-03-25,2026-03-25,807.0,820.4000244140625,795.4500122070312,813.5,798.4500122070312,1.8849004399622116,298655.0,284974.8,1.0480049464022785,2.3135792610017436,0.8147118500474798,30.561991943832254,1002.0049963378906,1142.1549600219726,None
DCMSHRIRAM,DCMSHRIRAM.NS,DCM Shriram Ltd.,Diversified,173579173888.0,Industrials,Conglomerates,2026-03-25,2026-03-25,1079.5,1120.0,1060.0,1119.199951171875,1073.4000244140625,4.266808805301947,27518.0,74645.65,0.36864840750934585,2.602091031920675,1.639761542912854,59.99350943990443,1094.9824255371093,1208.6473538208008,None
DLF,DLF.NS,DLF Ltd.,Realty,1324278087680.0,Real Estate,Real Estate - Development,2026-03-25,2026-03-25,526.9000244140625,541.8499755859375,525.75,535.5499877929688,521.0,2.792703990972889,2634854.0,5048424.0,0.5219161465043348,2.430066249580946,1.1492295699569828,37.84758174344981,608.6529968261718,724.7709185791016,None
DOMS,DOMS.NS,DOMS Industries Ltd.,Fast Moving Consumer Goods,142277246976.0,Industrials,Business Equipment & Supplies,2026-03-25,2026-03-25,2300.0,2363.0,2290.800048828125,2342.699951171875,2295.39990234375,2.0606452400659503,44947.0,435481.25,0.1032122508144725,2.775656222891526,0.7423993011350964,56.54422491115681,2327.57798828125,2456.6364672851564,None
DABUR,DABUR.NS,Dabur India Ltd.,Fast Moving Consumer Goods,777319677952.0,Consumer Defensive,Household & Personal Products,2026-03-25,2026-03-25,425.0,438.79998779296875,421.1000061035156,438.3999938964844,421.3999938964844,4.034171866688729,1131404.0,1849383.8,0.611773499908456,2.22541066121024,1.8127763729211377,35.80564907796976,494.6520013427734,503.5418843078613,None
DALBHARAT,DALBHARAT.NS,Dalmia Bharat Ltd.,Construction Materials,349982818304.0,Basic Materials,Building Materials,2026-03-25,2026-03-25,1820.0,1883.300048828125,1801.0999755859375,1863.199951171875,1792.9000244140625,3.921017669726856,128489.0,257685.7,0.49862681553535954,2.592900179257055,1.5122131199244033,44.25075369640937,2033.5579931640625,2139.974541015625,None
DATAPATTNS,DATAPATTNS.NS,Data Patterns (India) Ltd.,Capital Goods,181970288640.0,Industrials,Aerospace & Defense,2026-03-25,2026-03-25,3261.89990234375,3342.0,3215.0,3244.5,3237.89990234375,0.20383884169712374,566698.0,1228945.1,0.4611255620775899,3.564061245373826,0.05719285603234452,54.74843848406465,2896.6620068359375,2783.409715576172,None
DEEPAKFERT,DEEPAKFERT.NS,Deepak Fertilisers & Petrochemicals Corp. Ltd.,Chemicals,126150508544.0,Basic Materials,Chemicals,2026-03-25,2026-03-25,927.0999755859375,999.0,924.5999755859375,995.4000244140625,921.0499877929688,8.072312861026386,976342.0,343169.7,2.8450705292454432,3.406480474798486,2.369692978059389,53.156528208232686,1033.3290026855468,1345.2031149291993,None
DEEPAKNTR,DEEPAKNTR.NS,Deepak Nitrite Ltd.,Chemicals,187472232448.0,Basic Materials,Chemicals,2026-03-25,2026-03-25,1337.5,1379.0,1332.300048828125,1373.5,1321.5,3.9349224366250546,87998.0,130892.15,0.6722939458172243,2.2998774531271677,1.710927002338624,35.59546063316404,1551.3260034179686,1724.0892364501954,None
DELHIVERY,DELHIVERY.NS,Delhivery Ltd.,Services,321889468416.0,Industrials,Integrated Freight & Logistics,2026-03-25,2026-03-25,419.6000061035156,429.29998779296875,419.20001220703125,428.29998779296875,418.8999938964844,2.243970884088209,889268.0,1572628.6,0.5654659975025254,2.2092425963631803,1.0157195446902019,54.291172713245906,419.3690008544922,428.8637504577637,None
DEVYANI,DEVYANI.NS,Devyani International Ltd.,Consumer Services,127066767360.0,Consumer Cyclical,Restaurants,2026-03-25,2026-03-25,104.9000015258789,106.75,102.7300033569336,102.87000274658203,102.18000030517578,0.6752813068559904,1502766.0,2637899.25,0.56968286412,2.529386193660583,0.2669743784276408,30.783595804336798,121.64340042114257,150.58835014343262,None
DIVISLAB,DIVISLAB.NS,Divi's Laboratories Ltd.,Healthcare,1614712668160.0,Healthcare,Drug Manufacturers - Specialty & Generic,2026-03-25,2026-03-25,6026.0,6137.5,6025.0,6080.0,6026.0,0.8961168270826381,113486.0,261410.9,0.434128798760878,1.4272486071870427,0.6278631645322046,44.21248034533595,6194.44,6356.460859375,None
DIXON,DIXON.NS,Dixon Technologies (India) Ltd.,Consumer Durables,634486128640.0,Technology,Consumer Electronics,2026-03-25,2026-03-25,10250.0,10570.0,10222.0,10451.0,10174.0,2.722626302339304,334658.0,753662.6,0.44404220137764566,3.8353993410199667,0.7098677504635703,48.76877156007446,10745.8,14298.479008789063,None
AGARWALEYE,AGARWALEYE.NS,Dr. Agarwal's Health Care Ltd.,Healthcare,133043322880.0,Healthcare,Medical Instruments & Supplies,2026-03-25,2026-03-25,419.1000061035156,423.95001220703125,416.3999938964844,421.0,418.25,0.6575014943215773,30531.0,161681.05,0.18883474593961383,1.3755690839938917,0.4779850768472905,36.87119930051808,449.3770007324219,463.54425048828125,None
LALPATHLAB,LALPATHLAB.NS,Dr. Lal Path Labs Ltd.,Healthcare,224178585600.0,Healthcare,Diagnostics & Research,2026-03-25,2026-03-25,1326.0,1344.0,1304.0999755859375,1343.800048828125,1310.9000244140625,2.509727957993446,68933.0,298565.15,0.23088093168274995,1.4994279707314837,1.6737902766807105,45.27381967076213,1389.5499633789063,1493.970430908203,None
DRREDDY,DRREDDY.NS,Dr. Reddy's Laboratories Ltd.,Healthcare,1079787454464.0,Healthcare,Drug Manufacturers - Specialty & Generic,2026-03-25,2026-03-25,1268.9000244140625,1299.0,1260.0999755859375,1296.699951171875,1259.5999755859375,2.9453776044001234,693870.0,1786385.2,0.38842126546950795,1.6629739044418013,1.771150825958858,52.972542293060485,1259.1800073242186,1263.569129638672,None
EIDPARRY,EIDPARRY.NS,E.I.D. Parry (India) Ltd.,Fast Moving Consumer Goods,144672751616.0,Basic Materials,Agricultural Inputs,2026-03-25,2026-03-25,801.0,818.0,792.0,812.4000244140625,790.0999755859375,2.822433808023761,125344.0,230386.05,0.5440607189541208,2.2769303466832893,1.239578457959895,44.911539923994326,872.9230017089844,1020.0997515869141,None
EIHOTEL,EIHOTEL.NS,EIH Ltd.,Consumer Services,191080005632.0,Consumer Cyclical,Lodging,2026-03-25,2026-03-25,302.0,309.5,301.0,305.3999938964844,301.0,1.4617919921875,118004.0,683735.3,0.17258725708618525,2.7337455490975198,0.5347213066958904,42.62100500305634,325.04199951171876,365.1824754333496,None
EICHERMOT,EICHERMOT.NS,Eicher Motors Ltd.,Automobile and Auto Components,1931034886144.0,Consumer Cyclical,Auto Manufacturers,2026-03-25,2026-03-25,6988.0,7073.0,6904.0,7029.5,6871.0,2.306796681705725,312936.0,609678.15,0.5132806547192154,2.7346321285045874,0.8435491771126009,45.11990684141427,7387.16,6694.710305175781,None
ELECON,ELECON.NS,Elecon Engineering Co. Ltd.,Capital Goods,87628177408.0,Industrials,Specialty Industrial Machinery,2026-03-25,2026-03-25,390.3999938964844,397.79998779296875,387.8999938964844,390.0,384.54998779296875,1.4172441503145672,233437.0,446440.45,0.522884967076796,2.2093108543091113,0.6414869811327493,44.65753301134205,408.9620013427734,523.8893112182617,None
ELGIEQUIP,ELGIEQUIP.NS,Elgi Equipments Ltd.,Capital Goods,153916768256.0,Industrials,Specialty Industrial Machinery,2026-03-25,2026-03-25,483.0,493.8999938964844,483.0,486.45001220703125,480.95001220703125,1.1435699886483075,187999.0,441944.5,0.42539051849270665,2.4933237346175434,0.4586528306656987,48.04141683988533,483.3760003662109,497.7949108886719,None
EMAMILTD,EMAMILTD.NS,Emami Ltd.,Fast Moving Consumer Goods,180880883712.0,Consumer Defensive,Household & Personal Products,2026-03-25,2026-03-25,408.0,416.8999938964844,403.75,414.8500061035156,402.70001220703125,3.0171327360769995,208163.0,620514.35,0.33546847063246804,1.8514887442440124,1.6295712007198484,33.72849679669896,468.1277062988281,528.4347607421874,None
EMCURE,EMCURE.NS,Emcure Pharmaceuticals Ltd.,Healthcare,303722463232.0,Healthcare,Drug Manufacturers - Specialty & Generic,2026-03-25,2026-03-25,1564.5,1621.699951171875,1544.0999755859375,1600.5999755859375,1539.699951171875,3.9553176817152647,433361.0,349501.15,1.2399415567016017,3.0231628225140197,1.3083376298025782,62.15248778025908,1493.3380029296875,1404.8145855712892,None
ENDURANCE,ENDURANCE.NS,Endurance Technologies Ltd.,Automobile and Auto Components,329151053824.0,Consumer Cyclical,Auto Parts,2026-03-25,2026-03-25,2254.0,2354.5,2228.5,2339.0,2240.60009765625,4.3916762498885875,42205.0,74134.65,0.569301939106747,2.244569804311285,1.956578156514991,43.70019949235832,2465.1480126953124,2652.0355639648437,None
ENGINERSIN,ENGINERSIN.NS,Engineers India Ltd.,Construction,110242267136.0,Industrials,Engineering & Construction,2026-03-25,2026-03-25,191.0,197.30999755859375,190.41000366210938,195.99000549316406,187.33999633789062,4.617278383881307,1930120.0,3569129.55,0.5407817152504313,3.21945559019264,1.4341798650513538,50.39174000577264,192.06744354248048,202.04072067260742,None
ERIS,ERIS.NS,Eris Lifesciences Ltd.,Healthcare,184248172544.0,Healthcare,Drug Manufacturers - Specialty & Generic,2026-03-25,2026-03-25,1293.5,1333.0,1282.0,1325.699951171875,1281.4000244140625,3.4571504537054487,27612.0,63110.35,0.43751936092891264,1.5096770602339387,2.289993366640764,47.31401966278286,1376.0559912109375,1586.4114978027344,None
ESCORTS,ESCORTS.NS,Escorts Kubota Ltd.,Capital Goods,325552930816.0,Industrials,Farm & Heavy Construction Machinery,2026-03-25,2026-03-25,2939.89990234375,2974.0,2920.39990234375,2955.800048828125,2899.800048828125,1.9311676342177675,129159.0,141009.6,0.9159589134356809,3.34105031239816,0.5780121379948936,37.963085605656346,3421.2739111328124,3515.2193823242187,None
ETERNAL,ETERNAL.NS,Eternal Ltd.,Consumer Services,2203134722048.0,Consumer Cyclical,Internet Retail,2026-03-25,2026-03-25,242.0,244.5,240.72999572753906,241.7100067138672,237.94000244140625,1.584434829695902,34464097.0,61078654.85,0.5642576295211256,2.779936974548522,0.5699535076521739,48.75562120164805,261.8018005371094,291.03049972534177,None
EXIDEIND,EXIDEIND.NS,Exide Industries Ltd.,Automobile and Auto Components,263402700800.0,Consumer Cyclical,Auto Parts,2026-03-25,2026-03-25,302.0,312.6000061035156,300.79998779296875,309.6499938964844,298.5,3.7353413388557355,1124057.0,1480256.9,0.7593661613737454,2.4129487852160696,1.5480400420190648,46.81189709922756,325.71800048828123,370.62223388671873,None
NYKAA,NYKAA.NS,FSN E-Commerce Ventures Ltd.,Consumer Services,704217743360.0,Consumer Cyclical,Internet Retail,2026-03-25,2026-03-25,240.0,248.0,240.0,245.8000030517578,240.0500030517578,2.395334274901151,1224843.0,4299468.4,0.2848824287207227,1.9868365534330543,1.2056020767094573,46.460690819674795,254.08759979248046,241.1416495513916,None
FEDERALBNK,FEDERALBNK.NS,Federal Bank Ltd.,Financial Services,671720538112.0,Financial Services,Banks - Regional,2026-03-25,2026-03-25,265.5,273.25,264.79998779296875,273.04998779296875,262.5,4.019042968749997,3559190.0,8973934.35,0.3966142230581395,2.4110636859242067,1.6669169678981008,48.91459286658031,279.61100128173825,235.7068635559082,None
FACT,FACT.NS,Fertilisers and Chemicals Travancore Ltd.,Chemicals,520084127744.0,Basic Materials,Agricultural Inputs,2026-03-25,2026-03-25,801.0,815.0,795.5499877929688,802.0,794.2000122070312,0.9821188205843878,248201.0,2722557.0,0.09116466615758642,6.029415986400406,0.1628878854601502,52.54597227119677,789.93,894.7003778076172,None
FINCABLES,FINCABLES.NS,Finolex Cables Ltd.,Capital Goods,127887884288.0,Industrials,Electrical Equipment & Parts,2026-03-25,2026-03-25,827.0,837.9500122070312,821.9000244140625,835.0,815.25,2.4225697638761146,154653.0,953793.4,0.16214517735182482,3.9470166903687147,0.6137723637671793,47.56481107492712,814.1860021972657,829.2237658691406,None
FINPIPE,FINPIPE.NS,Finolex Industries Ltd.,Capital Goods,101112872960.0,Industrials,Building Products & Equipment,2026-03-25,2026-03-25,162.66000366210938,167.3699951171875,159.50999450683594,162.9499969482422,160.44000244140625,1.5644443210181436,888717.0,629008.7,1.4128850682033494,2.1771602886180395,0.7185710345705324,32.328132463809126,179.35319976806642,191.5019773864746,None
FSL,FSL.NS,Firstsource Solutions Ltd.,Services,154309214208.0,Technology,Information Technology Services,2026-03-25,2026-03-25,218.0,224.50999450683594,218.0,223.27999877929688,216.0500030517578,3.34644555677559,667062.0,1743101.45,0.3826868482038151,2.990283840090287,1.119106324259355,44.9395033620722,259.10795623779296,323.52594520568846,None
FIVESTAR,FIVESTAR.NS,Five-Star Business Finance Ltd.,Financial Services,117262655488.0,Financial Services,Credit Services,2026-03-25,2026-03-25,366.8999938964844,398.8999938964844,361.6499938964844,393.6499938964844,364.54998779296875,7.982446050729752,3245609.0,1339760.55,2.422529160154775,3.552263683652565,2.2471434447461722,49.4451945088382,434.24300170898437,566.6933676147461,None
FORCEMOT,FORCEMOT.NS,Force Motors Ltd.,Automobile and Auto Components,288889536512.0,Consumer Cyclical,Auto Manufacturers,2026-03-25,2026-03-25,21900.0,22290.0,21825.0,21945.0,21485.0,2.1410286246218213,36263.0,102530.7,0.353679434549847,4.1715529214411875,0.5132449869249505,50.72158768634899,21835.0,18486.162739257812,None
FORTIS,FORTIS.NS,Fortis Healthcare Ltd.,Healthcare,627294732288.0,Healthcare,Medical Care Facilities,2026-03-25,2026-03-25,815.0,832.0,813.0499877929688,831.0,811.4000244140625,2.4155749317472885,992703.0,1817149.0,0.5462969739960785,2.2795616336646094,1.059666427120913,42.56838247130886,878.0050024414063,901.529928894043,None
GAIL,GAIL.NS,GAIL (India) Ltd.,Oil Gas & Consumable Fuels,915448266752.0,Utilities,Utilities - Regulated Gas,2026-03-25,2026-03-25,139.8000030517578,140.85000610351562,138.8000030517578,139.17999267578125,137.6699981689453,1.096821767210976,10228428.0,16433466.6,0.6224145062612657,2.654135194903401,0.41325014992346515,33.889232995579974,157.72890716552735,169.29910858154298,None
GVT&D,GVT&D.NS,GE Vernova T&D India Ltd.,Capital Goods,946450333696.0,Industrials,Specialty Industrial Machinery,2026-03-25,2026-03-25,3569.0,3723.60009765625,3561.0,3696.60009765625,3520.89990234375,4.990207054609597,333278.0,553117.2,0.6025449940808205,2.987072143763368,1.670601449994612,52.52217761643907,3437.2539892578125,2955.1072265625,None
GMRAIRPORT,GMRAIRPORT.NS,GMR Airports Ltd.,Services,959916539904.0,Industrials,Airports & Air Services,2026-03-25,2026-03-25,89.5,91.52999877929688,89.30999755859375,90.8499984741211,89.0199966430664,2.055719950644619,4002840.0,12987142.15,0.30821561462619396,3.047658590243473,0.6745243569032418,45.63849324950345,95.74079940795899,93.80499969482422,None
GRSE,GRSE.NS,Garden Reach Shipbuilders & Engineers Ltd.,Capital Goods,252513943552.0,Industrials,Aerospace & Defense,2026-03-25,2026-03-25,2182.0,2234.0,2172.800048828125,2204.0,2155.0,2.2737819025522077,526609.0,1064729.15,0.49459432945928083,2.9098737282680216,0.7814022582710417,39.334679044533786,2413.9336767578125,2581.411455078125,None
GICRE,GICRE.NS,General Insurance Corporation of India,Financial Services,640531431424.0,Financial Services,Insurance - Reinsurance,2026-03-25,2026-03-25,359.04998779296875,366.20001220703125,359.04998779296875,365.1499938964844,357.29998779296875,2.197035088639354,108178.0,294092.0,0.3678372754104158,1.8661967415329475,1.1772794581318615,46.807455008751774,374.052998046875,374.80937896728517,None
GILLETTE,GILLETTE.NS,Gillette India Ltd.,Fast Moving Consumer Goods,255077072896.0,Consumer Defensive,Household & Personal Products,2026-03-25,2026-03-25,7849.0,7849.0,7741.5,7821.5,7725.5,1.2426380169568318,9327.0,20112.9,0.46373223155288396,1.2836176484925945,0.9680748924074963,38.70406617790346,8205.903544921875,9068.676623535157,None
GLAND,GLAND.NS,Gland Pharma Ltd.,Healthcare,283035041792.0,Healthcare,Drug Manufacturers - Specialty & Generic,2026-03-25,2026-03-25,1689.0,1727.0,1670.199951171875,1716.5,1670.199951171875,2.772126103562589,27111.0,91977.65,0.2947563891880256,2.237086604118056,1.2391679868180452,51.85075022950886,1751.5319970703124,1828.0986492919922,None
GLAXO,GLAXO.NS,Glaxosmithkline Pharmaceuticals Ltd.,Healthcare,396545654784.0,Healthcare,Drug Manufacturers - General,2026-03-25,2026-03-25,2310.0,2352.5,2310.0,2342.89990234375,2309.10009765625,1.463765244382742,62320.0,47604.5,1.3091199361404908,1.6802096920690224,0.8711800981104036,38.35999146194032,2467.3280126953123,2718.7725036621096,None
GLENMARK,GLENMARK.NS,Glenmark Pharmaceuticals Ltd.,Healthcare,610723168256.0,Healthcare,Drug Manufacturers - Specialty & Generic,2026-03-25,2026-03-25,2120.0,2166.5,2102.39990234375,2166.5,2095.699951171875,3.3783485459612184,223784.0,599349.75,0.3733779817210235,2.750924147976612,1.2280776801665345,54.32007489881255,2055.0819921875,1971.575932006836,None
MEDANTA,MEDANTA.NS,Global Health Ltd.,Healthcare,276972732416.0,Healthcare,Medical Care Facilities,2026-03-25,2026-03-25,985.0,1043.9000244140625,972.7999877929688,1032.800048828125,973.7999877929688,6.0587453044515405,506094.0,178783.7,2.8307614172880413,2.1041502629479227,2.8794261565536745,41.874384050966086,1101.869990234375,1231.8610522460938,None
GODIGIT,GODIGIT.NS,Go Digit General Insurance Ltd.,Financial Services,298729635840.0,Financial Services,Insurance - Property & Casualty,2026-03-25,2026-03-25,322.75,326.8999938964844,322.75,323.0,322.75,0.07745933384972759,38034.0,286950.35,0.1325455780067876,1.8015188891016616,0.04299668147712465,43.035637398122255,328.4950012207031,346.26450057983396,None
GPIL,GPIL.NS,Godawari Power & Ispat Ltd.,Capital Goods,179508461568.0,Basic Materials,Steel,2026-03-25,2026-03-25,266.0,281.5,264.54998779296875,276.79998779296875,263.3999938964844,5.087317466586794,3749106.0,2078266.45,1.803958294183116,3.245354965744064,1.5675688854640966,59.70009060791961,257.61739837646485,237.20446655273437,None
GODFRYPHLP,GODFRYPHLP.NS,Godfrey Phillips India Ltd.,Fast Moving Consumer Goods,331929190400.0,Consumer Defensive,Tobacco,2026-03-25,2026-03-25,1915.0,2148.0,1906.300048828125,2128.0,1897.5,12.147562582345195,3293716.0,685730.2,4.803224358501347,3.867335217305868,3.1410679188052506,53.61818241835427,2097.2420092773436,2801.1852264404297,None
GODREJAGRO,GODREJAGRO.NS,Godrej Agrovet Ltd.,Fast Moving Consumer Goods,109290364928.0,Consumer Defensive,Packaged Foods,2026-03-25,2026-03-25,559.9500122070312,573.1500244140625,558.5499877929688,567.7999877929688,557.2000122070312,1.902364564557657,78690.0,154801.9,0.5083270941764927,2.5806040508461225,0.7371780122308628,43.82548280773609,581.3409997558593,664.1709106445312,None
GODREJCP,GODREJCP.NS,Godrej Consumer Products Ltd.,Fast Moving Consumer Goods,1071030075392.0,Consumer Defensive,Household & Personal Products,2026-03-25,2026-03-25,1017.0,1048.699951171875,1006.5,1047.699951171875,1006.9000244140625,4.0520335453914536,790274.0,1494526.05,0.52877900656198,2.1351680016448986,1.8977586504995545,39.55795942017618,1157.5056945800782,1176.1256875610352,None
GODREJIND,GODREJIND.NS,Godrej Industries Ltd.,Diversified,274277007360.0,Industrials,Conglomerates,2026-03-25,2026-03-25,793.9500122070312,818.75,791.5,814.25,791.2000122070312,2.9132946710492824,30088.0,74254.25,0.4052023958224613,2.419971937177743,1.2038547333102012,32.10103043690762,959.0999975585937,1089.1649963378907,None
GODREJPROP,GODREJPROP.NS,Godrej Properties Ltd.,Realty,474402193408.0,Real Estate,Real Estate - Development,2026-03-25,2026-03-25,1557.0,1603.5999755859375,1557.0,1575.0,1540.5,2.2395326192794496,344521.0,1276038.35,0.26999266910747627,2.650732570520847,0.8448730906261886,41.90852305474502,1702.5880004882813,2032.982504272461,None
GRANULES,GRANULES.NS,Granules India Ltd.,Healthcare,155988164608.0,Healthcare,Drug Manufacturers - Specialty & Generic,2026-03-25,2026-03-25,612.0,640.0,608.4500122070312,629.4000244140625,606.3499755859375,3.801443020732531,1783285.0,808609.45,2.2053724452515366,2.530925599212014,1.501997143620533,64.6559342909287,578.0849987792968,541.1588989257813,None
GRAPHITE,GRAPHITE.NS,Graphite India Ltd.,Capital Goods,116086341632.0,Industrials,Electrical Equipment & Parts,2026-03-25,2026-03-25,579.0,596.7999877929688,575.4500122070312,592.9500122070312,570.8499755859375,3.8714263933198323,428633.0,1402021.05,0.3057250816597939,3.269586088900945,1.184072322322974,40.82526683901556,645.2070031738281,580.4986019897461,None
GRASIM,GRASIM.NS,Grasim Industries Ltd.,Construction Materials,1781485142016.0,Basic Materials,Building Materials,2026-03-25,2026-03-25,2561.800048828125,2644.0,2561.800048828125,2636.60009765625,2549.39990234375,3.420420438250349,735481.0,1171688.15,0.6277105388494371,2.289379393631354,1.494038274200139,44.4174831575145,2781.9720068359375,2784.9000952148435,Death Cross
GRAVITA,GRAVITA.NS,Gravita India Ltd.,Metals & Mining,105045393408.0,Industrials,Metal Fabrication,2026-03-25,2026-03-25,1418.9000244140625,1475.0,1401.9000244140625,1438.300048828125,1392.699951171875,3.27422267932731,295457.0,236804.0,1.247685849901184,3.0191688724459613,1.0844781519871456,43.48661244421969,1561.5080029296876,1693.7955017089844,None
GESHIP,GESHIP.NS,Great Eastern Shipping Co. Ltd.,Services,204870893568.0,Industrials,Marine Shipping,2026-03-25,2026-03-25,1415.5999755859375,1462.5,1404.199951171875,1435.5,1398.699951171875,2.631018096289539,327411.0,678694.75,0.48241274888305824,3.0563717458448516,0.8608305255623494,57.8652746064514,1289.2262719726561,1084.1888284301758,None
FLUOROCHEM,FLUOROCHEM.NS,Gujarat Fluorochemicals Ltd.,Chemicals,352080232448.0,Basic Materials,Specialty Chemicals,2026-03-25,2026-03-25,3230.89990234375,3245.0,3191.39990234375,3199.5,3199.10009765625,0.012500463616094137,19587.0,79276.3,0.24707258032980853,2.1631351535753836,0.00577886388440985,46.12840143454065,3290.826005859375,3490.9301550292967,None
GUJGASLTD,GUJGASLTD.NS,Gujarat Gas Ltd.,Oil Gas & Consumable Fuels,230610698240.0,Utilities,Utilities - Regulated Gas,2026-03-25,2026-03-25,331.0,340.3999938964844,331.0,335.1499938964844,328.6499938964844,1.9777879570103796,1685103.0,2928953.05,0.5753260537924977,2.838365821183904,0.6968051624104709,28.244911911175933,398.9609979248047,421.54171295166014,None
GMDCLTD,GMDCLTD.NS,Gujarat Mineral Development Corporation Ltd.,Metals & Mining,186092879872.0,Energy,Thermal Coal,2026-03-25,2026-03-25,584.0,589.9500122070312,578.5,584.9000244140625,574.0,1.8989589571537513,1540578.0,3984413.35,0.3866511490330189,3.1710460564037173,0.5988430705126245,56.73089038772568,564.3389965820312,513.6471160888672,None
GSPL,GSPL.NS,Gujarat State Petronet Ltd.,Oil Gas & Consumable Fuels,135172743168.0,Utilities,Utilities - Regulated Gas,2026-03-25,2026-03-25,233.0500030517578,240.9499969482422,233.0500030517578,238.64999389648438,231.25,3.199997360641893,246999.0,1176186.8,0.20999980615324026,2.878312122905076,1.111761763144763,25.831314678044762,291.7219985961914,304.2519257354736,None
HEG,HEG.NS,H.E.G. Ltd.,Capital Goods,96479125504.0,Industrials,Electrical Equipment & Parts,2026-03-25,2026-03-25,496.0,503.45001220703125,492.6499938964844,499.54998779296875,488.3500061035156,2.293433305922621,357344.0,1078556.55,0.33131688829853195,2.616637012006359,0.8764812602585962,43.02948156000823,538.4460034179688,527.8079302978516,None
HBLENGINE,HBLENGINE.NS,HBL Engineering Ltd.,Capital Goods,187037286400.0,Industrials,Electrical Equipment & Parts,2026-03-25,2026-03-25,665.0,679.8499755859375,664.7999877929688,673.8499755859375,660.25,2.05982212585194,696759.0,1173629.65,0.5936787639950984,3.1414992516340092,0.6556812403442562,46.9388793310832,723.4106176757813,773.7459875488281,None
HCLTECH,HCLTECH.NS,HCL Technologies Ltd.,Information Technology,3791701409792.0,Technology,Information Technology Services,2026-03-25,2026-03-25,1348.0,1403.800048828125,1348.0,1400.300048828125,1373.300048828125,1.9660670676477254,1991053.0,3124635.0,0.6372113862899187,1.5979579943794202,1.2303621713230724,50.53458966130344,1501.4464965820312,1534.085157470703,None
HDFCAMC,HDFCAMC.NS,HDFC Asset Management Company Ltd.,Financial Services,1028160487424.0,Financial Services,Asset Management,2026-03-25,2026-03-25,2375.199951171875,2419.5,2365.60009765625,2401.699951171875,2351.699951171875,2.126121573251072,482536.0,1011132.2,0.47722345307567104,2.6195296115157,0.8116425040222643,42.9342757919836,2585.2519970703124,2681.7192456054686,None
HDFCBANK,HDFCBANK.NS,HDFC Bank Ltd.,Financial Services,12204576342016.0,Financial Services,Banks - Regional,2026-03-25,2026-03-25,768.2000122070312,793.0,768.2000122070312,792.2999877929688,764.9000244140625,3.5821627015760082,31875754.0,51048759.75,0.6244177949886431,2.2772347037673333,1.5730318423699907,36.716995690670224,891.9359985351563,960.897424621582,None
HDFCLIFE,HDFCLIFE.NS,HDFC Life Insurance Company Ltd.,Financial Services,1324030492672.0,Financial Services,Insurance - Life,2026-03-25,2026-03-25,603.9500122070312,617.2000122070312,603.9500122070312,613.1500244140625,603.0,1.6832544633602842,1271038.0,3169621.75,0.4010062083906384,1.8834762208219495,0.8936956276653769,31.926355186281867,696.3059973144532,747.6346044921875,None
HFCL,HFCL.NS,HFCL Ltd.,Telecommunication,109943963648.0,Technology,Communication Equipment,2026-03-25,2026-03-25,70.16999816894531,72.20999908447266,70.16999816894531,71.79000091552734,69.58000183105469,3.176198658112561,9503614.0,20746523.0,0.4580822531081473,2.931296153467733,1.0835475133944101,53.66177029559009,68.76880012512207,73.33212617874146,None
HAPPSTMNDS,HAPPSTMNDS.NS,Happiest Minds Technologies Ltd.,Information Technology,60738441216.0,Technology,Information Technology Services,2026-03-25,2026-03-25,402.0,406.8500061035156,398.75,403.95001220703125,399.3999938964844,1.1392134151424482,761396.0,7975413.6,0.09546790150168513,5.156391637634142,0.22093229048543384,55.95695413365526,390.38499938964844,508.6286903381348,None
HAVELLS,HAVELLS.NS,Havells India Ltd.,Consumer Durables,803437805568.0,Industrials,Electrical Equipment & Parts,2026-03-25,2026-03-25,1251.199951171875,1287.4000244140625,1240.5999755859375,1281.4000244140625,1234.199951171875,3.8243457389032454,286265.0,844871.65,0.3388266134862023,2.188100877943609,1.7477922418720429,42.02147675294519,1352.7558203125,1460.9578729248046,None
HEROMOTOCO,HEROMOTOCO.NS,Hero MotoCorp Ltd.,Automobile and Auto Components,1065578070016.0,Consumer Cyclical,Auto Manufacturers,2026-03-25,2026-03-25,5305.0,5364.0,5278.5,5322.5,5253.0,1.3230534932419546,205491.0,490222.9,0.41917870421802,2.7152731285322638,0.48726350190675993,46.76962833969972,5501.840849609375,5196.338654785156,None
HEXT,HEXT.NS,Hexaware Technologies Ltd.,Information Technology,267868504064.0,Technology,Information Technology Services,2026-03-25,2026-03-25,439.5,442.20001220703125,435.25,439.1000061035156,437.1499938964844,0.44607394126900957,1282433.0,1233601.05,1.0395848803792767,2.621100227690123,0.17018576266429833,37.00377752748091,563.1319982910156,708.1679733276367,None
HSCL,HSCL.NS,Himadri Speciality Chemical Ltd.,Chemicals,234728800256.0,Basic Materials,Specialty Chemicals,2026-03-25,2026-03-25,449.0,462.5,445.70001220703125,461.54998779296875,445.6499938964844,3.5678209613478895,1073922.0,1754407.9,0.6121278865650344,2.409941452654112,1.4804596009660667,53.20007697945841,459.4100006103516,467.2620002746582,None
HINDALCO,HINDALCO.NS,Hindalco Industries Ltd.,Metals & Mining,1942416654336.0,Basic Materials,Aluminum,2026-03-25,2026-03-25,866.0,874.7999877929688,862.2999877929688,868.2999877929688,854.6500244140625,1.5971406995822113,2155902.0,6723152.8,0.320668303121119,2.437435017888742,0.6552546787342143,40.22993805861825,935.0810009765624,801.1161026000976,None
HAL,HAL.NS,Hindustan Aeronautics Ltd.,Capital Goods,2476473843712.0,Industrials,Aerospace & Defense,2026-03-25,2026-03-25,3693.0,3729.89990234375,3672.60009765625,3701.800048828125,3654.0,1.3081567823788998,546051.0,1644626.4,0.3320213028320596,1.8562850701549247,0.7047176122952503,34.655661537305804,4116.969897460937,4487.706856689453,None
HINDCOPPER,HINDCOPPER.NS,Hindustan Copper Ltd.,Metals & Mining,467397935104.0,Basic Materials,Copper,2026-03-25,2026-03-25,472.5,487.0,471.20001220703125,483.29998779296875,463.54998779296875,4.26059767448872,7325758.0,11353808.45,0.6452247307378169,3.682264829014687,1.1570590037188566,41.833103841301984,560.2764288330078,376.5890602111816,None
HINDPETRO,HINDPETRO.NS,Hindustan Petroleum Corporation Ltd.,Oil Gas & Consumable Fuels,722289360896.0,Energy,Oil & Gas Refining & Marketing,2026-03-25,2026-03-25,345.0,348.95001220703125,337.54998779296875,340.25,336.79998779296875,1.0243504548913318,8969304.0,11613021.6,0.7723488605239485,3.4679269073759205,0.29537832897015354,34.25606524387159,418.7090002441406,427.20622024536135,None
HINDUNILVR,HINDUNILVR.NS,Hindustan Unilever Ltd.,Fast Moving Consumer Goods,5053059956736.0,Consumer Defensive,Household & Personal Products,2026-03-25,2026-03-25,2098.0,2152.39990234375,2086.0,2150.0,2085.0,3.1175059952038398,893717.0,1894243.6,0.4718067940152998,1.4383339059563396,2.1674424709685396,42.412827845799576,2300.71599609375,2406.339100341797,None
HINDZINC,HINDZINC.NS,Hindustan Zinc Ltd.,Metals & Mining,2181320933376.0,Basic Materials,Other Industrial Metals & Mining,2026-03-25,2026-03-25,511.0,520.7999877929688,510.75,516.7999877929688,497.04998779296875,3.97344341314545,5226272.0,6746407.45,0.774674823412867,3.0487757143490817,1.3032914800667081,38.37614472731193,606.4769946289063,512.9019815063476,None
POWERINDIA,POWERINDIA.NS,Hitachi Energy India Ltd.,Capital Goods,1141673820160.0,Industrials,Electrical Equipment & Parts,2026-03-25,2026-03-25,25300.0,25790.0,25245.0,25595.0,25025.0,2.2777222777222716,63989.0,124590.75,0.5135935051358147,2.11477726327343,1.0770506744509925,62.05370685404249,21983.78,19999.804541015626,None
HOMEFIRST,HOMEFIRST.NS,Home First Finance Company India Ltd.,Financial Services,98718932992.0,Financial Services,Mortgage Finance,2026-03-25,2026-03-25,930.0,960.5999755859375,925.5999755859375,947.5999755859375,929.5,1.9472808591648683,144449.0,834837.9,0.17302640428758684,3.045526033607844,0.6393906463698971,35.14371559242875,1100.0080017089845,1201.7274978637695,None
HONASA,HONASA.NS,Honasa Consumer Ltd.,Fast Moving Consumer Goods,94764507136.0,Consumer Defensive,Household & Personal Products,2026-03-25,2026-03-25,285.0,294.95001220703125,285.0,291.20001220703125,288.29998779296875,1.0059051463245483,301726.0,604388.45,0.49922529128410714,2.807358303113566,0.35831021113654277,53.100472950440796,287.15000122070313,287.56300033569335,None
HONAUT,HONAUT.NS,Honeywell Automation India Ltd.,Capital Goods,249451282432.0,Industrials,Electrical Equipment & Parts,2026-03-25,2026-03-25,27700.0,28450.0,27700.0,28165.0,27640.0,1.8994211287988394,2361.0,5508.25,0.42862978259882906,1.6612706276476523,1.143354428344048,33.53730687519085,31278.6,35404.2028515625,None
HUDCO,HUDCO.NS,Housing & Urban Development Corporation Ltd.,Financial Services,357719506944.0,Financial Services,Credit Services,2026-03-25,2026-03-25,171.25999450683594,179.60000610351562,171.1699981689453,178.77000427246094,169.16000366210938,5.681012297414689,4975774.0,3477541.05,1.4308311328201289,2.5970076012987455,2.1875223986921157,48.23899764079683,190.24238494873046,213.97376960754394,None
HYUNDAI,HYUNDAI.NS,Hyundai Motor India Ltd.,Automobile and Auto Components,1535702728704.0,Consumer Cyclical,Auto Manufacturers,2026-03-25,2026-03-25,1875.0,1898.699951171875,1871.4000244140625,1890.199951171875,1859.5,1.6509788207515363,181334.0,545014.6,0.33271402270691464,1.943788987712281,0.8493611349731104,31.76972364437654,2149.6739868164063,2266.00567565918,None
ICICIBANK,ICICIBANK.NS,ICICI Bank Ltd.,Financial Services,9092883021824.0,Financial Services,Banks - Regional,2026-03-25,2026-03-25,1258.9000244140625,1272.0,1256.800048828125,1270.9000244140625,1251.199951171875,1.5744944062486832,6347461.0,17717555.25,0.3582582873559827,1.7524033316998988,0.8984771814610526,41.580150709343144,1356.8100048828126,1387.944966430664,None
ICICIGI,ICICIGI.NS,ICICI Lombard General Insurance Company Ltd.,Financial Services,883394019328.0,Financial Services,Insurance - Diversified,2026-03-25,2026-03-25,1740.0999755859375,1773.0999755859375,1736.0,1771.9000244140625,1730.0999755859375,2.4160481716652527,134610.0,582198.35,0.23120986172496025,1.4002102291332699,1.7254895882033274,37.08428702433718,1865.4979858398438,1924.8929193115234,None
ICICIPRULI,ICICIPRULI.NS,ICICI Prudential Life Insurance Company Ltd.,Financial Services,796969795584.0,Financial Services,Insurance - Life,2026-03-25,2026-03-25,537.0,551.75,537.0,549.5,537.5,2.2325581395348904,309960.0,1035719.7,0.2992701596773722,1.9321793451374771,1.15546113519604,29.285153450841904,630.4770007324219,626.5033111572266,None
IDBI,IDBI.NS,IDBI Bank Ltd.,Financial Services,731556937728.0,Financial Services,Banks - Regional,2026-03-25,2026-03-25,67.79000091552734,68.73999786376953,67.5,68.02999877929688,67.06999969482422,1.4313390321168296,9529141.0,29592268.1,0.3220145535245404,5.012523626218616,0.2855525756786534,23.061247005339823,100.1479995727539,97.0277795791626,None
IDFCFIRSTB,IDFCFIRSTB.NS,IDFC First Bank Ltd.,Financial Services,542939250688.0,Financial Services,Banks - Regional,2026-03-25,2026-03-25,62.5,63.36000061035156,62.5,63.220001220703125,62.09000015258789,1.819940514315066,13784597.0,46166788.7,0.29858253927026984,2.4931309649277806,0.7299819142745214,35.83391002131553,76.08660041809082,75.63789144515991,None
IFCI,IFCI.NS,IFCI Ltd.,Financial Services,144201908224.0,Financial Services,Credit Services,2026-03-25,2026-03-25,52.400001525878906,53.790000915527344,52.290000915527344,53.400001525878906,52.02000045776367,2.65282786615062,6060335.0,23361643.65,0.2594138961622249,3.329796012686146,0.7966938082824432,44.2507771179256,57.68299995422363,56.25869995117188,None
IIFL,IIFL.NS,IIFL Finance Ltd.,Financial Services,198985416704.0,Financial Services,Credit Services,2026-03-25,2026-03-25,462.0,474.20001220703125,459.0,467.6000061035156,455.8999938964844,2.5663549821603793,562443.0,1084947.4,0.5184057770911291,2.475029971741215,1.0368985472749308,41.776878556007325,518.1593731689453,508.14001098632815,None
INOXINDIA,INOXINDIA.NS,INOX India Ltd.,Capital Goods,112982417408.0,Industrials,Specialty Industrial Machinery,2026-03-25,2026-03-25,1208.800048828125,1262.0,1205.300048828125,1245.800048828125,1202.5999755859375,3.5922230267083854,158048.0,87544.1,1.8053529592513944,2.1825920907530767,1.645851756692169,65.32415188769701,1145.86599609375,1170.0224951171874,None
IRB,IRB.NS,IRB Infrastructure Developers Ltd.,Construction,249954205696.0,Industrials,Infrastructure Operations,2026-03-25,2026-03-25,40.9900016784668,41.75,40.84000015258789,41.400001525878906,40.630001068115234,1.895152442828607,3311382.0,7333029.15,0.45157082186152225,1.8215334880709584,1.0404159216614857,50.2187016190695,41.4468376159668,43.66746967315674,None
IRCON,IRCON.NS,IRCON International Ltd.,Construction,117705539584.0,Industrials,Engineering & Construction,2026-03-25,2026-03-25,120.0,127.3499984741211,120.0,125.22000122070312,118.62000274658203,5.563984421937018,7136974.0,6740105.7,1.0588816136815185,4.101978035595397,1.356414971912304,40.0688700917908,146.2512519836426,166.86255352020262,None
ITCHOTELS,ITCHOTELS.NS,ITC Hotels Ltd.,Consumer Services,313154633728.0,Consumer Cyclical,Resorts & Casinos,2026-03-25,2026-03-25,148.0,154.1699981689453,147.30999755859375,150.25999450683594,145.27000427246094,3.434976311431792,5638002.0,6381177.6,0.8835362927369393,2.8307925893277073,1.2134327058725183,37.88543853189719,174.2333999633789,209.04194953918457,None
ITC,ITC.NS,ITC Ltd.,Fast Moving Consumer Goods,3729396072448.0,Consumer Defensive,Tobacco,2026-03-25,2026-03-25,292.70001220703125,298.5,292.25,297.70001220703125,291.25,2.2145964659334716,13321219.0,22865036.65,0.5826021276025377,1.3238531655285473,1.672841462783598,38.95729654270325,314.4544281005859,377.10273239135745,None
ITI,ITI.NS,ITI Ltd.,Telecommunication,252433186816.0,Technology,Communication Equipment,2026-03-25,2026-03-25,257.0,263.20001220703125,257.0,261.5,256.04998779296875,2.1284953981087096,428639.0,8698848.65,0.049275371632083745,4.448958543723233,0.4784255409868171,46.568696768611204,278.5119995117187,304.41299926757813,None
INDGN,INDGN.NS,Indegene Ltd.,Healthcare,110822236160.0,Healthcare,Health Information Services,2026-03-25,2026-03-25,444.1000061035156,463.8500061035156,444.1000061035156,461.04998779296875,444.1000061035156,3.816703773136676,244458.0,411807.85,0.593621515471354,2.5818937122515146,1.4782575111538412,50.89757988853383,473.4179998779297,532.4510102844238,None
INDIACEM,INDIACEM.NS,India Cements Ltd.,Construction Materials,168180989952.0,Basic Materials,Building Materials,2026-03-25,2026-03-25,359.0,370.70001220703125,358.0,362.04998779296875,356.54998779296875,1.5425607034920352,161143.0,206959.4,0.7786213141321439,2.2102269586873184,0.6979195948311939,37.503597212166056,420.5120025634766,394.1557511901855,None
INDIAMART,INDIAMART.NS,Indiamart Intermesh Ltd.,Consumer Services,122061783040.0,Communication Services,Internet Content & Information,2026-03-25,2026-03-25,1970.0,2045.199951171875,1970.0,2031.300048828125,1963.9000244140625,3.431947837271987,84840.0,159029.15,0.5334870996921005,1.7771005894635796,1.931206290527384,41.04360922967013,2161.7580029296873,2377.4590051269533,None
INDIANB,INDIANB.NS,Indian Bank,Financial Services,1230892564480.0,Financial Services,Banks - Regional,2026-03-25,2026-03-25,885.0,914.4000244140625,882.0999755859375,913.9000244140625,871.4500122070312,4.871193024545661,1210178.0,1748606.95,0.6920812021249259,2.8190857219782686,1.7279336298888224,52.4615056812031,899.4660021972657,775.1105014038086,None
IEX,IEX.NS,Indian Energy Exchange Ltd.,Financial Services,108992643072.0,Financial Services,Capital Markets,2026-03-25,2026-03-25,120.5,124.0,120.12000274658203,122.47000122070312,119.62000274658203,2.3825433946518926,3384241.0,5853064.65,0.5781998324587103,2.315635523537466,1.0288939560800203,50.20819981614262,125.18577056884766,144.5719743347168,None
INDHOTEL,INDHOTEL.NS,Indian Hotels Co. Ltd.,Consumer Services,877545914368.0,Consumer Cyclical,Lodging,2026-03-25,2026-03-25,611.7000122070312,625.9500122070312,609.7000122070312,616.7999877929688,604.0499877929688,2.1107524638126263,1226614.0,2808684.7,0.4367218577435908,2.3207862956117453,0.9094988486461415,43.72409642743232,658.3690002441406,723.2231506347656,None
IOC,IOC.NS,Indian Oil Corporation Ltd.,Oil Gas & Consumable Fuels,1973725560832.0,Energy,Oil & Gas Refining & Marketing,2026-03-25,2026-03-25,141.32000732421875,141.69000244140625,139.0,139.8000030517578,138.6999969482422,0.7930830048439752,13800183.0,24860429.4,0.555106381227671,2.4651992047175773,0.3217115287585183,28.558409645259943,163.35709808349608,150.4440658569336,None
IOB,IOB.NS,Indian Overseas Bank,Financial Services,641021444096.0,Financial Services,Banks - Regional,2026-03-25,2026-03-25,32.59000015258789,33.31999969482422,32.529998779296875,33.2400016784668,32.439998626708984,2.46610075716569,3785773.0,7518833.4,0.5035053709262929,2.668690560741502,0.9240864390364083,46.84957407575887,34.7066003036499,37.425750207901004,None
IRCTC,IRCTC.NS,Indian Railway Catering And Tourism Corporation Ltd.,Consumer Services,421039996928.0,Consumer Cyclical,Travel Services,2026-03-25,2026-03-25,518.0,529.5499877929688,516.0499877929688,526.25,515.1500244140625,2.1547073784113246,776808.0,3567556.6,0.21774230575627027,1.876352697508668,1.1483488052498034,36.80152777683209,589.6777429199219,681.2780389404297,None
IRFC,IRFC.NS,Indian Railway Finance Corporation Ltd.,Financial Services,1248806961152.0,Financial Services,Credit Services,2026-03-25,2026-03-25,93.98999786376953,96.13999938964844,93.80000305175781,95.55999755859375,92.87000274658203,2.8965163480742184,9559726.0,19633563.0,0.48690734330798746,2.537980994859797,1.1412679424867906,40.47486586002724,107.74600006103516,120.24924156188965,None
IREDA,IREDA.NS,Indian Renewable Energy Development Agency Ltd.,Financial Services,335422226432.0,Financial Services,Credit Services,2026-03-25,2026-03-25,115.45999908447266,120.18000030517578,115.45999908447266,119.3499984741211,114.37000274658203,4.354284871858938,7818475.0,8598535.6,0.9092798313238362,2.5466924270090243,1.7097804295797312,50.014190640568394,124.74599960327149,144.1421001815796,None
IGL,IGL.NS,Indraprastha Gas Ltd.,Oil Gas & Consumable Fuels,214090121216.0,Utilities,Utilities - Regulated Gas,2026-03-25,2026-03-25,152.0,153.7899932861328,150.8699951171875,152.27999877929688,149.88999938964844,1.5945022345590143,1806021.0,3072540.35,0.587794070792268,2.4697819208979337,0.6456044645347895,39.304981424760314,166.77027923583984,193.16319007873534,None
INDUSTOWER,INDUSTOWER.NS,Indus Towers Ltd.,Telecommunication,1119339806720.0,Communication Services,Telecom Services,2026-03-25,2026-03-25,431.79998779296875,434.79998779296875,423.25,423.8500061035156,429.29998779296875,-1.269504273100841,3249690.0,3896400.4,0.8340236285778022,2.283082999703075,0.5560482353317623,42.82016191692289,443.8399981689453,398.202248840332,None
INDUSINDBK,INDUSINDBK.NS,IndusInd Bank Ltd.,Financial Services,643775397888.0,Financial Services,Banks - Regional,2026-03-25,2026-03-25,802.9500122070312,834.2999877929688,802.9500122070312,825.8499755859375,797.25,3.587328389581379,1978730.0,4256045.65,0.46492217488315707,2.62967376906185,1.3641724048763575,41.65194225814613,900.7689990234375,833.6720004272461,None
NAUKRI,NAUKRI.NS,Info Edge (India) Ltd.,Consumer Services,660579876864.0,Communication Services,Internet Content & Information,2026-03-25,2026-03-25,996.0,1030.0999755859375,995.2000122070312,1019.9000244140625,987.4000244140625,3.291472472799062,1033228.0,1741940.45,0.5931477163872049,1.9349853632623288,1.7010322327450247,48.068674805556846,1121.705010986328,1311.4954251098634,None
INFY,INFY.NS,Infosys Ltd.,Information Technology,5210411368448.0,Technology,Information Technology Services,2026-03-25,2026-03-25,1270.0,1290.5999755859375,1257.0999755859375,1287.199951171875,1278.300048828125,0.6962295238828187,5151788.0,12064786.9,0.42701027732201385,1.566861768315097,0.44434648796843096,43.711964446860236,1430.6840063476564,1503.4791174316406,None
INOXWIND,INOXWIND.NS,Inox Wind Ltd.,Capital Goods,141034946560.0,Industrials,Specialty Industrial Machinery,2026-03-25,2026-03-25,79.27999877929688,81.94999694824219,78.76000213623047,81.37000274658203,77.91000366210938,4.4410203078393495,6668393.0,11677099.95,0.5710658492736461,3.3260270234260467,1.335232779697857,40.68544649375846,97.19239990234375,135.25018600463866,None
INTELLECT,INTELLECT.NS,Intellect Design Arena Ltd.,Information Technology,91856265216.0,Technology,Software - Application,2026-03-25,2026-03-25,651.0,663.2999877929688,645.4000244140625,662.1500244140625,643.0499877929688,2.970225796387549,163715.0,464349.45,0.3525685235548357,2.1798085266264913,1.362608577820512,41.92156045324515,753.8609997558593,973.7861846923828,None
INDIGO,INDIGO.NS,InterGlobe Aviation Ltd.,Services,1658183090176.0,Industrials,Airlines,2026-03-25,2026-03-25,4219.89990234375,4317.89990234375,4181.0,4288.39990234375,4150.7998046875,3.315026118601483,1218684.0,2002062.7,0.6087142026071412,3.1844718340799028,1.0409971547320347,44.80483680059456,4658.884008789062,5386.465318603516,None
IGIL,IGIL.NS,International Gemmological Institute (India) Ltd.,Services,143995617280.0,Basic Materials,Other Precious Metals & Mining,2026-03-25,2026-03-25,331.5,337.0,327.8500061035156,333.0,326.45001220703125,2.00642902375352,246146.0,812191.05,0.30306416205891457,2.622066223770849,0.7652091337601807,53.74219138526824,321.1884338378906,342.6435885620117,None
IKS,IKS.NS,Inventurus Knowledge Solutions Ltd.,Information Technology,223913197568.0,Healthcare,Health Information Services,2026-03-25,2026-03-25,1347.300048828125,1372.0,1323.800048828125,1336.300048828125,1347.300048828125,-0.8164476806460264,133943.0,281333.25,0.4761008519256078,2.7464873324523724,0.2972697783816138,40.87564490299208,1525.7580029296876,1584.0714978027345,None
IPCALAB,IPCALAB.NS,Ipca Laboratories Ltd.,Healthcare,404064501760.0,Healthcare,Drug Manufacturers - Specialty & Generic,2026-03-25,2026-03-25,1530.800048828125,1593.4000244140625,1527.0,1587.0999755859375,1530.800048828125,3.6778106194151228,141089.0,218654.85,0.6452589549237073,1.4280290276381926,2.575445280337073,65.03450458411913,1494.2680053710938,1415.1927032470703,None
JBCHEPHARM,JBCHEPHARM.NS,J.B. Chemicals & Pharmaceuticals Ltd.,Healthcare,336579231744.0,Healthcare,Drug Manufacturers - Specialty & Generic,2026-03-25,2026-03-25,2092.0,2112.10009765625,2063.10009765625,2093.89990234375,2076.800048828125,0.82337505362029,127047.0,345644.25,0.36756578476280166,1.321713760096109,0.6229601888690467,56.113325599552105,1979.21091796875,1784.4964538574218,None
JKCEMENT,JKCEMENT.NS,J.K. Cement Ltd.,Construction Materials,411607957504.0,Basic Materials,Building Materials,2026-03-25,2026-03-25,5122.5,5363.0,5117.5,5325.0,5122.5,3.9531478770131745,79846.0,71468.35,1.1172218191689047,2.5738759274464416,1.5358735185557748,50.63018481014382,5533.01,6055.648583984375,None
JBMA,JBMA.NS,JBM Auto Ltd.,Automobile and Auto Components,136452423680.0,Consumer Cyclical,Auto Parts,2026-03-25,2026-03-25,572.9500122070312,592.0,570.0,575.9000244140625,572.2000122070312,0.6466291730333751,1664945.0,4824097.05,0.34513090900606985,5.290060922056245,0.12223473085864398,56.12927010341195,559.283002319336,620.929228363037,None
JKTYRE,JKTYRE.NS,JK Tyre & Industries Ltd.,Automobile and Auto Components,118076366848.0,Consumer Cyclical,Auto Parts,2026-03-25,2026-03-25,405.5,412.0,402.0,408.79998779296875,398.04998779296875,2.7006658283308838,923391.0,1759003.7,0.5249511413762233,3.8401376254346706,0.7032731875137396,36.40495907736425,498.22500183105467,422.1593775939941,None
JMFINANCIL,JMFINANCIL.NS,JM Financial Ltd.,Financial Services,120023695360.0,Financial Services,Capital Markets,2026-03-25,2026-03-25,121.97000122070312,126.4000015258789,121.25,125.27999877929688,120.44000244140625,4.018595350199594,2769393.0,3165441.45,0.8748836595919346,3.218782259925068,1.248483129857049,49.872588383507455,129.03920028686522,152.41685810089112,None
JSWCEMENT,JSWCEMENT.NS,JSW Cement Ltd.,Construction Materials,157309288448.0,Basic Materials,Building Materials,2026-03-25,2026-03-25,116.0,117.94999694824219,115.80000305175781,117.5,115.05000305175781,2.1295062001345677,694302.0,2616060.75,0.2653998000619825,2.143244161372187,0.9935901091041239,47.36149932345901,119.68239959716797,,None
JSWENERGY,JSWENERGY.NS,JSW Energy Ltd.,Power,873585180672.0,Utilities,Utilities - Independent Power Producers,2026-03-25,2026-03-25,490.0,503.54998779296875,489.04998779296875,498.0,484.0,2.892561983471076,2025800.0,3440137.85,0.5888717511712502,2.388553155879057,1.2110100946891127,52.59057546628381,484.27699951171877,507.0677487182617,None
JSWINFRA,JSWINFRA.NS,JSW Infrastructure Ltd.,Services,537543344128.0,Industrials,Marine Shipping,2026-03-25,2026-03-25,252.5500030517578,260.70001220703125,252.5500030517578,257.95001220703125,252.4499969482422,2.1786553080912485,1028640.0,1624444.95,0.6332255211233844,2.5823972363742667,0.8436561491794813,51.09978903400849,259.2410009765625,288.82857986450193,None
JSWSTEEL,JSWSTEEL.NS,JSW Steel Ltd.,Metals & Mining,2824436711424.0,Basic Materials,Steel,2026-03-25,2026-03-25,1140.0,1170.0999755859375,1137.300048828125,1157.0,1133.699951171875,2.0552218251434384,813183.0,1785166.65,0.4555221777193743,2.7960877512989977,0.7350348086137961,45.81705091170458,1208.05599609375,1125.90818359375,None
JPPOWER,JPPOWER.NS,Jaiprakash Power Ventures Ltd.,Power,106427596800.0,Utilities,Utilities - Independent Power Producers,2026-03-25,2026-03-25,15.100000381469727,15.729999542236328,15.0,15.520000457763672,14.90999984741211,4.091218085809967,53301221.0,110249905.5,0.4834582012408165,4.795087798226339,0.8532102555709767,55.04558948927378,14.975399990081787,17.851400036811828,None
J&KBANK,J&KBANK.NS,Jammu & Kashmir Bank Ltd.,Financial Services,131040714752.0,Financial Services,Banks - Regional,2026-03-25,2026-03-25,114.37000274658203,119.69999694824219,114.37000274658203,119.04000091552734,113.0999984741211,5.25199161940344,3220444.0,10698024.0,0.3010316671564767,4.391520165004245,1.1959393153323625,53.57905970988391,110.02620010375976,105.78688415527344,None
JINDALSAW,JINDALSAW.NS,Jindal Saw Ltd.,Capital Goods,118650740736.0,Basic Materials,Steel,2026-03-25,2026-03-25,182.80999755859375,187.3000030517578,182.7100067138672,187.3000030517578,181.97000122070312,2.929055226300825,1140462.0,14443084.25,0.0789624972242338,5.624692686142696,0.5207493795202371,51.46867863153922,182.50160064697266,193.90410034179686,None
JSL,JSL.NS,Jindal Stainless Ltd.,Metals & Mining,604909207552.0,Basic Materials,Steel,2026-03-25,2026-03-25,722.0999755859375,740.8499755859375,718.0,734.2999877929688,717.4500122070312,2.3485922781021795,190184.0,898357.4,0.21170193510956775,2.930774178388301,0.8013555924645561,48.09689805228786,766.3318591308594,752.1914855957032,None
JINDALSTEL,JINDALSTEL.NS,Jindal Steel Ltd.,Metals & Mining,1156680515584.0,Basic Materials,Steel,2026-03-25,2026-03-25,1132.199951171875,1154.0,1130.5,1136.5,1120.5999755859375,1.4188849509610968,698548.0,1386839.5,0.5036977963203384,3.3037383003108647,0.4294786154301589,46.12425146778348,1155.647996826172,1043.485264892578,None
JIOFIN,JIOFIN.NS,Jio Financial Services Ltd.,Financial Services,1530154188800.0,Financial Services,Asset Management,2026-03-25,2026-03-25,235.0,241.0,234.75,240.75,232.6999969482422,3.459391129063194,9040570.0,15116574.95,0.5980567707898673,2.5799844379913948,1.34085736259574,46.40796995281317,255.5479998779297,295.65362899780274,None
JUBLFOOD,JUBLFOOD.NS,Jubilant Foodworks Ltd.,Consumer Services,307925745664.0,Consumer Cyclical,Restaurants,2026-03-25,2026-03-25,450.0,470.04998779296875,448.6000061035156,468.25,448.6000061035156,4.380292828607346,1389069.0,2312323.9,0.600724232448577,2.1818702928195806,2.0075862635018487,43.220811559958136,504.58399780273436,593.8388677978515,None
JUBLINGREA,JUBLINGREA.NS,Jubilant Ingrevia Ltd.,Chemicals,94067318784.0,Basic Materials,Specialty Chemicals,2026-03-25,2026-03-25,575.9500122070312,596.4500122070312,561.2000122070312,594.8499755859375,573.0499877929688,3.804203517555016,127468.0,256805.65,0.49635979582224926,2.601906944840459,1.4620828485425632,52.257025337272154,614.7394201660156,689.5568585205078,None
JUBLPHARMA,JUBLPHARMA.NS,Jubilant Pharmova Ltd.,Healthcare,138010935296.0,Healthcare,Drug Manufacturers - Specialty & Generic,2026-03-25,2026-03-25,868.0,886.2999877929688,861.0,870.8499755859375,860.3499755859375,1.2204335791198284,52919.0,162948.05,0.3247599464982858,2.0427760022028583,0.5974387685207558,51.52643785946279,908.4569995117188,1060.455560913086,None
JWL,JWL.NS,Jupiter Wagons Ltd.,Capital Goods,113680523264.0,Industrials,Railroads,2026-03-25,2026-03-25,265.0,269.1000061035156,263.0,265.8500061035156,259.6000061035156,2.4075500204371325,1386897.0,8213058.35,0.1688648662772498,4.778319872844369,0.5038486506772936,45.2424962770755,291.22500213623044,321.73149978637696,None
JYOTHYLAB,JYOTHYLAB.NS,Jyothy Labs Ltd.,Fast Moving Consumer Goods,79685541888.0,Consumer Defensive,Household & Personal Products,2026-03-25,2026-03-25,213.0,217.39999389648438,210.3000030517578,217.10000610351562,210.1999969482422,3.2825924145814422,307868.0,577900.35,0.5327354447873236,2.4949859034910022,1.315675735878273,40.337892938689066,240.93959991455077,298.13210136413574,None
JYOTICNC,JYOTICNC.NS,Jyoti CNC Automation Ltd.,Capital Goods,174569963520.0,Industrials,Specialty Industrial Machinery,2026-03-25,2026-03-25,754.0,769.9000244140625,746.75,767.4000244140625,744.9000244140625,3.0205395707562976,276388.0,983840.2,0.2809277360286762,2.6681080613872266,1.1320904181016684,46.915344331434596,816.7800012207031,935.8860034179687,None
KPRMILL,KPRMILL.NS,K.P.R. Mill Ltd.,Textiles,287770345472.0,Consumer Cyclical,Textile Manufacturing,2026-03-25,2026-03-25,846.7000122070312,850.5,838.5,840.6500244140625,837.4500122070312,0.3821138169904481,224793.0,654609.6,0.34340009679051453,3.581646072467668,0.10668664889246884,45.65086551925168,880.5283752441406,1008.8624145507813,None
KEI,KEI.NS,KEI Industries Ltd.,Capital Goods,402574082048.0,Industrials,Electrical Equipment & Parts,2026-03-25,2026-03-25,4219.0,4319.0,4186.5,4212.0,4126.0,2.0843431895298137,365246.0,509969.75,0.716211108600069,3.0889123850725366,0.6747822306655898,42.64750292573598,4421.194619140625,4125.396313476563,None
KPITTECH,KPITTECH.NS,KPIT Technologies Ltd.,Information Technology,184265637888.0,Technology,Software - Infrastructure,2026-03-25,2026-03-25,671.75,684.7999877929688,665.25,675.5999755859375,665.0,1.5939812911184292,776048.0,2296670.0,0.3379013963695263,2.6136986291577218,0.6098565738744326,33.143028657376675,879.4936767578125,1136.9233178710938,None
KSB,KSB.NS,KSB Ltd.,Capital Goods,141050085376.0,Industrials,Specialty Industrial Machinery,2026-03-25,2026-03-25,800.0,824.0,798.4500122070312,808.5499877929688,799.2000122070312,1.1699168472379062,245367.0,1252073.15,0.1959685821870711,2.9194118540828007,0.40073717094824296,63.93168729547136,735.0820007324219,785.8162503051758,None
KAJARIACER,KAJARIACER.NS,Kajaria Ceramics Ltd.,Consumer Durables,150090235904.0,Industrials,Building Products & Equipment,2026-03-25,2026-03-25,909.6500244140625,955.1500244140625,904.0499877929688,940.0,902.5999755859375,4.143588015253785,195051.0,329786.2,0.5914468222139071,2.708186304084044,1.5300232517257408,50.44685161629393,945.4909997558593,1091.8884323120117,None
KPIL,KPIL.NS,Kalpataru Projects International Ltd.,Construction,187952250880.0,Industrials,Engineering & Construction,2026-03-25,2026-03-25,1063.9000244140625,1102.300048828125,1057.9000244140625,1101.4000244140625,1051.800048828125,4.715722882994711,77865.0,224405.25,0.3469838606717089,3.0123814249956626,1.5654468069233631,49.264980170282975,1119.7880078125,1192.1273760986328,None
KALYANKJIL,KALYANKJIL.NS,Kalyan Jewellers India Ltd.,Consumer Durables,409300008960.0,Consumer Cyclical,Luxury Goods,2026-03-25,2026-03-25,375.3999938964844,397.25,374.5,395.45001220703125,371.70001220703125,6.389561264467103,4303662.0,2995478.05,1.4367195913854218,2.5570212422945495,2.4988299505613076,50.92089070671759,403.1500018310547,488.6969976806641,None
KARURVYSYA,KARURVYSYA.NS,Karur Vysya Bank Ltd.,Financial Services,279401201664.0,Financial Services,Banks - Regional,2026-03-25,2026-03-25,275.0,290.0,274.29998779296875,290.0,272.29998779296875,6.500188395340167,2413204.0,2994883.7,0.8057755297810061,3.202970365469868,2.029425081610646,48.28694605770579,298.715,246.48314399719237,None
KAYNES,KAYNES.NS,Kaynes Technology India Ltd.,Capital Goods,250490929152.0,Technology,Electronic Components,2026-03-25,2026-03-25,3555.0,3778.300048828125,3550.0,3731.199951171875,3514.300048828125,6.171923265803025,1954590.0,1250441.15,1.563120343568348,3.291708138832533,1.8749910397560385,51.134001914179464,3705.7660107421875,5371.468001708984,None
KEC,KEC.NS,Kec International Ltd.,Construction,148592836608.0,Industrials,Engineering & Construction,2026-03-25,2026-03-25,547.9500122070312,567.7999877929688,544.2999877929688,557.5999755859375,545.5,2.2181440120875306,383565.0,866039.3,0.4428956053149089,2.99471597674516,0.7406859379360392,47.464648696703655,600.967001953125,762.3119192504882,None
KFINTECH,KFINTECH.NS,Kfin Technologies Ltd.,Financial Services,162336505856.0,Technology,Software - Application,2026-03-25,2026-03-25,915.0499877929688,943.9500122070312,914.0,941.0,906.25,3.834482758620683,509841.0,713099.0,0.7149652432551441,2.6000214221612574,1.474788909790322,49.908718220485106,980.456005859375,1091.6478799438476,None
KIRLOSBROS,KIRLOSBROS.NS,Kirloskar Brothers Ltd.,Capital Goods,120954388480.0,Industrials,Specialty Industrial Machinery,2026-03-25,2026-03-25,1505.0,1541.9000244140625,1502.9000244140625,1521.800048828125,1496.0999755859375,1.7178045358982263,20260.0,222880.4,0.09090077009912043,3.341501929155473,0.5140815634161199,46.02748050022751,1564.557998046875,1807.164871826172,None
KIRLOSENG,KIRLOSENG.NS,Kirloskar Oil Eng Ltd.,Capital Goods,202631397376.0,Industrials,Specialty Industrial Machinery,2026-03-25,2026-03-25,1330.0,1397.9000244140625,1330.0,1392.5999755859375,1327.9000244140625,4.872351079323445,122516.0,369492.25,0.3315793497698531,2.67160207759931,1.823756284731489,51.14693252218823,1307.1731567382812,1062.2572283935547,None
KOTAKBANK,KOTAKBANK.NS,Kotak Mahindra Bank Ltd.,Financial Services,3676848783360.0,Financial Services,Banks - Regional,2026-03-25,2026-03-25,368.95001220703125,378.0,363.0,368.79998779296875,366.8500061035156,0.5315474054818248,18025016.0,19204298.65,0.9385927769874586,1.6996059570972597,0.3127474361113969,36.06490033030764,407.24440002441406,416.8313023376465,None
KIMS,KIMS.NS,Krishna Institute of Medical Sciences Ltd.,Healthcare,255408685056.0,Healthcare,Medical Care Facilities,2026-03-25,2026-03-25,633.6500244140625,643.2000122070312,629.5499877929688,638.8499755859375,631.0499877929688,1.236033268972614,75083.0,320984.65,0.23391461242772824,2.121469995472181,0.582630568243086,41.7644296666481,657.32,690.2194995117187,None
LTF,LTF.NS,L&T Finance Ltd.,Financial Services,662159687680.0,Financial Services,Credit Services,2026-03-25,2026-03-25,257.6000061035156,266.5,257.3500061035156,264.25,254.8000030517578,3.708789966663617,3057984.0,9844703.2,0.310622264366487,2.8166479996035045,1.3167388921816634,45.49005589381673,282.44599700927733,257.5877490234375,None
LTTS,LTTS.NS,L&T Technology Services Ltd.,Information Technology,336448716800.0,Technology,Information Technology Services,2026-03-25,2026-03-25,3180.0,3211.0,3155.0,3170.0,3153.5,0.5232281591881938,52424.0,338991.9,0.1546467629462533,3.501149542378946,0.1494446760570738,41.20567947233862,3563.963994140625,4112.839936523437,None
LICHSGFIN,LICHSGFIN.NS,LIC Housing Finance Ltd.,Financial Services,272583704576.0,Financial Services,Mortgage Finance,2026-03-25,2026-03-25,483.8500061035156,499.29998779296875,483.04998779296875,495.04998779296875,479.0,3.35072814049453,1189909.0,1836833.0,0.6478046724988064,2.356009000498065,1.4222051527758084,46.34301639016043,514.5149993896484,555.5465013122558,None
LTFOODS,LTFOODS.NS,LT Foods Ltd.,Fast Moving Consumer Goods,135063904256.0,Consumer Defensive,Packaged Foods,2026-03-25,2026-03-25,384.79998779296875,390.70001220703125,379.95001220703125,388.25,379.04998779296875,2.4271237312520677,262101.0,6621731.55,0.039581942883202506,5.006947336325144,0.4847512003258773,49.54465296799157,388.6416857910156,421.5108953857422,None
LTM,LTM.NS,LTIMindtree Ltd.,Information Technology,1265289003008.0,Technology,Information Technology Services,2026-03-25,2026-03-25,4220.0,4283.89990234375,4170.0,4268.5,4211.5,1.3534370176896626,234592.0,291399.3,0.8050534095311829,1.8584178274647791,0.7282738024182632,40.346226547778954,,,None
LT,LT.NS,Larsen & Toubro Ltd.,Construction,4997533663232.0,Industrials,Engineering & Construction,2026-03-25,2026-03-25,3569.89990234375,3644.199951171875,3546.0,3629.800048828125,3516.800048828125,3.2131482720393567,3133182.0,4777692.95,0.6557939224620954,3.3091038274266933,0.9710025552561897,43.84070339380578,3930.77400390625,3813.83150390625,None
LATENTVIEW,LATENTVIEW.NS,Latent View Analytics Ltd.,Information Technology,56976793600.0,Industrials,Consulting Services,2026-03-25,2026-03-25,267.95001220703125,276.29998779296875,260.6000061035156,276.29998779296875,262.6499938964844,5.197028065366749,735281.0,788513.8,0.9324897040482995,3.1881513032120314,1.6301070969030842,34.26332834762343,362.8510009765625,418.47025161743164,None
LAURUSLABS,LAURUSLABS.NS,Laurus Labs Ltd.,Healthcare,548248485888.0,Healthcare,Drug Manufacturers - Specialty & Generic,2026-03-25,2026-03-25,1009.0,1020.0,995.4000244140625,1015.4000244140625,992.5999755859375,2.2970027593105735,680896.0,1669613.05,0.4078166494925276,2.7450515462942198,0.8367794631803889,51.373946455345816,1014.1440026855469,927.2173452758789,None
THELEELA,THELEELA.NS,Leela Palaces Hotels & Resorts Ltd.,Consumer Services,138058186752.0,Consumer Cyclical,Lodging,2026-03-25,2026-03-25,399.79998779296875,416.3500061035156,398.45001220703125,413.45001220703125,405.1499938964844,2.048628516743234,464272.0,254720.1,1.8226751638366976,1.763328079885447,1.1617965709911007,44.436832121943596,429.47600036621094,424.4959991455078,None
LEMONTREE,LEMONTREE.NS,Lemon Tree Hotels Ltd.,Consumer Services,85147369472.0,Consumer Cyclical,Lodging,2026-03-25,2026-03-25,107.0,109.08999633789062,106.5999984741211,107.5999984741211,106.16000366210938,1.3564381710036377,2051133.0,4314788.4,0.47537279000750066,2.2093456756728624,0.6139547042997383,41.8463192832677,121.25220001220703,148.28859992980958,None
LICI,LICI.NS,Life Insurance Corporation of India,Financial Services,4948678410240.0,Financial Services,Insurance - Life,2026-03-25,2026-03-25,764.0,783.9000244140625,763.5499877929688,782.4500122070312,758.7000122070312,3.1303545034765623,503155.0,1029014.85,0.4889676762196386,2.014824932785613,1.5536607933219608,43.42061976782782,829.2580029296874,877.9373443603515,None
LINDEINDIA,LINDEINDIA.NS,Linde India Ltd.,Chemicals,631700258816.0,Basic Materials,Specialty Chemicals,2026-03-25,2026-03-25,7350.0,7514.0,7350.0,7395.5,7393.5,0.02705078785418813,45350.0,65864.55,0.688534272229902,3.2433469387270963,0.00834039292287511,62.55213455783412,6527.87,6362.039150390625,None
LLOYDSME,LLOYDSME.NS,Lloyds Metals And Energy Ltd.,Metals & Mining,744379383808.0,Basic Materials,Steel,2026-03-25,2026-03-25,1272.199951171875,1340.5,1270.4000244140625,1322.300048828125,1258.800048828125,5.0444866171649005,763846.0,764954.25,0.9985512205468497,3.8692015111354006,1.3037539147669301,61.194054230934874,1196.2280004882812,1322.512001953125,None
LODHA,LODHA.NS,Lodha Developers Ltd.,Realty,743117815808.0,Real Estate,Real Estate - Development,2026-03-25,2026-03-25,747.5999755859375,759.8499755859375,735.9500122070312,741.5999755859375,726.4000244140625,2.0925042209539724,7157483.0,2574480.05,2.780166426226531,2.510647762738551,0.8334519290238953,20.54913319993672,969.7570092773437,1161.1782257080079,None
LUPIN,LUPIN.NS,Lupin Ltd.,Healthcare,1074050891776.0,Healthcare,Drug Manufacturers - Specialty & Generic,2026-03-25,2026-03-25,2338.699951171875,2355.0,2331.199951171875,2350.60009765625,2331.800048828125,0.8062461803949761,469941.0,964293.1,0.4873424895397468,1.3807232813929577,0.5839303148286062,59.50607288900817,2239.3999853515625,2052.1729846191406,None
MMTC,MMTC.NS,MMTC Ltd.,Services,86477111296.0,Industrials,Conglomerates,2026-03-25,2026-03-25,57.040000915527344,58.439998626708984,57.040000915527344,57.59000015258789,56.709999084472656,1.5517564491659197,1068349.0,9281468.3,0.11510560241853111,5.078610250724426,0.305547457386511,47.461625284337785,62.057400131225585,64.67430004119873,None
MRF,MRF.NS,MRF Ltd.,Automobile and Auto Components,550882050048.0,Consumer Cyclical,Auto Parts,2026-03-25,2026-03-25,128785.0,130900.0,128465.0,129785.0,127645.0,1.676524736574092,4400.0,7874.6,0.5587585401163233,2.090094281549524,0.8021287610677421,39.97659255437943,139832.16421875,147091.9463671875,None
MGL,MGL.NS,Mahanagar Gas Ltd.,Oil Gas & Consumable Fuels,94066073600.0,Utilities,Utilities - Regulated Gas,2026-03-25,2026-03-25,935.0,988.0,930.0,952.5,922.4000244140625,3.2632236328330455,807993.0,559963.95,1.442937531960763,2.789738908508101,1.1697236694376374,33.49650523039885,1077.6362353515624,1226.123229370117,None
MAHSCOOTER,MAHSCOOTER.NS,Maharashtra Scooters Ltd.,Financial Services,140971786240.0,Financial Services,Asset Management,2026-03-25,2026-03-25,12103.0,12416.0,12024.0,12321.0,12005.0,2.6322365680966353,936.0,4515.05,0.20730667434469163,1.9226388851498992,1.369074862901991,40.38247055635286,13231.86,14740.166181640625,None
MAHSEAMLES,MAHSEAMLES.NS,Maharashtra Seamless Ltd.,Capital Goods,76238872576.0,Basic Materials,Steel,2026-03-25,2026-03-25,560.0,570.0,553.5,569.1500244140625,550.5999755859375,3.3690609608880484,132986.0,227733.7,0.5839539778258553,2.2059925417692945,1.5272313469319014,57.57829218496518,537.8890014648438,601.9040054321289,None
M&MFIN,M&MFIN.NS,Mahindra & Mahindra Financial Services Ltd.,Financial Services,440950947840.0,Financial Services,Credit Services,2026-03-25,2026-03-25,308.0,320.3999938964844,307.6000061035156,317.3500061035156,306.20001220703125,3.641408704107274,850398.0,1497769.55,0.5677762643792564,2.976533919301278,1.223372151244314,39.65869224410219,358.26799926757815,312.827469329834,None
M&M,M&M.NS,Mahindra & Mahindra Ltd.,Automobile and Auto Components,3782089637888.0,Consumer Cyclical,Auto Manufacturers,2026-03-25,2026-03-25,3099.89990234375,3157.89990234375,3082.89990234375,3149.300048828125,3031.300048828125,3.8927192326479787,1801182.0,3761425.25,0.478856252693045,3.140878733242121,1.239372660729815,46.08999974764662,3402.2160009765626,3433.956652832031,None
MANAPPURAM,MANAPPURAM.NS,Manappuram Finance Ltd.,Financial Services,221765910528.0,Financial Services,Credit Services,2026-03-25,2026-03-25,258.0,269.3500061035156,256.25,262.79998779296875,252.64999389648438,4.017413078047816,5707915.0,6356111.9,0.8980199042751277,2.43534257007261,1.649629554140318,43.92978436921437,287.0507437133789,280.2408720397949,None
MRPL,MRPL.NS,Mangalore Refinery & Petrochemicals Ltd.,Oil Gas & Consumable Fuels,327418183680.0,Energy,Oil & Gas Refining & Marketing,2026-03-25,2026-03-25,185.0,188.1999969482422,180.8000030517578,186.61000061035156,181.72000122070312,2.690952760730725,8579119.0,25968583.7,0.3303653021323608,5.2749536242758275,0.5101377097130693,49.039925839876275,181.69420013427734,153.27379989624023,None
MANKIND,MANKIND.NS,Mankind Pharma Ltd.,Healthcare,832096763904.0,Healthcare,Drug Manufacturers - Specialty & Generic,2026-03-25,2026-03-25,2005.0,2022.0,1988.0,2017.0999755859375,1987.800048828125,1.4739876264257878,338548.0,725273.2,0.4667868604547914,2.7997379400928235,0.5264734264296603,42.4817768017224,2117.473991699219,2330.6263763427733,None
MARICO,MARICO.NS,Marico Ltd.,Fast Moving Consumer Goods,977004724224.0,Consumer Defensive,Household & Personal Products,2026-03-25,2026-03-25,747.9000244140625,755.25,743.0999755859375,754.2000122070312,739.0999755859375,2.04303032335007,654113.0,1627942.95,0.4018033924346059,1.481706494452845,1.3788360454642585,47.623603985895315,761.2569995117187,731.3813604736329,None
MARUTI,MARUTI.NS,Maruti Suzuki India Ltd.,Automobile and Auto Components,4006431948800.0,Consumer Cyclical,Auto Manufacturers,2026-03-25,2026-03-25,12549.0,12780.0,12506.0,12721.0,12464.0,2.061938382541717,296138.0,597455.75,0.49566516013947476,2.2791470690353357,0.904697380241656,34.986979259371225,14575.72,14726.660732421875,None
MFSL,MFSL.NS,Max Financial Services Ltd.,Financial Services,558021214208.0,Financial Services,Insurance - Life,2026-03-25,2026-03-25,1579.5,1625.9000244140625,1579.5,1614.699951171875,1583.5,1.9703158302415424,200113.0,820949.65,0.24375794544768975,1.922462469096212,1.0248917010940803,39.02212695308544,1707.5779907226563,1632.6314990234375,None
MAXHEALTH,MAXHEALTH.NS,Max Healthcare Institute Ltd.,Healthcare,952115331072.0,Healthcare,Medical Care Facilities,2026-03-25,2026-03-25,973.9000244140625,980.2000122070312,965.2000122070312,977.2999877929688,969.2000122070312,0.8357382876515329,962915.0,3079298.9,0.3127059214680329,1.4434861545039939,0.5789721536599751,38.88115057369631,1024.559991455078,1132.96744720459,None
MAZDOCK,MAZDOCK.NS,Mazagoan Dock Shipbuilders Ltd.,Capital Goods,922933460992.0,Industrials,Aerospace & Defense,2026-03-25,2026-03-25,2275.89990234375,2308.0,2263.10009765625,2288.39990234375,2253.0,1.5712340143697379,725602.0,2636899.1,0.2751724554041525,3.466396880583708,0.4532758563137055,46.19350570121649,2371.052685546875,2696.254190673828,None
METROPOLIS,METROPOLIS.NS,Metropolis Healthcare Ltd.,Healthcare,90021724160.0,Healthcare,Diagnostics & Research,2026-03-25,2026-03-25,438.29998779296875,441.79998779296875,426.1000061035156,434.29998779296875,443.0,-1.9638853740476914,580353.0,236276.65,2.4562435602502406,1.602098160466155,1.225820878214022,35.994499845941746,469.2930029296875,484.3379315185547,None
MINDACORP,MINDACORP.NS,Minda Corporation Ltd.,Automobile and Auto Components,123234967552.0,Consumer Cyclical,Auto Parts,2026-03-25,2026-03-25,524.9500122070312,528.0999755859375,517.5,521.8499755859375,521.0999755859375,0.14392631647250909,101124.0,217122.9,0.46574543726156936,2.51220675241971,0.057290792779647604,48.877171886253166,548.407451171875,548.4190565490723,Death Cross
MSUMI,MSUMI.NS,Motherson Sumi Wiring India Ltd.,Automobile and Auto Components,252003155968.0,Consumer Cyclical,Auto Parts,2026-03-25,2026-03-25,37.88999938964844,38.540000915527344,37.310001373291016,38.02000045776367,37.5099983215332,1.359643185954762,6916661.0,6993526.5,0.9890090500121791,1.9087428645961066,0.7123239128610782,37.417900438692165,42.23820022583008,43.879415359497074,None
MOTILALOFS,MOTILALOFS.NS,Motilal Oswal Financial Services Ltd.,Financial Services,415267160064.0,Financial Services,Capital Markets,2026-03-25,2026-03-25,657.0,690.75,652.0,688.5999755859375,649.5499877929688,6.011852594386502,832439.0,815353.3,1.0209549651666339,2.8109142319165903,2.138753479606309,45.71884072548112,749.2730029296876,869.3675512695313,None
MPHASIS,MPHASIS.NS,MphasiS Ltd.,Information Technology,407472504832.0,Technology,Information Technology Services,2026-03-25,2026-03-25,2139.89990234375,2154.39990234375,2100.89990234375,2138.800048828125,2116.800048828125,1.0393045867595818,656621.0,555142.4,1.1827974227873785,1.761903586458945,0.5898759698017104,38.86207882030543,2457.730017089844,2709.5603497314455,None
MCX,MCX.NS,Multi Commodity Exchange of India Ltd.,Financial Services,633816481792.0,Financial Services,Financial Data & Stock Exchanges,2026-03-25,2026-03-25,2469.0,2497.699951171875,2450.0,2489.39990234375,2419.0,2.910289472664318,1847270.0,3582384.25,0.5156537856038196,2.6695170415250753,1.0901932549573428,51.17415245661256,2446.173994140625,1943.3314215087892,None
MUTHOOTFIN,MUTHOOTFIN.NS,Muthoot Finance Ltd.,Financial Services,1311292784640.0,Financial Services,Credit Services,2026-03-25,2026-03-25,3219.89990234375,3304.89990234375,3200.199951171875,3267.199951171875,3155.199951171875,3.5496957952982244,605858.0,1081244.7,0.5603338448734131,2.6854800345109333,1.3218105328214358,44.36576341632311,3578.4659765625,3225.783995361328,None
NATCOPHARM,NATCOPHARM.NS,NATCO Pharma Ltd.,Healthcare,175498231808.0,Healthcare,Drug Manufacturers - Specialty & Generic,2026-03-25,2026-03-25,967.5999755859375,987.8499755859375,959.25,980.0,949.75,3.1850486970255387,497022.0,1386319.6,0.3585190601070633,2.810692297051785,1.133190104219671,56.188812139184115,901.7829418945313,888.5447463989258,None
NBCC,NBCC.NS,NBCC (India) Ltd.,Construction,229257003008.0,Industrials,Engineering & Construction,2026-03-25,2026-03-25,83.0,85.33000183105469,82.58000183105469,84.97000122070312,81.8499984741211,3.8118543735446764,7016915.0,11611257.75,0.6043199755857629,3.2254838842797504,1.1817930302249402,44.05851648875384,94.11260498046875,107.73631797790527,None
NCC,NCC.NS,NCC Ltd.,Construction,89003532288.0,Industrials,Engineering & Construction,2026-03-25,2026-03-25,138.0,142.83999633789062,137.0,141.75999450683594,136.16000366210938,4.112801626109919,1589628.0,3125804.95,0.5085499656656439,2.698592528624129,1.5240543292420738,46.215536684265004,147.63439971923827,187.85461097717285,None
NHPC,NHPC.NS,NHPC Ltd.,Power,785320771584.0,Utilities,Utilities - Renewable,2026-03-25,2026-03-25,76.93000030517578,78.25,76.70999908447266,78.18000030517578,76.54000091552734,2.142669676027853,5598131.0,17986603.45,0.31123891820720606,1.4850952861512268,1.4427826254709866,59.88785935105592,76.11142120361328,80.04094890594483,None
NLCINDIA,NLCINDIA.NS,NLC India Ltd.,Power,371895959552.0,Utilities,Utilities - Regulated Electric,2026-03-25,2026-03-25,261.20001220703125,268.95001220703125,259.5,268.0,259.3500061035156,3.335258798116958,1215248.0,2507466.4,0.4846517584443006,2.9230620849414817,1.1410153808565884,56.64540949356546,256.8478805541992,246.5586228942871,None
NMDC,NMDC.NS,NMDC Ltd.,Metals & Mining,684706693120.0,Basic Materials,Steel,2026-03-25,2026-03-25,77.31999969482422,78.73999786376953,77.25,77.87999725341797,76.7699966430664,1.4458781540819698,11269707.0,23425741.85,0.4810821818221308,2.4202478095706565,0.5974091365208026,47.210659488441124,79.5668734741211,73.6871411895752,None
NSLNISP,NSLNISP.NS,NMDC Steel Ltd.,Metals & Mining,104616951808.0,Basic Materials,Steel,2026-03-25,2026-03-25,35.209999084472656,36.15999984741211,35.119998931884766,35.689998626708984,34.90999984741211,2.234313327717463,1945873.0,4051418.6,0.48029423570302016,2.5688715045557897,0.8697645342536592,39.28374083919506,39.66320007324219,41.15160009384155,None
NTPCGREEN,NTPCGREEN.NS,NTPC Green Energy Ltd.,Power,816511320064.0,Utilities,Utilities - Renewable,2026-03-25,2026-03-25,97.0,97.69000244140625,96.30000305175781,96.75,95.69999694824219,1.0971819072530309,4041276.0,27429577.5,0.14733278337954714,3.3185264925361215,0.3306232177807718,57.896725383660424,90.95580032348633,98.5623500442505,None
NTPC,NTPC.NS,NTPC Ltd.,Power,3681339310080.0,Utilities,Utilities - Regulated Electric,2026-03-25,2026-03-25,376.0,379.75,375.6000061035156,379.29998779296875,375.54998779296875,0.9985355137509089,4606476.0,13557719.0,0.33976777362032656,1.609069454624242,0.6205670680536857,53.828436454023276,365.34893920898435,337.52699615478514,None
NH,NH.NS,Narayana Hrudayalaya Ltd.,Healthcare,345960284160.0,Healthcare,Medical Care Facilities,2026-03-25,2026-03-25,1655.5,1704.0,1647.800048828125,1703.5999755859375,1655.5,2.9054651516724483,151933.0,288032.6,0.5274854304686345,1.7275678104267915,1.6818240847834853,46.46791822482166,1777.6880004882812,1842.9778247070312,None
NATIONALUM,NATIONALUM.NS,National Aluminium Co. Ltd.,Metals & Mining,672036421632.0,Basic Materials,Aluminum,2026-03-25,2026-03-25,359.70001220703125,366.8500061035156,358.45001220703125,365.6499938964844,354.6499938964844,3.101649566984266,4461829.0,17287453.85,0.2580963650699782,3.4624829775586043,0.8957876723400494,48.29336309004304,368.2711639404297,257.8427089691162,None
NAVA,NAVA.NS,Nava Ltd.,Power,162343698432.0,Industrials,Conglomerates,2026-03-25,2026-03-25,568.4000244140625,577.7999877929688,563.0,573.4000244140625,561.9000244140625,2.046627424868319,158084.0,292819.65,0.5398681406797665,2.65664164015893,0.7703814447272921,53.62970489500601,561.6110009765625,590.2194812011719,None
NAVINFLUOR,NAVINFLUOR.NS,Navin Fluorine International Ltd.,Chemicals,324212162560.0,Basic Materials,Chemicals,2026-03-25,2026-03-25,6250.0,6320.0,6180.5,6316.5,6184.5,2.1343681785108037,63234.0,173099.85,0.365303609448535,2.899924373072665,0.7360082208796697,51.622987649136384,6233.76,5447.243227539063,None
NESTLEIND,NESTLEIND.NS,Nestle India Ltd.,Fast Moving Consumer Goods,2322654560256.0,Consumer Defensive,Packaged Foods,2026-03-25,2026-03-25,1183.199951171875,1205.300048828125,1180.0,1203.9000244140625,1183.199951171875,1.7494991629847245,331474.0,1140509.75,0.2906367087173082,1.2173664843436773,1.4371178979253216,40.921172126286265,1272.0255834960938,1223.9610626220704,None
NETWEB,NETWEB.NS,Netweb Technologies India Ltd.,Information Technology,186937393152.0,Technology,Computer Hardware,2026-03-25,2026-03-25,3230.0,3294.39990234375,3191.0,3282.5,3198.89990234375,2.613401488274092,723660.0,2347686.05,0.30824394087957374,3.3337409740032715,0.7839245786201047,49.59619316353265,3276.2199951171874,2952.4131201171876,None
NEULANDLAB,NEULANDLAB.NS,Neuland Laboratories Ltd.,Healthcare,158171709440.0,Healthcare,Drug Manufacturers - Specialty & Generic,2026-03-25,2026-03-25,12100.0,12431.0,11952.0,12301.0,12030.0,2.2527015793848637,13490.0,29560.7,0.45634913922877335,2.2125966541173416,1.0181257280638532,45.160301570760076,13054.26,14345.765009765624,None
NEWGEN,NEWGEN.NS,Newgen Software Technologies Ltd.,Information Technology,62017171456.0,Technology,Software - Infrastructure,2026-03-25,2026-03-25,436.0,448.0,433.3999938964844,440.45001220703125,433.0,1.72055709169312,504415.0,2776634.95,0.18166413989710817,2.522391205938266,0.6821134991442045,38.286173382713834,541.8480047607422,836.8053367614746,None
NAM-INDIA,NAM-INDIA.NS,Nippon Life India Asset Management Ltd.,Financial Services,550885523456.0,Financial Services,Asset Management,2026-03-25,2026-03-25,860.0,878.9000244140625,849.2000122070312,863.9500122070312,847.75,1.9109421653826342,710133.0,604740.25,1.1742777167552516,2.938122185173009,0.6503957442702847,48.528485263549996,887.7680004882812,848.1801379394532,None
NIVABUPA,NIVABUPA.NS,Niva Bupa Health Insurance Company Ltd.,Financial Services,134568411136.0,Financial Services,Insurance - Life,2026-03-25,2026-03-25,69.5999984741211,73.5999984741211,69.33000183105469,72.94000244140625,68.63999938964844,6.2645732663078935,1201624.0,2148878.0,0.5591867011528807,2.100631876496521,2.9822327921425638,51.23249672681037,75.28880004882812,78.82184993743897,None
NUVAMA,NUVAMA.NS,Nuvama Wealth Management Ltd.,Financial Services,213572190208.0,Financial Services,Asset Management,2026-03-25,2026-03-25,1156.0,1174.699951171875,1149.9000244140625,1172.800048828125,1150.300048828125,1.9560113922382216,179816.0,325235.85,0.5528787801221791,2.133306296788371,0.916891960232311,42.68144924416971,1287.1480004882812,1354.7476379394532,None
NUVOCO,NUVOCO.NS,Nuvoco Vistas Corporation Ltd.,Construction Materials,109118758912.0,Basic Materials,Building Materials,2026-03-25,2026-03-25,293.5,307.6000061035156,290.1000061035156,305.45001220703125,289.6000061035156,5.473068290561489,180779.0,394199.1,0.4585982058305055,2.9969338605427156,1.826222581225189,48.92988944993167,327.8140014648437,378.1940007019043,None
OBEROIRLTY,OBEROIRLTY.NS,Oberoi Realty Ltd.,Realty,541266542592.0,Real Estate,Real Estate - Development,2026-03-25,2026-03-25,1452.9000244140625,1507.0,1451.0,1489.5999755859375,1443.800048828125,3.1721793329337,244884.0,595789.3,0.4110245014470719,1.838282170754869,1.7256215522294283,50.95036922390248,1515.5346484375,1657.3294714355468,None
ONGC,ONGC.NS,Oil & Natural Gas Corporation Ltd.,Oil Gas & Consumable Fuels,3404223741952.0,Energy,Oil & Gas Integrated,2026-03-25,2026-03-25,267.3500061035156,271.3500061035156,266.3999938964844,270.75,268.04998779296875,1.0072793620556464,7068944.0,25189979.7,0.28062523607353285,1.2950047967142668,0.777819020139039,54.237681039956385,262.54612731933594,239.5079722595215,None
OIL,OIL.NS,Oil India Ltd.,Oil Gas & Consumable Fuels,766728536064.0,Energy,Oil & Gas Integrated,2026-03-25,2026-03-25,476.75,477.0,467.1499938964844,471.29998779296875,477.95001220703125,-1.391364001301032,2563865.0,6720828.65,0.38148048901678216,1.81368111536256,0.7671491915065204,49.76414751047325,468.6554901123047,427.50783966064455,None
OLAELEC,OLAELEC.NS,Ola Electric Mobility Ltd.,Automobile and Auto Components,100709883904.0,Consumer Cyclical,Auto Manufacturers,2026-03-25,2026-03-25,23.549999237060547,24.290000915527344,23.450000762939453,23.989999771118164,23.25,3.1827947144867252,26770556.0,55634341.25,0.4811876153921388,3.5120549284812603,0.9062485579811478,42.184029983021404,28.68680019378662,41.58980007171631,None
OLECTRA,OLECTRA.NS,Olectra Greentech Ltd.,Automobile and Auto Components,88552800256.0,Industrials,Farm & Heavy Construction Machinery,2026-03-25,2026-03-25,1079.9000244140625,1102.050048828125,1066.0,1078.300048828125,1070.3499755859375,0.7427545591184304,578178.0,1621298.35,0.35661419133622135,5.502862943788593,0.1349760236999581,58.23496657535299,1016.6669958496094,1283.6235379028321,None
PAYTM,PAYTM.NS,One 97 Communications Ltd.,Financial Services,676784308224.0,Technology,Software - Infrastructure,2026-03-25,2026-03-25,1049.0,1059.300048828125,1040.300048828125,1059.0,1035.0999755859375,2.308958069536571,637281.0,2505099.05,0.25439353386046754,2.8005698924566764,0.8244600771277802,47.81337346730691,1138.5000061035157,1167.9222506713868,None
ONESOURCE,ONESOURCE.NS,Onesource Specialty Pharma Ltd.,Healthcare,143710945280.0,Healthcare,Biotechnology,2026-03-25,2026-03-25,1310.0,1312.0,1231.0,1251.0,1316.0999755859375,-4.946430878623376,420988.0,312876.0,1.3455426430918318,3.031224763990594,1.6318258340273726,33.74708027987718,1376.743994140625,1730.9604986572265,None
OFSS,OFSS.NS,Oracle Financial Services Software Ltd.,Information Technology,577204125696.0,Technology,Software - Infrastructure,2026-03-25,2026-03-25,6594.5,6709.0,6554.5,6629.0,6605.5,0.3557641359473118,76926.0,146509.25,0.5250589979813561,2.2434984400694242,0.15857561101593762,46.73795967096931,7089.05,8125.965834960937,None
POLICYBZR,POLICYBZR.NS,PB Fintech Ltd.,Financial Services,682472177664.0,Financial Services,Insurance Brokers,2026-03-25,2026-03-25,1485.0,1513.5999755859375,1468.5999755859375,1474.199951171875,1461.4000244140625,0.8758674246597487,1226431.0,1498197.85,0.8186041649972998,2.0063471552532794,0.4365482924360515,46.876490443579954,1534.6339990234376,1741.7965051269532,None
PCBL,PCBL.NS,PCBL Chemical Ltd.,Chemicals,105723404288.0,Basic Materials,Specialty Chemicals,2026-03-25,2026-03-25,235.35000610351562,274.0,235.0,269.20001220703125,233.14999389648438,15.46215708954839,34535588.0,2814325.85,12.271353724018844,4.722215208171028,3.274344011851394,49.873272304158974,280.06400177001956,342.69929084777834,None
PGEL,PGEL.NS,PG Electroplast Ltd.,Consumer Durables,147608240128.0,Technology,Electronic Components,2026-03-25,2026-03-25,515.0,546.9000244140625,513.6500244140625,519.4500122070312,501.70001220703125,3.537970812860025,5699318.0,4352459.2,1.3094477715035215,4.423289684335128,0.7998505784935548,42.65031564320806,570.0200006103515,610.8263110351562,None
PIIND,PIIND.NS,PI Industries Ltd.,Chemicals,445400678400.0,Basic Materials,Agricultural Inputs,2026-03-25,2026-03-25,2769.5,2938.0,2769.5,2937.0,2759.0,6.451612903225801,99042.0,217840.65,0.4546534358945404,2.1990751659967236,2.933784621364513,46.20662220400216,3086.79001953125,3546.896767578125,None
PNBHOUSING,PNBHOUSING.NS,PNB Housing Finance Ltd.,Financial Services,209924800512.0,Financial Services,Mortgage Finance,2026-03-25,2026-03-25,789.0,812.9000244140625,786.1500244140625,806.8499755859375,782.25,3.144771567393745,900477.0,895572.65,1.0054762168094347,2.762941556926467,1.1381969189721228,50.48728675664151,838.60900390625,903.2543258666992,None
PTCIL,PTCIL.NS,PTC Industries Ltd.,Capital Goods,248576458752.0,Industrials,Metal Fabrication,2026-03-25,2026-03-25,16632.0,16736.0,16470.0,16595.0,16583.0,0.07236326358319722,8116.0,15889.8,0.5107679140077283,1.7674957966336957,0.04094112343634282,34.612471510844316,17785.6,16393.68,None
PVRINOX,PVRINOX.NS,PVR INOX Ltd.,Media Entertainment & Publication,94615658496.0,Communication Services,Entertainment,2026-03-25,2026-03-25,954.5,969.5,950.4000244140625,962.7999877929688,946.2999877929688,1.743633119818866,201686.0,368982.15,0.5466009670115478,1.8738383021754075,0.9305141845988624,41.48934599529372,1006.2930041503906,1051.3295013427735,None
PAGEIND,PAGEIND.NS,Page Industries Ltd.,Textiles,372653654016.0,Consumer Cyclical,Apparel Manufacturing,2026-03-25,2026-03-25,32350.0,33450.0,32180.0,33405.0,32170.0,3.838980416537141,11194.0,21570.8,0.5189422738146012,2.0494602966347206,1.8731665223477956,59.32950088037562,32766.517109375,39891.29123046875,None
PATANJALI,PATANJALI.NS,Patanjali Foods Ltd.,Fast Moving Consumer Goods,527405907968.0,Consumer Defensive,Packaged Foods,2026-03-25,2026-03-25,478.0,486.25,467.1000061035156,484.95001220703125,472.79998779296875,2.5698021843822083,1450455.0,1713256.9,0.84660683403639,1.5099144889734466,1.701952132487551,43.47647882885156,508.84899963378905,561.6056819152832,None
PERSISTENT,PERSISTENT.NS,Persistent Systems Ltd.,Information Technology,767944359936.0,Technology,Information Technology Services,2026-03-25,2026-03-25,4930.0,4958.7998046875,4845.0,4909.0,4913.7001953125,-0.09565490619439787,402338.0,777971.0,0.5171632361617592,1.8946560489409445,0.05048668661938196,48.21035215106955,5418.811123046875,5657.0570458984375,None
PETRONET,PETRONET.NS,Petronet LNG Ltd.,Oil Gas & Consumable Fuels,374475030528.0,Energy,Oil & Gas Refining & Marketing,2026-03-25,2026-03-25,246.64999389648438,251.25,244.5500030517578,249.60000610351562,241.89999389648438,3.183138652879136,4114231.0,7545349.2,0.5452671428381339,4.117433600265271,0.7730880353903116,35.61201844064034,289.2810000610352,280.8913094329834,None
PFIZER,PFIZER.NS,Pfizer Ltd.,Healthcare,216981487616.0,Healthcare,Drug Manufacturers - General,2026-03-25,2026-03-25,4674.0,4767.0,4673.5,4743.5,4659.5,1.802768537396715,6798.0,18548.75,0.36649369903632323,1.8797304329619644,0.9590569508182205,47.59827858475026,4814.349990234375,5117.099580078125,None
PHOENIXLTD,PHOENIXLTD.NS,Phoenix Mills Ltd.,Realty,562523537408.0,Real Estate,Real Estate - Diversified,2026-03-25,2026-03-25,1530.0,1580.5,1516.5,1573.199951171875,1503.5,4.635846436439972,332610.0,501620.3,0.6630712513030275,2.3045684048128305,2.011589860712544,44.719042035543104,1691.2179956054688,1646.9751446533203,None
PIDILITIND,PIDILITIND.NS,Pidilite Industries Ltd.,Chemicals,1391897083904.0,Basic Materials,Specialty Chemicals,2026-03-25,2026-03-25,1352.199951171875,1374.5999755859375,1350.0,1368.0,1332.199951171875,2.687287955282791,170260.0,669698.95,0.2542336373679547,2.2921513154866124,1.1723868041025438,45.0854927871686,1440.1900073242186,1481.8386029052735,None
PPLPHARMA,PPLPHARMA.NS,Piramal Pharma Ltd.,Healthcare,190280531968.0,Healthcare,Drug Manufacturers - Specialty & Generic,2026-03-25,2026-03-25,136.0800018310547,145.0,135.75999450683594,143.72999572753906,136.0800018310547,5.621688560808491,2594384.0,2964160.0,0.875250998596567,2.9932035404204784,1.8781511129773583,44.61844704363327,155.4347994995117,183.7283684539795,None
POLYMED,POLYMED.NS,Poly Medicure Ltd.,Healthcare,131192700928.0,Healthcare,Medical Instruments & Supplies,2026-03-25,2026-03-25,1249.9000244140625,1336.699951171875,1245.0,1294.0,1244.300048828125,3.994209533197579,229711.0,277757.45,0.827020121332479,3.0972911614984273,1.289581548821918,47.779960347430354,1399.0839990234374,1833.792080078125,None
POLYCAB,POLYCAB.NS,Polycab India Ltd.,Capital Goods,1091807019008.0,Industrials,Electrical Equipment & Parts,2026-03-25,2026-03-25,7120.0,7271.0,7104.0,7245.0,7064.5,2.5550286644490106,207345.0,625331.3,0.331576238067725,3.02796300479438,0.8438110572696759,43.765328935392525,7555.69,7274.669450683594,None
POONAWALLA,POONAWALLA.NS,Poonawalla Fincorp Ltd.,Financial Services,316529147904.0,Financial Services,Credit Services,2026-03-25,2026-03-25,385.25,396.0,382.1499938964844,391.70001220703125,381.45001220703125,2.6871148700964964,432257.0,1292097.8,0.3345389180292699,2.4250498678714245,1.1080658198815097,38.90371220578705,436.36500061035156,456.4045004272461,None
PFC,PFC.NS,Power Finance Corporation Ltd.,Financial Services,1338521288704.0,Financial Services,Credit Services,2026-03-25,2026-03-25,402.1499938964844,409.20001220703125,402.1499938964844,405.70001220703125,398.75,1.7429497697883933,5509038.0,8857238.0,0.6219814800053922,2.689991718198389,0.6479387122261205,50.9295629472513,394.89386779785156,385.013203125,None
POWERGRID,POWERGRID.NS,Power Grid Corporation of India Ltd.,Power,2788786176000.0,Utilities,Utilities - Regulated Electric,2026-03-25,2026-03-25,299.8999938964844,302.25,298.25,299.8999938964844,299.0,0.30100130317203266,5125167.0,17688755.05,0.28974153271459313,1.175833465511424,0.2559897400446188,55.48233611023634,285.2969189453125,278.06094062805175,None
PRAJIND,PRAJIND.NS,Praj Industries Ltd.,Capital Goods,60410171392.0,Industrials,Engineering & Construction,2026-03-25,2026-03-25,315.0,332.0,314.29998779296875,328.6000061035156,312.6000061035156,5.118362024184253,2749219.0,4186075.55,0.6567533163609529,2.545042879771809,2.0111103293643406,60.1161129375959,305.56700012207034,370.40974716186525,None
PREMIERENE,PREMIERENE.NS,Premier Energies Ltd.,Capital Goods,409478299648.0,Technology,Solar,2026-03-25,2026-03-25,891.5,919.0,891.4500122070312,910.5499877929688,889.3499755859375,2.3837648607415662,1391384.0,3055171.75,0.45541924116050103,2.817214702958594,0.8461424179840373,76.81650348014082,766.98,943.2805996704102,None
PRESTIGE,PRESTIGE.NS,Prestige Estates Projects Ltd.,Realty,526093910016.0,Real Estate,Real Estate - Diversified,2026-03-25,2026-03-25,1215.0,1250.4000244140625,1215.0,1224.9000244140625,1201.5,1.9475675750364019,307490.0,782591.75,0.3929123965336972,2.368119502830215,0.8224110196756549,34.87162856370169,1418.94599609375,1589.8475823974609,None
PGHH,PGHH.NS,Procter & Gamble Hygiene & Health Care Ltd.,Fast Moving Consumer Goods,312499503104.0,Consumer Defensive,Household & Personal Products,2026-03-25,2026-03-25,9600.0,9750.0,9566.0,9630.0,9496.0,1.4111204717775827,7073.0,16516.5,0.4282384282384282,1.438878105653595,0.9807088357471366,20.22750682807279,11284.65873046875,12609.732470703126,None
PNB,PNB.NS,Punjab National Bank,Financial Services,1264773234688.0,Financial Services,Banks - Regional,2026-03-25,2026-03-25,108.5999984741211,110.19999694824219,108.30000305175781,110.16999816894531,107.26000213623047,2.7130299969776894,11161408.0,18275378.35,0.6107347156509074,2.358837790225004,1.1501553893279368,39.48827131221887,121.75079940795898,115.6052156829834,None
RRKABEL,RRKABEL.NS,R R Kabel Ltd.,Capital Goods,154450804736.0,Industrials,Electrical Equipment & Parts,2026-03-25,2026-03-25,1370.0,1386.800048828125,1355.0999755859375,1365.0999755859375,1350.4000244140625,1.0885627152038335,72331.0,278287.1,0.2599150301972316,2.7268510314416905,0.399201387480382,43.28078712101912,1431.7239916992187,1361.2654864501953,None
RBLBANK,RBLBANK.NS,RBL Bank Ltd.,Financial Services,189574774784.0,Financial Services,Banks - Regional,2026-03-25,2026-03-25,299.0,308.95001220703125,299.0,306.8999938964844,296.6000061035156,3.472686305129069,2310545.0,3908146.25,0.5912125217934207,2.2039878209220065,1.5756377018800045,51.901890808834374,306.9079998779297,286.8110209655762,None
RECLTD,RECLTD.NS,REC Ltd.,Financial Services,863160107008.0,Financial Services,Credit Services,2026-03-25,2026-03-25,324.8999938964844,329.1499938964844,323.25,327.8999938964844,320.79998779296875,2.213218944415196,2881710.0,7975062.6,0.36134011035850677,2.714979107858128,0.8151882045829904,45.159045212033966,347.79094970703125,359.38833908081057,None
RHIM,RHIM.NS,RHI MAGNESITA INDIA LTD.,Capital Goods,73638412288.0,Industrials,Metal Fabrication,2026-03-25,2026-03-25,347.0,358.6000061035156,345.79998779296875,356.75,344.6499938964844,3.5108098992596704,118688.0,235461.4,0.5040656345371258,2.720394752820925,1.290551636162039,35.29082886606348,421.4590002441406,458.4839572143555,None
RITES,RITES.NS,RITES Ltd.,Construction,93092945920.0,Industrials,Engineering & Construction,2026-03-25,2026-03-25,189.6999969482422,195.5,189.5,193.7899932861328,188.6699981689453,2.7137304112351712,414614.0,597516.8,0.6938951339945587,2.4463431575209635,1.1093007957171341,41.60853802651833,213.06241729736328,241.2802862548828,None
RADICO,RADICO.NS,Radico Khaitan Ltd,Fast Moving Consumer Goods,363362451456.0,Consumer Defensive,Beverages - Wineries & Distilleries,2026-03-25,2026-03-25,2653.699951171875,2715.0,2637.300048828125,2713.199951171875,2637.300048828125,2.877939594983725,182049.0,442788.85,0.41114178913945104,2.851063870247755,1.0094265600348107,48.792474788281986,2766.14,2911.5547290039062,None
RVNL,RVNL.NS,Rail Vikas Nigam Ltd.,Construction,568014209024.0,Industrials,Engineering & Construction,2026-03-25,2026-03-25,262.95001220703125,273.3999938964844,261.29998779296875,272.54998779296875,258.45001220703125,5.455590992444104,5832361.0,7176534.7,0.8126987806524505,3.2044819547131973,1.7024876624503824,43.593704885900536,305.26080139160155,335.646524810791,None
RAILTEL,RAILTEL.NS,Railtel Corporation Of India Ltd.,Telecommunication,87022444544.0,Communication Services,Telecom Services,2026-03-25,2026-03-25,265.0,272.8500061035156,263.8500061035156,271.3999938964844,262.0,3.587783929955868,883793.0,1182123.85,0.7476314770233253,3.3165918606268865,1.081768297314015,40.702700438938884,313.9745291137695,356.96277671813965,None
RAINBOW,RAINBOW.NS,Rainbow Childrens Medicare Ltd.,Healthcare,120058306560.0,Healthcare,Medical Care Facilities,2026-03-25,2026-03-25,1153.4000244140625,1180.5,1136.0,1179.300048828125,1147.800048828125,2.7443804373558534,60421.0,128982.15,0.46844466462995077,1.7594238443577228,1.559817690408583,52.84974388384845,1182.9479956054688,1363.7145806884766,None
RKFORGE,RKFORGE.NS,Ramkrishna Forgings Ltd.,Automobile and Auto Components,92199714816.0,Industrials,Metal Fabrication,2026-03-25,2026-03-25,489.0,514.0,486.20001220703125,508.3999938964844,481.29998779296875,5.630585246383313,382915.0,311565.3,1.2290040001245326,2.817487557088326,1.9984419211427233,42.897992892178245,535.8500024414062,563.2542518615722,None
RCF,RCF.NS,Rashtriya Chemicals & Fertilizers Ltd.,Chemicals,63863418880.0,Basic Materials,Agricultural Inputs,2026-03-25,2026-03-25,115.05000305175781,117.19999694824219,114.1500015258789,115.86000061035156,113.9800033569336,1.6494097192914392,958332.0,6782221.3,0.14130060899074467,4.705697618360826,0.35051332513498634,43.69948464307267,127.25914459228515,142.62698364257812,None
REDINGTON,REDINGTON.NS,Redington Ltd.,Services,166557040640.0,Technology,Information Technology Services,2026-03-25,2026-03-25,212.5500030517578,216.0,210.5,213.4499969482422,210.10000610351562,1.5944744157104118,1795607.0,12765473.2,0.14066121732173628,5.4095280652931885,0.2947529611576188,36.882825373720394,252.99999816894533,270.0486994934082,None
RELIANCE,RELIANCE.NS,Reliance Industries Ltd.,Oil Gas & Consumable Fuels,19278359166976.0,Energy,Oil & Gas Refining & Marketing,2026-03-25,2026-03-25,1420.0,1430.5,1414.0999755859375,1427.0,1411.800048828125,1.0766362548642716,7469873.0,18995051.15,0.3932536396460296,1.473768581609232,0.7305327771940116,54.45303384556569,1415.0900073242187,1447.2699090576173,None
RELINFRA,RELINFRA.NS,Reliance Infrastructure Ltd.,Power,30629257216.0,Utilities,Utilities - Independent Power Producers,2026-03-25,2026-03-25,73.11000061035156,75.75,73.0999984741211,74.91999816894531,72.51000213623047,3.323673923201631,1662736.0,2177896.45,0.7634596217832119,3.4598235137886633,0.960648400115085,29.499306177241564,108.83979827880859,221.19694946289061,None
RPOWER,RPOWER.NS,Reliance Power Ltd.,Power,94543724544.0,Utilities,Utilities - Independent Power Producers,2026-03-25,2026-03-25,21.68000030517578,23.299999237060547,21.6200008392334,22.8799991607666,21.399999618530273,6.915885834665136,68624024.0,51487409.65,1.3328311613750023,3.671218396926058,1.8838121536043364,44.73005484805347,26.295199966430665,42.518699951171875,None
SBFC,SBFC.NS,SBFC Finance Ltd.,Financial Services,94803116032.0,Financial Services,Credit Services,2026-03-25,2026-03-25,84.62000274658203,87.19999694824219,84.19999694824219,85.81999969482422,84.41000366210938,1.6704134244076352,1795883.0,1758697.1,1.0211440048431306,1.6880780854031134,0.9895356375109509,35.10739516167067,94.21659973144531,104.98394973754883,None
SBICARD,SBICARD.NS,SBI Cards and Payment Services Ltd.,Financial Services,669736239104.0,Financial Services,Credit Services,2026-03-25,2026-03-25,682.0,711.5499877929688,678.9500122070312,703.9500122070312,673.5,4.5211599416527415,883945.0,1427394.2,0.6192718171336271,2.2979358129786864,1.967487479901457,44.268593642173116,755.5141064453124,846.9901898193359,None
SBILIFE,SBILIFE.NS,SBI Life Insurance Company Ltd.,Financial Services,1869462634496.0,Financial Services,Insurance - Life,2026-03-25,2026-03-25,1845.300048828125,1867.4000244140625,1839.199951171875,1863.0,1836.0,1.4705882352941124,579794.0,1034456.75,0.5604816247755162,1.8705780024458878,0.786167822657614,37.415912902577254,1999.322001953125,1914.8983825683595,None
SJVN,SJVN.NS,SJVN Ltd.,Power,268994461696.0,Utilities,Utilities - Renewable,2026-03-25,2026-03-25,67.54000091552734,69.18000030517578,67.30000305175781,68.5,66.93000030517578,2.3457338826619045,2761377.0,5349848.45,0.5161598549581343,2.7998332164720563,0.8378120056799877,44.57158160694336,72.21136535644531,83.9640259552002,None
SRF,SRF.NS,SRF Ltd.,Chemicals,757780381696.0,Industrials,Conglomerates,2026-03-25,2026-03-25,2502.0,2559.800048828125,2484.800048828125,2557.5,2471.60009765625,3.4754773810377504,594406.0,612216.05,0.9709088809416218,2.8486305344724063,1.2200520000679702,48.185742601427314,2716.2341015625,2926.290880126953,None
SAGILITY,SAGILITY.NS,Sagility Ltd.,Information Technology,186738196480.0,Healthcare,Health Information Services,2026-03-25,2026-03-25,38.65999984741211,40.290000915527344,38.61000061035156,39.86000061035156,37.31999969482422,6.806004652458797,46069901.0,41768576.35,1.1029799199751753,3.9076326717816237,1.741720684650665,47.097012697839666,45.047000045776365,46.032606792449954,None
SAILIFE,SAILIFE.NS,Sai Life Sciences Ltd.,Healthcare,210752110592.0,Healthcare,Diagnostics & Research,2026-03-25,2026-03-25,1006.0,1029.800048828125,990.1500244140625,996.6500244140625,999.1500244140625,-0.2502126746647626,753176.0,727617.25,1.0351266411014857,2.705371872040916,0.0924873497986078,54.29881283277154,927.2999987792969,874.6490002441407,None
SAMMAANCAP,SAMMAANCAP.NS,Sammaan Capital Ltd.,Financial Services,120128577536.0,Financial Services,Mortgage Finance,2026-03-25,2026-03-25,144.0,155.52000427246094,143.0500030517578,147.3000030517578,138.50999450683594,6.346118614919205,80482980.0,13305692.4,6.048763009131339,3.152394172094434,2.01311075597595,54.64729431468364,144.6774005126953,144.36060028076173,None
MOTHERSON,MOTHERSON.NS,Samvardhana Motherson International Ltd.,Automobile and Auto Components,1211016675328.0,Consumer Cyclical,Auto Parts,2026-03-25,2026-03-25,113.0,115.6500015258789,112.1500015258789,114.56999969482422,111.12999725341797,3.09547604285616,10943822.0,19395189.5,0.5642544508265825,3.2148051937145388,0.9628813742457284,44.54603189025689,120.43759963989258,109.60726818084717,None
SAPPHIRE,SAPPHIRE.NS,Sapphire Foods India Ltd.,Consumer Services,51339702272.0,Consumer Cyclical,Restaurants,2026-03-25,2026-03-25,159.41000366210938,164.30999755859375,157.9499969482422,159.5399932861328,158.44000244140625,0.6942633348755223,440257.0,861621.45,0.5109633702828545,3.128490206672019,0.221916416230069,31.918722200115255,196.3871990966797,269.669549407959,None
SARDAEN,SARDAEN.NS,Sarda Energy and Minerals Ltd.,Metals & Mining,183625875456.0,Basic Materials,Steel,2026-03-25,2026-03-25,514.0,526.3499755859375,512.7000122070312,521.25,512.7000122070312,1.6676394752095813,192260.0,810757.45,0.23713627300001994,3.353442866134066,0.49729175112861795,50.59355287529617,509.5789990234375,512.9915145874023,None
SAREGAMA,SAREGAMA.NS,Saregama India Ltd,Media Entertainment & Publication,64855678976.0,Communication Services,Entertainment,2026-03-25,2026-03-25,340.75,344.0,336.79998779296875,337.0,339.5,-0.7363770250368162,89680.0,400119.5,0.22413304025422406,2.613432899274301,0.28176618777596846,48.920426862736235,337.9249981689453,421.38595840454104,None
SCHAEFFLER,SCHAEFFLER.NS,Schaeffler India Ltd.,Automobile and Auto Components,636155920384.0,Consumer Cyclical,Auto Parts,2026-03-25,2026-03-25,4011.5,4098.0,4011.5,4071.60009765625,3978.89990234375,2.3297946062401653,25806.0,165877.05,0.1555730584791567,3.2262455975966935,0.7221380194910407,52.3237748363911,3911.9739990234375,3975.6335034179688,None
SCHNEIDER,SCHNEIDER.NS,Schneider Electric Infrastructure Ltd.,Capital Goods,215169728512.0,Industrials,Electrical Equipment & Parts,2026-03-25,2026-03-25,899.7999877929688,912.0,888.0,899.9000244140625,895.3499755859375,0.5081866255870926,31450.0,111055.85,0.2831908449667442,2.6475282586249316,0.19194757371580753,57.063457871299114,797.6369995117187,814.5567510986328,None
SCI,SCI.NS,Shipping Corporation of India Ltd.,Services,109858701312.0,Industrials,Marine Shipping,2026-03-25,2026-03-25,233.0,239.8000030517578,232.10000610351562,236.0,230.3000030517578,2.475031208297973,1652844.0,3847271.55,0.42961459271051455,3.38265318390683,0.7316834075905501,48.00252228696032,236.5614859008789,223.03294303894043,None
SHREECEM,SHREECEM.NS,Shree Cement Ltd.,Construction Materials,868644028416.0,Basic Materials,Building Materials,2026-03-25,2026-03-25,23500.0,24140.0,23445.0,24090.0,23325.0,3.279742765273319,7561.0,32389.5,0.23343984933388906,2.21371457024185,1.481556298793753,45.43791216013968,25921.6,28136.60689453125,None
SHRIRAMFIN,SHRIRAMFIN.NS,Shriram Finance Ltd.,Financial Services,1795354132480.0,Financial Services,Credit Services,2026-03-25,2026-03-25,919.0,957.7000122070312,917.2999877929688,954.5,903.5999755859375,5.633026315771694,7182596.0,9195188.5,0.7811254766555357,3.753008853355212,1.5009360584736524,44.27824690736166,1017.6129931640625,795.7890701293945,None
SHYAMMETL,SHYAMMETL.NS,Shyam Metalics and Energy Ltd.,Capital Goods,225740619776.0,Basic Materials,Steel,2026-03-25,2026-03-25,794.9500122070312,815.4500122070312,787.7999877929688,811.3499755859375,787.3499755859375,3.0481997515957815,359402.0,199959.05,1.7973780131481922,2.006361246572964,1.5192676577073878,51.05168987991364,829.2620031738281,869.6365899658203,None
ENRIN,ENRIN.NS,Siemens Energy India Ltd.,Capital Goods,973882720256.0,Utilities,Utilities - Renewable,2026-03-25,2026-03-25,2715.0,2754.800048828125,2695.10009765625,2725.60009765625,2688.0,1.3988131568545281,148468.0,340708.65,0.43576234416120635,2.0737175212875822,0.6745437324491513,45.48275876260551,2664.650380859375,,None
SIEMENS,SIEMENS.NS,Siemens Ltd.,Capital Goods,1103973580800.0,Industrials,Specialty Industrial Machinery,2026-03-25,2026-03-25,3015.0,3113.10009765625,3015.0,3100.10009765625,3001.800048828125,3.274703418920266,152131.0,392218.65,0.3878729377096168,2.528894029960331,1.2949152396755963,46.03536386136739,3138.52400390625,3159.4430041503906,None
SIGNATURE,SIGNATURE.NS,Signatureglobal (India) Ltd.,Realty,107631190016.0,Real Estate,Real Estate - Development,2026-03-25,2026-03-25,755.5999755859375,775.5,746.9500122070312,767.7999877929688,741.6500244140625,3.5259168769752103,265704.0,398566.55,0.6666490200946367,2.7520264015920293,1.281207504017945,34.59576037688619,899.902001953125,1077.924502258301,None
SOBHA,SOBHA.NS,Sobha Ltd.,Realty,131875381248.0,Real Estate,Real Estate - Development,2026-03-25,2026-03-25,1205.5,1251.5999755859375,1202.0999755859375,1230.0,1205.5999755859375,2.0238905862787426,68795.0,122400.35,0.5620490464283803,2.544375097193687,0.7954371934039869,34.99927897583045,1411.7039990234375,1505.3525915527343,None
SOLARINDS,SOLARINDS.NS,Solar Industries India Ltd.,Chemicals,1178180517888.0,Basic Materials,Specialty Chemicals,2026-03-25,2026-03-25,12674.0,13258.0,12674.0,13022.0,12554.0,3.727895491476829,125555.0,223632.15,0.5614353750120454,2.4570804970374733,1.5172052751106813,42.02820392904486,13464.42,14118.8728125,None
SONACOMS,SONACOMS.NS,Sona BLW Precision Forgings Ltd.,Automobile and Auto Components,321308295168.0,Consumer Cyclical,Auto Parts,2026-03-25,2026-03-25,500.0,519.0,495.70001220703125,516.8499755859375,494.70001220703125,4.477453574356605,1052017.0,1464525.2,0.7183331498836619,2.6446235939925846,1.6930400169337516,53.23703198188519,504.52959594726565,475.2413162231445,None
SONATSOFTW,SONATSOFTW.NS,Sonata Software Ltd.,Information Technology,63807320064.0,Technology,Information Technology Services,2026-03-25,2026-03-25,228.5500030517578,235.6999969482422,228.5500030517578,230.0,227.8000030517578,0.9657580855002568,557325.0,961075.8,0.5798970278931173,2.139927393854032,0.45130413689453086,32.396804400302514,282.6732943725586,350.98079597473145,None
STARHEALTH,STARHEALTH.NS,Star Health and Allied Insurance Company Ltd.,Financial Services,272458891264.0,Financial Services,Insurance - Life,2026-03-25,2026-03-25,455.1000061035156,465.54998779296875,453.75,462.95001220703125,455.5,1.635567992762077,182890.0,546773.7,0.3344893874741964,1.4888545999581633,1.0985411153030231,53.26232841561692,456.99000061035156,456.57075073242186,None
SBIN,SBIN.NS,State Bank of India,Financial Services,9821377003520.0,Financial Services,Banks - Regional,2026-03-25,2026-03-25,1043.0,1065.5,1043.0,1064.5999755859375,1030.800048828125,3.2789993361213243,7172261.0,16371311.25,0.43809936116143416,1.801116537450251,1.820537021309702,42.39214372119045,1108.0929956054688,936.2067486572265,None
SAIL,SAIL.NS,Steel Authority of India Ltd.,Metals & Mining,615200456704.0,Basic Materials,Steel,2026-03-25,2026-03-25,147.99000549316406,150.99000549316406,145.9499969482422,148.9600067138672,145.72999572753906,2.216435243961068,10416145.0,21681412.7,0.48041818787942725,3.222601056995959,0.6877783519462947,45.71667675324501,154.7089993286133,137.52866760253906,None
SUMICHEM,SUMICHEM.NS,Sumitomo Chemical India Ltd.,Chemicals,192121192448.0,Basic Materials,Agricultural Inputs,2026-03-25,2026-03-25,379.1499938964844,387.70001220703125,372.1499938964844,384.8999938964844,379.1499938964844,1.5165502024430566,94045.0,255309.1,0.3683574146005763,1.5637936003414468,0.9697892369631933,43.14655674851479,406.67099914550784,494.5097779846191,None
SUNPHARMA,SUNPHARMA.NS,Sun Pharmaceutical Industries Ltd.,Healthcare,4292410081280.0,Healthcare,Drug Manufacturers - Specialty & Generic,2026-03-25,2026-03-25,1766.699951171875,1791.5999755859375,1755.5,1790.5,1753.300048828125,2.121710496542728,1053872.0,2807262.15,0.37540918649154303,1.3507506236160145,1.5707640325664425,56.03967020656422,1717.3797534179687,1686.0922314453126,None
SUNTV,SUNTV.NS,Sun TV Network Ltd.,Media Entertainment & Publication,241613258752.0,Communication Services,Broadcasting,2026-03-25,2026-03-25,634.9500122070312,649.3499755859375,612.1500244140625,613.2000122070312,616.2999877929688,-0.5029978334153196,987661.0,580874.05,1.700301468106554,3.0311970341664685,0.16594032909960144,58.08733170566775,574.63482421875,564.9136068725586,None
SUNDARMFIN,SUNDARMFIN.NS,Sundaram Finance Ltd.,Financial Services,526046789632.0,Financial Services,Credit Services,2026-03-25,2026-03-25,4678.5,4798.5,4632.0,4770.5,4649.5,2.602430368856856,17007.0,85072.75,0.19991125242806893,2.3938315530204957,1.0871401396531657,37.94291378647762,5208.855146484375,4884.2801440429685,None
SUNDRMFAST,SUNDRMFAST.NS,Sundram Fasteners Ltd.,Automobile and Auto Components,169899294720.0,Consumer Cyclical,Auto Parts,2026-03-25,2026-03-25,804.5,819.0,796.25,808.75,795.2999877929688,1.691187276936379,36402.0,303903.4,0.11978148319498892,1.5803632640429877,1.070125657445285,35.74046713808656,891.1170031738282,958.1166668701172,None
SUPREMEIND,SUPREMEIND.NS,Supreme Industries Ltd.,Capital Goods,492365676544.0,Industrials,Building Products & Equipment,2026-03-25,2026-03-25,3799.39990234375,3919.60009765625,3773.199951171875,3876.10009765625,3754.39990234375,3.2415352247512796,250838.0,292351.5,0.8580014126830202,2.3099059839235827,1.403319116583802,50.96697667578772,3763.7119873046877,3967.4836682128907,None
SUZLON,SUZLON.NS,Suzlon Energy Ltd.,Capital Goods,585760309248.0,Industrials,Specialty Industrial Machinery,2026-03-25,2026-03-25,41.5,42.849998474121094,41.43000030517578,42.72999954223633,41.040000915527344,4.117930285107718,44170992.0,73045458.9,0.6047055171557009,2.5536159992490073,1.6125879091918127,50.27593062390703,44.76279983520508,55.0429998588562,None
SWANCORP,SWANCORP.NS,Swan Corp Ltd.,Chemicals,104231641088.0,Industrials,Conglomerates,2026-03-25,2026-03-25,330.0,336.95001220703125,327.6499938964844,331.25,325.45001220703125,1.7821439776991577,748491.0,1319022.45,0.5674588783534352,3.106383204672576,0.5737038415023886,39.04828093705549,387.30200134277345,439.15416793823243,None
SWIGGY,SWIGGY.NS,Swiggy Ltd.,Consumer Services,713124741120.0,Consumer Cyclical,Internet Retail,2026-03-25,2026-03-25,282.1000061035156,288.75,272.04998779296875,274.8500061035156,275.75,-0.32638037950476484,9349765.0,11373079.6,0.8220961541498399,2.3001342842766186,0.14189622829234508,34.25081735130556,313.63599853515626,381.17525009155275,None
SYNGENE,SYNGENE.NS,Syngene International Ltd.,Healthcare,169396256768.0,Healthcare,Diagnostics & Research,2026-03-25,2026-03-25,402.0,423.29998779296875,402.0,421.75,398.8500061035156,5.74150521400294,1762657.0,1418551.45,1.2425753045474663,2.473605919268186,2.3211074849390556,47.4267834435252,465.15899963378905,604.0163801574707,None
SYRMA,SYRMA.NS,Syrma SGS Technology Ltd.,Capital Goods,157842276352.0,Technology,Electronic Components,2026-03-25,2026-03-25,801.0,831.9500122070312,795.5499877929688,818.5,790.9000244140625,3.4896920892605765,1326319.0,1270744.85,1.043733523688882,3.629696246002164,0.961428134132218,56.55851155946249,778.4730017089844,749.385530090332,None
TBOTEK,TBOTEK.NS,TBO Tek Ltd.,Consumer Services,117531762688.0,Consumer Cyclical,Travel Services,2026-03-25,2026-03-25,1071.0,1125.0,1070.0999755859375,1103.0,1059.300048828125,4.125361007980599,212131.0,136494.2,1.5541392967613274,2.881425433004713,1.4317084040168016,36.32032456617945,1338.80400390625,1469.7349987792968,None
TVSMOTOR,TVSMOTOR.NS,TVS Motor Company Ltd.,Automobile and Auto Components,1692993454080.0,Consumer Cyclical,Auto Manufacturers,2026-03-25,2026-03-25,3520.0,3577.60009765625,3503.0,3564.800048828125,3479.699951171875,2.445615968342052,550096.0,1077331.45,0.510609803510331,2.873483714750976,0.851097904535713,47.61713822235073,3690.6979931640626,3406.87599609375,None
TATACHEM,TATACHEM.NS,Tata Chemicals Ltd.,Chemicals,160623837184.0,Basic Materials,Chemicals,2026-03-25,2026-03-25,613.0,632.2000122070312,610.8499755859375,631.2000122070312,608.0999755859375,3.7987234909581336,297141.0,464003.4,0.6403853937277183,1.5050513808715698,2.5239825957026842,31.87743389123402,702.3569970703124,842.5816271972657,None
TATACOMM,TATACOMM.NS,Tata Communications Ltd.,Telecommunication,413107486720.0,Communication Services,Telecom Services,2026-03-25,2026-03-25,1418.0,1450.0,1411.9000244140625,1450.0,1407.300048828125,3.0341753492747925,82674.0,328529.2,0.25164886408879333,2.5098094726718996,1.208926566861931,43.64170105080408,1573.2519995117189,1702.1765814208984,None
TCS,TCS.NS,Tata Consultancy Services Ltd.,Information Technology,8728273747968.0,Technology,Information Technology Services,2026-03-25,2026-03-25,2400.89990234375,2421.60009765625,2390.300048828125,2413.0,2398.800048828125,0.5919606004181954,2296409.0,3414494.0,0.6725473818375431,1.3310133614060689,0.44474429602483806,32.37431623802479,2783.0890478515626,3018.7356884765627,None
TATACONSUM,TATACONSUM.NS,Tata Consumer Products Ltd.,Fast Moving Consumer Goods,1049773408256.0,Consumer Defensive,Packaged Foods,2026-03-25,2026-03-25,1053.0999755859375,1070.5999755859375,1050.5999755859375,1060.699951171875,1053.0999755859375,0.721676551336814,700441.0,1337877.3,0.5235465165602257,1.5306511731308987,0.47148335558430815,40.624725444819155,1132.0939916992188,1126.731001586914,None
TATAELXSI,TATAELXSI.NS,Tata Elxsi Ltd.,Information Technology,264399601664.0,Technology,Software - Application,2026-03-25,2026-03-25,4205.60009765625,4288.0,4187.5,4248.2001953125,4180.2001953125,1.6267163490459646,167081.0,340734.7,0.49035510618671946,2.087220483559724,0.7793696745787123,40.94689691979958,4867.522026367187,5449.057115478516,None
TATAINVEST,TATAINVEST.NS,Tata Investment Corporation Ltd.,Financial Services,301927432192.0,Financial Services,Asset Management,2026-03-25,2026-03-25,583.7999877929688,599.5999755859375,583.7999877929688,597.2000122070312,583.7999877929688,2.2953108417697488,244176.0,691692.65,0.353012280815764,2.3291949503057463,0.9854524377482659,41.28156446775326,635.9290051269531,711.5752508544922,None
TMPV,TMPV.NS,Tata Motors Passenger Vehicles Ltd.,Automobile and Auto Components,1177440223232.0,Consumer Cyclical,Auto Manufacturers,2026-03-25,2026-03-25,316.0,322.25,314.6000061035156,319.70001220703125,311.20001220703125,2.7313623607267745,4261874.0,11135852.5,0.38271645570018104,2.9336744819112783,0.9310379790150752,40.65774896059265,353.3120007324219,,None
TATAPOWER,TATAPOWER.NS,Tata Power Co. Ltd.,Power,1250016886784.0,Utilities,Utilities - Independent Power Producers,2026-03-25,2026-03-25,388.0,395.0,387.04998779296875,391.29998779296875,384.75,1.7024009858268352,3487114.0,8810969.95,0.3957695940161503,1.9373619311195276,0.8787211921951427,54.17246335020423,374.5729998779297,386.9600732421875,None
TATASTEEL,TATASTEEL.NS,Tata Steel Ltd.,Metals & Mining,2438994591744.0,Basic Materials,Steel,2026-03-25,2026-03-25,193.02999877929688,195.99000549316406,192.32000732421875,195.5800018310547,190.7899932861328,2.5106183308776453,16214647.0,36254062.65,0.4472504821469988,3.0709585909470767,0.8175357161372131,49.78510855357869,197.17820007324218,174.6710496520996,None
TATATECH,TATATECH.NS,Tata Technologies Ltd.,Information Technology,221705306112.0,Technology,Information Technology Services,2026-03-25,2026-03-25,534.9500122070312,548.2999877929688,534.75,546.7999877929688,530.4000244140625,3.0919989864298003,560432.0,1033669.65,0.5421770872347853,2.354240752342275,1.3133741667471845,44.15548755802535,601.4230029296875,667.6815264892579,None
TTML,TTML.NS,Tata Teleservices (Maharashtra) Ltd.,Telecommunication,69271470080.0,Communication Services,Telecom Services,2026-03-25,2026-03-25,35.0,35.869998931884766,34.68000030517578,35.470001220703125,34.63999938964844,2.3960792311755075,2404306.0,2694155.9,0.8924153201379327,3.0875052126360334,0.7760567403641064,35.307348945819726,41.897200164794924,53.42970001220703,None
TECHM,TECHM.NS,Tech Mahindra Ltd.,Information Technology,1260431212544.0,Technology,Information Technology Services,2026-03-25,2026-03-25,1422.4000244140625,1428.699951171875,1393.0,1421.699951171875,1432.699951171875,-0.7677811387515221,2485346.0,2086157.7,1.1913509702550291,1.6337600030093795,0.46994732233453645,51.901981599955874,1514.0880078125,1516.2486853027344,Death Cross
TECHNOE,TECHNOE.NS,Techno Electric & Engineering Company Ltd.,Construction,125836140544.0,Industrials,Engineering & Construction,2026-03-25,2026-03-25,1060.0,1093.199951171875,1054.9000244140625,1083.0999755859375,1049.699951171875,3.181863958055353,132437.0,220532.2,0.6005336182199243,2.5379049748283955,1.2537364438834042,48.93654384234516,1059.3389990234375,1277.970860900879,None
TEJASNET,TEJASNET.NS,Tejas Networks Ltd.,Telecommunication,75656151040.0,Technology,Communication Equipment,2026-03-25,2026-03-25,425.04998779296875,433.0,423.20001220703125,426.54998779296875,420.75,1.3784878890003016,2192437.0,34120183.95,0.06425630656660043,7.385708317810289,0.18664261160654594,52.325371406174305,377.33599609375,524.1478590393067,None
NIACL,NIACL.NS,The New India Assurance Company Ltd.,Financial Services,210790121472.0,Financial Services,Insurance - Diversified,2026-03-25,2026-03-25,125.0999984741211,128.89999389648438,124.69999694824219,127.94000244140625,124.72000122070312,2.5817841478409376,398116.0,504747.85,0.7887423393680627,2.2606090524901155,1.1420745860488526,35.16000672826212,144.16739944458007,172.06580570220947,None
RAMCOCEM,RAMCOCEM.NS,The Ramco Cements Ltd.,Construction Materials,219940945920.0,Basic Materials,Building Materials,2026-03-25,2026-03-25,909.0,937.7000122070312,901.0999755859375,930.5,897.5,3.676880222841228,173161.0,186855.0,0.9267132268336411,2.5664851180003136,1.4326520723042737,34.93458215753111,1076.7700061035157,1063.1604986572265,None
THERMAX,THERMAX.NS,Thermax Ltd.,Capital Goods,366332739584.0,Industrials,Conglomerates,2026-03-25,2026-03-25,3205.5,3301.800048828125,3203.5,3252.0,3191.60009765625,1.8924646100902276,109692.0,173522.7,0.6321478400232361,2.1000178240292255,0.9011659750864527,57.78748635819813,3036.3419921875,3201.9208154296875,None
TIMKEN,TIMKEN.NS,Timken India Ltd.,Capital Goods,246982262784.0,Industrials,Tools & Accessories,2026-03-25,2026-03-25,3200.0,3278.5,3154.300048828125,3276.699951171875,3136.699951171875,4.46328951379924,15940.0,74248.7,0.21468389345537364,2.7884428726818924,1.600638678140284,50.90947113844497,3189.626005859375,3122.9020874023436,None
TITAGARH,TITAGARH.NS,Titagarh Rail Systems Ltd.,Capital Goods,85457231872.0,Industrials,Railroads,2026-03-25,2026-03-25,626.0,640.6500244140625,624.5999755859375,635.2999877929688,616.2999877929688,3.0829142262424725,361262.0,671194.0,0.538237826917404,2.8650817573248775,1.076030105724098,40.5050284147103,730.6689978027343,837.364161682129,None
TITAN,TITAN.NS,Titan Company Ltd.,Consumer Durables,3628369707008.0,Consumer Cyclical,Luxury Goods,2026-03-25,2026-03-25,3950.0,4094.199951171875,3940.5,4090.0,3899.5,4.885241697653542,606505.0,849958.95,0.7135697553393608,2.22483430603147,2.1957777639484317,48.42215731895882,4148.736020507812,3781.482556152344,None
TORNTPHARM,TORNTPHARM.NS,Torrent Pharmaceuticals Ltd.,Healthcare,1460222820352.0,Healthcare,Drug Manufacturers - Specialty & Generic,2026-03-25,2026-03-25,4277.89990234375,4326.60009765625,4231.0,4316.10009765625,4256.60009765625,1.3978292213252974,111967.0,340422.3,0.3289061850530944,1.2192473869322424,1.14646890885892,54.21290475658975,4160.431333007812,3721.8518872070313,None
TORNTPOWER,TORNTPOWER.NS,Torrent Power Ltd.,Power,708891574272.0,Utilities,Utilities - Independent Power Producers,2026-03-25,2026-03-25,1371.0,1417.800048828125,1371.0,1405.699951171875,1366.300048828125,2.8836932544607174,225836.0,560273.3,0.40308185308848377,2.5579747718843904,1.1273345171955622,44.53539348003188,1423.8674047851562,1337.5977264404296,None
TARIL,TARIL.NS,Transformers And Rectifiers (India) Ltd.,Capital Goods,85607292928.0,Industrials,Electrical Equipment & Parts,2026-03-25,2026-03-25,284.0,289.6000061035156,280.45001220703125,285.45001220703125,279.8500061035156,2.0010741402107346,1855384.0,4106012.8,0.45186999904140585,3.901265041397616,0.5129295546384759,50.87103630258955,273.710397644043,394.4408492279053,None
TRENT,TRENT.NS,Trent Ltd.,Consumer Services,1250178367488.0,Consumer Cyclical,Apparel Retail,2026-03-25,2026-03-25,3415.60009765625,3520.0,3390.0,3515.199951171875,3365.60009765625,4.44496818323139,553767.0,818585.65,0.6764924354586475,2.432636135731437,1.827222788456561,40.62984743606702,3854.1579931640626,4668.235737304687,None
TRIDENT,TRIDENT.NS,Trident Ltd.,Textiles,129567924224.0,Consumer Cyclical,Textile Manufacturing,2026-03-25,2026-03-25,25.389999389648438,25.579999923706055,25.059999465942383,25.450000762939453,25.40999984741211,0.15742194320169656,5755477.0,15962152.75,0.36057022446424086,3.264945568064354,0.04821579408290878,55.736747109765574,25.43060012817383,28.002750005722046,None
TRIVENI,TRIVENI.NS,Triveni Engineering & Industries Ltd.,Fast Moving Consumer Goods,86279045120.0,Consumer Defensive,Confectioners,2026-03-25,2026-03-25,373.1000061035156,394.79998779296875,372.04998779296875,393.8500061035156,370.29998779296875,6.359713499022179,520715.0,497735.95,1.0461671494695128,3.03723598669651,2.0939148379903814,60.84546994211676,366.870341796875,362.13574142456054,None
TRITURBINE,TRITURBINE.NS,Triveni Turbine Ltd.,Capital Goods,144831610880.0,Industrials,Specialty Industrial Machinery,2026-03-25,2026-03-25,452.95001220703125,456.8500061035156,446.29998779296875,455.75,444.04998779296875,2.634841240551089,93624.0,302122.05,0.30988800718120374,2.159883671193269,1.2198996064891867,43.164533585266575,481.9509454345703,534.2245108032226,None
TIINDIA,TIINDIA.NS,Tube Investments of India Ltd.,Automobile and Auto Components,513590853632.0,Industrials,Conglomerates,2026-03-25,2026-03-25,2581.39990234375,2686.0,2576.300048828125,2656.0,2568.60009765625,3.40262785256058,113309.0,583198.2,0.19428900843658298,2.6685043405905824,1.275106733312461,56.48619581938602,2486.323359375,2833.5514001464844,None
UCOBANK,UCOBANK.NS,UCO Bank,Financial Services,309811970048.0,Financial Services,Banks - Regional,2026-03-25,2026-03-25,24.25,24.719999313354492,24.100000381469727,24.670000076293945,23.979999542236328,2.877400113550088,3807285.0,8651992.05,0.4400472143290977,2.678500738116729,1.074257726571771,37.27858984236823,27.909000053405762,29.776050024032592,None
UNOMINDA,UNOMINDA.NS,UNO Minda Ltd.,Automobile and Auto Components,633478381568.0,Consumer Cyclical,Auto Parts,2026-03-25,2026-03-25,1076.0,1104.0,1076.0,1095.199951171875,1071.4000244140625,2.221385683729893,875516.0,1042345.55,0.8399479424073907,2.95243245312773,0.7523917037887233,47.97035968059598,1151.868135986328,1196.059245300293,None
UPL,UPL.NS,UPL Ltd.,Chemicals,527922200576.0,Basic Materials,Agricultural Inputs,2026-03-25,2026-03-25,625.0,632.8499755859375,623.0999755859375,624.6500244140625,620.4500122070312,0.6769299902326109,737962.0,2738372.1,0.26948930716902936,2.009245377579949,0.33690757624036166,43.447641244267125,689.0090002441407,703.6029638671876,None
UTIAMC,UTIAMC.NS,UTI Asset Management Company Ltd.,Financial Services,124707487744.0,Financial Services,Asset Management,2026-03-25,2026-03-25,931.0,977.0,931.0,969.25,928.7000122070312,4.36631713793163,57781.0,82668.45,0.6989486315516984,2.3695204308708733,1.8427007765140355,47.014659693775435,1018.1449951171875,1200.2358721923829,None
ULTRACEMCO,ULTRACEMCO.NS,UltraTech Cement Ltd.,Construction Materials,3277097009152.0,Basic Materials,Building Materials,2026-03-25,2026-03-25,10801.0,11178.0,10801.0,11151.0,10764.0,3.5953177257525004,235567.0,380592.35,0.6189483314627843,3.0130971517062686,1.1932299374139097,43.475764571248625,12222.56,12103.561401367188,None
UNIONBANK,UNIONBANK.NS,Union Bank of India,Financial Services,1389524942848.0,Financial Services,Banks - Regional,2026-03-25,2026-03-25,176.00999450683594,182.1999969482422,175.52000427246094,181.9499969482422,173.82000732421875,4.677246163532223,8847201.0,16120791.65,0.5488068571371928,2.972048892982884,1.5737446899259873,51.009275614448754,181.87460052490235,152.84314098358155,None
UBL,UBL.NS,United Breweries Ltd.,Fast Moving Consumer Goods,428838715392.0,Consumer Defensive,Beverages - Brewers,2026-03-25,2026-03-25,1599.0,1631.699951171875,1599.0,1622.9000244140625,1583.9000244140625,2.4622766209267066,41945.0,219752.05,0.1908742148252997,2.139480104785603,1.1508761476300107,52.5811983258411,1569.26,1756.8685833740235,None
UNITDSPR,UNITDSPR.NS,United Spirits Ltd.,Fast Moving Consumer Goods,953404751872.0,Consumer Defensive,Beverages - Wineries & Distilleries,2026-03-25,2026-03-25,1337.9000244140625,1345.4000244140625,1305.0,1310.699951171875,1328.0,-1.3027145201901402,1850560.0,1193920.55,1.549985884739148,2.401682083182514,0.5424175536438565,44.76304594897502,1356.2747583007813,1369.0205908203125,None
USHAMART,USHAMART.NS,Usha Martin Ltd.,Capital Goods,125444177920.0,Basic Materials,Steel,2026-03-25,2026-03-25,399.8999938964844,414.45001220703125,395.54998779296875,411.3999938964844,393.3500061035156,4.588785436097997,192297.0,846722.45,0.22710747778094229,2.6885898696552646,1.706762897491085,50.66228337796086,414.6749981689453,409.6219583129883,None
VGUARD,VGUARD.NS,V-Guard Industries Ltd.,Consumer Durables,144299180032.0,Industrials,Electrical Equipment & Parts,2026-03-25,2026-03-25,324.79998779296875,331.3500061035156,324.1499938964844,330.70001220703125,324.79998779296875,1.8165100479693441,76242.0,161024.4,0.47348103765640487,1.6727634969184082,1.0859335771708003,57.30914066067084,321.8080010986328,352.45598663330077,None
DBREALTY,DBREALTY.NS,Valor Estate Ltd.,Consumer Services,52743634944.0,Real Estate,Real Estate - Development,2026-03-25,2026-03-25,94.0999984741211,99.9000015258789,94.0999984741211,97.23999786376953,93.13999938964844,4.40197391130408,2274984.0,1926394.15,1.1809545829445132,3.3127713292825924,1.3287889424765589,41.64082870721527,108.74659927368164,153.2906000518799,None
VTL,VTL.NS,Vardhman Textiles Ltd.,Textiles,155349352448.0,Consumer Cyclical,Textile Manufacturing,2026-03-25,2026-03-25,534.0,540.5999755859375,534.0,537.0999755859375,534.5999755859375,0.4676393778843657,91847.0,513701.3,0.17879456407838562,1.597505632697536,0.29273097278205734,55.08200800048325,495.0419982910156,453.60179092407225,None
VBL,VBL.NS,Varun Beverages Ltd.,Fast Moving Consumer Goods,1372622946304.0,Consumer Defensive,Beverages - Non-Alcoholic,2026-03-25,2026-03-25,394.8999938964844,406.0,391.1000061035156,405.70001220703125,388.3500061035156,4.467620916913528,4924347.0,6043531.55,0.8148128224795981,2.5116780791895996,1.7787394626444404,40.84798015830134,449.7899993896484,468.4788591003418,None
MANYAVAR,MANYAVAR.NS,Vedant Fashions Ltd.,Consumer Services,86413385728.0,Consumer Cyclical,Apparel Manufacturing,2026-03-25,2026-03-25,353.20001220703125,359.1000061035156,348.20001220703125,356.0,350.95001220703125,1.4389478892480323,280437.0,661453.2,0.42397103831382177,3.095561421676387,0.464842299420044,38.207093321158354,432.48000244140627,630.9601879882813,None
VEDL,VEDL.NS,Vedanta Ltd.,Metals & Mining,2611635027968.0,Basic Materials,Other Industrial Metals & Mining,2026-03-25,2026-03-25,661.0,669.0,659.0,668.25,651.5999755859375,2.5552524613111416,6000465.0,14706974.6,0.4080013165998125,2.3845483116318764,1.071587624728158,45.173681936577346,689.5220007324219,532.136590423584,None
VENTIVE,VENTIVE.NS,Ventive Hospitality Ltd.,Consumer Services,146243764224.0,Consumer Cyclical,Lodging,2026-03-25,2026-03-25,638.7999877929688,639.5,622.5999755859375,626.0499877929688,627.2000122070312,-0.18335848081630912,63523.0,83157.0,0.7638923963105932,1.5081324787263664,0.1215798236579039,27.589938361817374,717.252001953125,731.9700003051757,None
VIJAYA,VIJAYA.NS,Vijaya Diagnostic Centre Ltd.,Healthcare,92216025088.0,Healthcare,Diagnostics & Research,2026-03-25,2026-03-25,890.0,909.0,885.2000122070312,896.2000122070312,888.7999877929688,0.8325860166175314,28565.0,104407.65,0.2735910634900795,1.6308549206355198,0.5105212033778487,34.282903922751515,970.062001953125,1006.9014874267579,None
VMM,VMM.NS,Vishal Mega Mart Ltd.,Consumer Services,507780988928.0,Consumer Cyclical,Department Stores,2026-03-25,2026-03-25,108.19999694824219,110.2699966430664,107.45999908447266,108.45999908447266,106.93000030517578,1.430841461638721,4868606.0,57034789.5,0.0853620403034888,3.7078784312720394,0.3858922260155792,46.45104316284934,117.98300018310547,134.33294998168947,None
IDEA,IDEA.NS,Vodafone Idea Ltd.,Telecommunication,985921617920.0,Communication Services,Telecom Services,2026-03-25,2026-03-25,9.0,9.170000076293945,8.970000267028809,9.109999656677246,8.880000114440918,2.590084901714085,227052140.0,477876367.2,0.47512736679228695,2.876613660063455,0.9003937294996195,38.87118472870857,10.446800041198731,9.085300025939942,None
VOLTAS,VOLTAS.NS,Voltas Ltd.,Consumer Durables,448878215168.0,Consumer Cyclical,"Furnishings, Fixtures & Appliances",2026-03-25,2026-03-25,1317.699951171875,1363.199951171875,1317.699951171875,1357.0,1302.0999755859375,4.216267985824795,448495.0,1009327.25,0.4443504324291254,2.8711027036285133,1.4685186916149868,43.14750448204381,1431.9400048828124,1383.1498150634766,None
WAAREEENER,WAAREEENER.NS,Waaree Energies Ltd.,Capital Goods,913288658944.0,Technology,Solar,2026-03-25,2026-03-25,3142.0,3183.0,3128.10009765625,3174.5,3086.699951171875,2.844463349759385,899942.0,2874760.75,0.3130493554985402,3.7767652515273635,0.7531480408026563,65.31187269041263,2846.2880078125,3083.701778564453,None
WELCORP,WELCORP.NS,Welspun Corp Ltd.,Capital Goods,220351004672.0,Basic Materials,Steel,2026-03-25,2026-03-25,815.0,837.25,806.0,836.2000122070312,802.2000122070312,4.238344487986034,273864.0,502409.35,0.5451013202680245,3.0106762545609422,1.407771586720847,55.99123249881892,792.322001953125,852.2304064941407,None
WELSPUNLIV,WELSPUNLIV.NS,Welspun Living Ltd.,Textiles,110239039488.0,Consumer Cyclical,Textile Manufacturing,2026-03-25,2026-03-25,113.98999786376953,115.9000015258789,113.62999725341797,115.01000213623047,113.08000183105469,1.7067565209799573,914519.0,1923230.5,0.47551190561921725,2.6935060614491055,0.6336560906277384,43.223125382296324,125.94940093994141,128.37449962615966,None
WHIRLPOOL,WHIRLPOOL.NS,Whirlpool of India Ltd.,Consumer Durables,101986844672.0,Consumer Cyclical,"Furnishings, Fixtures & Appliances",2026-03-25,2026-03-25,807.4500122070312,813.75,796.4500122070312,803.9500122070312,798.4500122070312,0.6888346065393902,185683.0,317023.1,0.5857081077057161,2.444746522316035,0.28176115611643104,39.87862175800883,849.9679992675781,1136.4493194580077,None
WIPRO,WIPRO.NS,Wipro Ltd.,Information Technology,1995009425408.0,Technology,Information Technology Services,2026-03-25,2026-03-25,189.0,190.6199951171875,187.89999389648438,190.25,188.74000549316406,0.8000394526271437,6567189.0,16051406.85,0.4091347918204441,1.3932825306650722,0.5742119311904753,33.68275924583064,216.82517974853516,238.45742195129395,None
WOCKPHARMA,WOCKPHARMA.NS,Wockhardt Ltd.,Healthcare,195884318720.0,Healthcare,Drug Manufacturers - Specialty & Generic,2026-03-25,2026-03-25,1155.9000244140625,1246.5,1144.699951171875,1206.4000244140625,1138.800048828125,5.93607066099977,1593380.0,529755.65,3.007764051218708,3.174624465215498,1.8698497179876115,42.79981213529264,1333.1499926757813,1454.8774975585939,None
YESBANK,YESBANK.NS,Yes Bank Ltd.,Financial Services,581153128448.0,Financial Services,Banks - Regional,2026-03-25,2026-03-25,18.219999313354492,18.559999465942383,18.200000762939453,18.530000686645508,18.06999969482422,2.5456613148313822,46517624.0,96638548.9,0.4813568139163149,2.029029543124861,1.2546201327906092,38.323367871634545,20.67099994659424,21.015899991989137,None
ZFCVINDIA,ZFCVINDIA.NS,ZF Commercial Vehicle Control Systems India Ltd.,Automobile and Auto Components,257029734400.0,Consumer Cyclical,Auto Parts,2026-03-25,2026-03-25,13191.0,13768.0,13191.0,13551.0,13191.0,2.729133500113723,4602.0,13165.3,0.3495552702938786,1.901307387947395,1.4353983566329214,40.01498444070145,14547.54,13829.655556640624,None
ZEEL,ZEEL.NS,Zee Entertainment Enterprises Ltd.,Media Entertainment & Publication,72922636288.0,Communication Services,Broadcasting,2026-03-25,2026-03-25,72.01000213623047,77.27999877929688,71.72000122070312,75.97000122070312,71.51000213623047,6.236888478867764,16511103.0,9771422.1,1.6897338822360362,3.037017013465271,2.053623160889508,42.061761963742725,84.67300003051758,105.5438394165039,None
ZENTEC,ZENTEC.NS,Zen Technologies Ltd.,Capital Goods,124102057984.0,Industrials,Aerospace & Defense,2026-03-25,2026-03-25,1370.0,1383.800048828125,1365.0,1380.0,1364.0999755859375,1.1656055053613557,159823.0,641484.7,0.24914545896418108,2.1150786444325766,0.5510932221974464,49.414747963687994,1352.04,1492.0623400878906,None
ZENSARTECH,ZENSARTECH.NS,Zensar Technolgies Ltd.,Information Technology,124783190016.0,Technology,Information Technology Services,2026-03-25,2026-03-25,545.0,555.4000244140625,542.25,550.2999877929688,544.5999755859375,1.0466420239733987,190205.0,435765.55,0.43648471064314287,2.023930344131054,0.5171334216162266,41.847271620102276,609.3238195800782,735.9665023803711,None
ZYDUSLIFE,ZYDUSLIFE.NS,Zydus Lifesciences Ltd.,Healthcare,914413191168.0,Healthcare,Drug Manufacturers - Specialty & Generic,2026-03-25,2026-03-25,888.0499877929688,909.0499877929688,886.5,908.8499755859375,886.4000244140625,2.5327110281517795,186455.0,632328.75,0.2948703502727023,1.8416877890241834,1.3752119350770817,52.435325637723196,898.9000036621094,949.6262103271484,None
ECLERX,ECLERX.NS,eClerx Services Ltd.,Services,139309924352.0,Technology,Information Technology Services,2026-03-25,2026-03-25,1461.4000244140625,1502.5999755859375,1453.9000244140625,1494.9000244140625,1461.4000244140625,2.2923223922506564,55527.0,257827.8,0.2153646736310049,2.844985897151223,0.8057412145859961,37.27799625717861,1868.5660083007813,2032.962977294922,None
